git_commit,timestamp,host_name,num_cpus,mhz_per_cpu,cpu_scaling_enabled,memory_gb,load_avg_1m,dataset_size,bench_name,run_type,aggregate_name,iterations,real_time_ns,cpu_time_ns,ops_per_us,scans_per_us,lat_p50_ns,lat_p99_ns
bd497cd,2026-04-07T11:16:18+01:00,linuxpc,16,4427,True,31.26,1.37451,50000,ByteCask/Put/NoSync/real_time,iteration,,127396,5730.525157663956,5701.112515306604,174504.0764130681,,5180.0,10460.0
bd497cd,2026-04-07T11:16:18+01:00,linuxpc,16,4427,True,31.26,1.37451,50000,ByteCask/Put/NoSync/real_time,iteration,,127396,7263.748563703473,6072.931481365191,137669.96354980423,,5200.0,11290.0
bd497cd,2026-04-07T11:16:18+01:00,linuxpc,16,4427,True,31.26,1.37451,50000,ByteCask/Put/NoSync/real_time,iteration,,127396,5547.290283961089,5521.2595842883575,180268.19380469515,,5090.0,10200.0
bd497cd,2026-04-07T11:16:18+01:00,linuxpc,16,4427,True,31.26,1.37451,50000,ByteCask/Put/NoSync/real_time_mean,aggregate,mean,3,6180.521335109505,5765.101193653384,164147.4112558558,,5156.666666666666,10650.0
bd497cd,2026-04-07T11:16:18+01:00,linuxpc,16,4427,True,31.26,1.37451,50000,ByteCask/Put/NoSync/real_time_median,aggregate,median,3,5730.525157663956,5701.112515306603,174504.0764130681,,5180.0,10460.0
bd497cd,2026-04-07T11:16:18+01:00,linuxpc,16,4427,True,31.26,1.37451,50000,ByteCask/Put/NoSync/real_time_stddev,aggregate,stddev,3,942.5654758746305,281.347443072625,23110.553651873935,,58.59465277090792,569.2978130995982
bd497cd,2026-04-07T11:16:18+01:00,linuxpc,16,4427,True,31.26,1.37451,50000,ByteCask/Put/NoSync/real_time_cv,aggregate,cv,3,0.15250582026474474,0.0488018221401476,0.1407914597925131,,0.011362893232884537,0.053455193718272134
bd497cd,2026-04-07T11:16:18+01:00,linuxpc,16,4427,True,31.26,1.37451,50000,ByteCask/Put/Sync/real_time,iteration,,350,1984482.5629011863,213517.6085714287,503.9096934860764,,1930033.0,2901215.0
bd497cd,2026-04-07T11:16:18+01:00,linuxpc,16,4427,True,31.26,1.37451,50000,ByteCask/Put/Sync/real_time,iteration,,350,2099193.0799625283,252980.78285714303,476.3735215904249,,2035545.0,4339032.0
bd497cd,2026-04-07T11:16:18+01:00,linuxpc,16,4427,True,31.26,1.37451,50000,ByteCask/Put/Sync/real_time,iteration,,350,2052171.7172648225,223201.1428571428,487.28865698082075,,2008564.0,2903424.0
bd497cd,2026-04-07T11:16:18+01:00,linuxpc,16,4427,True,31.26,1.37451,50000,ByteCask/Put/Sync/real_time_mean,aggregate,mean,3,2045282.4533761789,229899.84476190482,489.1906240191073,,1991380.6666666665,3381223.6666666665
bd497cd,2026-04-07T11:16:18+01:00,linuxpc,16,4427,True,31.26,1.37451,50000,ByteCask/Put/Sync/real_time_median,aggregate,median,3,2052171.7172648227,223201.1428571428,487.28865698082075,,2008564.0,2903424.0
bd497cd,2026-04-07T11:16:18+01:00,linuxpc,16,4427,True,31.26,1.37451,50000,ByteCask/Put/Sync/real_time_stddev,aggregate,stddev,3,57664.7392157129,20566.720365260626,13.866264804474433,,54814.64899398463,829487.0839695649
bd497cd,2026-04-07T11:16:18+01:00,linuxpc,16,4427,True,31.26,1.37451,50000,ByteCask/Put/Sync/real_time_cv,aggregate,cv,3,0.028194022356435335,0.08945947913344829,0.028345320052439987,,0.027525952175551552,0.2453215657239568
bd497cd,2026-04-07T11:16:18+01:00,linuxpc,16,4427,True,31.26,1.37451,50000,ByteCask/Del/Sync/real_time,iteration,,386,1576773.5700241239,174492.1917098448,634.2064701050897,,1997634.0,3289089.0
bd497cd,2026-04-07T11:16:18+01:00,linuxpc,16,4427,True,31.26,1.37451,50000,ByteCask/Del/Sync/real_time,iteration,,386,144.4067224532057,144.19689119203096,6924885.372452416,,100.0,170.0
bd497cd,2026-04-07T11:16:18+01:00,linuxpc,16,4427,True,31.26,1.37451,50000,ByteCask/Del/Sync/real_time,iteration,,386,137.79789098379217,137.77202072564,7257005.117136519,,100.0,110.0
bd497cd,2026-04-07T11:16:18+01:00,linuxpc,16,4427,True,31.26,1.37451,50000,ByteCask/Del/Sync/real_time_mean,aggregate,mean,3,525685.2582125202,58258.05354058748,4727508.23201968,,665944.6666666666,1096456.3333333333
bd497cd,2026-04-07T11:16:18+01:00,linuxpc,16,4427,True,31.26,1.37451,50000,ByteCask/Del/Sync/real_time_median,aggregate,median,3,144.4067224532057,144.19689119203096,6924885.372452416,,100.0,170.0
bd497cd,2026-04-07T11:16:18+01:00,linuxpc,16,4427,True,31.26,1.37451,50000,ByteCask/Del/Sync/real_time_stddev,aggregate,stddev,3,910269.1796557456,100661.7164928268,4096959.777843041,,1153276.79261543,1898875.5907379328
bd497cd,2026-04-07T11:16:18+01:00,linuxpc,16,4427,True,31.26,1.37451,50000,ByteCask/Del/Sync/real_time_cv,aggregate,cv,3,1.731585897521495,1.7278592464936602,0.8666213947749687,,1.7317907182710326,1.731829652499856
bd497cd,2026-04-07T11:16:18+01:00,linuxpc,16,4427,True,31.26,1.37451,50000,ByteCask/Get/real_time,iteration,,831743,821.7434892707709,817.2885254219152,1216924.761871149,,750.0,1270.0
bd497cd,2026-04-07T11:16:18+01:00,linuxpc,16,4427,True,31.26,1.37451,50000,ByteCask/Get/real_time,iteration,,831743,795.2973478726772,791.2401462951893,1257391.3425901358,,740.0,1150.0
bd497cd,2026-04-07T11:16:18+01:00,linuxpc,16,4427,True,31.26,1.37451,50000,ByteCask/Get/real_time,iteration,,831743,741.3697920872556,737.9969425651911,1348854.5266790485,,680.0,1150.0
bd497cd,2026-04-07T11:16:18+01:00,linuxpc,16,4427,True,31.26,1.37451,50000,ByteCask/Get/real_time_mean,aggregate,mean,3,786.1368764102345,782.1752047607652,1274390.2103801111,,723.3333333333333,1190.0
bd497cd,2026-04-07T11:16:18+01:00,linuxpc,16,4427,True,31.26,1.37451,50000,ByteCask/Get/real_time_median,aggregate,median,3,795.2973478726773,791.2401462951893,1257391.3425901358,,740.0,1150.0
bd497cd,2026-04-07T11:16:18+01:00,linuxpc,16,4427,True,31.26,1.37451,50000,ByteCask/Get/real_time_stddev,aggregate,stddev,3,40.96240322292615,40.41557437112616,67587.62342450433,,37.8593889720031,69.2820323027551
bd497cd,2026-04-07T11:16:18+01:00,linuxpc,16,4427,True,31.26,1.37451,50000,ByteCask/Get/real_time_cv,aggregate,cv,3,0.052105942937029304,0.051670743492166306,0.05303526570903667,,0.052340169085718584,0.05822019521239924
bd497cd,2026-04-07T11:16:18+01:00,linuxpc,16,4427,True,31.26,1.37451,50000,ByteCask/Range50/real_time,iteration,,21394,32386.161399743334,32256.958493035407,,30877.3857962656,32041.0,38701.0
bd497cd,2026-04-07T11:16:18+01:00,linuxpc,16,4427,True,31.26,1.37451,50000,ByteCask/Range50/real_time,iteration,,21394,34148.85664100678,33949.03949705525,,29283.55729483416,32200.0,49890.0
bd497cd,2026-04-07T11:16:18+01:00,linuxpc,16,4427,True,31.26,1.37451,50000,ByteCask/Range50/real_time,iteration,,21394,33640.510329725585,33498.724408712726,,29726.06509825671,32341.0,40630.0
bd497cd,2026-04-07T11:16:18+01:00,linuxpc,16,4427,True,31.26,1.37451,50000,ByteCask/Range50/real_time_mean,aggregate,mean,3,33391.84279015856,33234.90746626778,,29962.336063118826,32194.0,43073.666666666664
bd497cd,2026-04-07T11:16:18+01:00,linuxpc,16,4427,True,31.26,1.37451,50000,ByteCask/Range50/real_time_median,aggregate,median,3,33640.51032972558,33498.72440871272,,29726.06509825671,32200.0,40630.0
bd497cd,2026-04-07T11:16:18+01:00,linuxpc,16,4427,True,31.26,1.37451,50000,ByteCask/Range50/real_time_stddev,aggregate,stddev,3,907.2763015307751,876.3470005550436,,822.7638176422347,150.08997301618786,5981.392842251157
bd497cd,2026-04-07T11:16:18+01:00,linuxpc,16,4427,True,31.26,1.37451,50000,ByteCask/Range50/real_time_cv,aggregate,cv,3,0.027170596939866194,0.02636826961063465,,0.027459935564069362,0.004662047990811575,0.1388642598861909
bd497cd,2026-04-07T11:16:18+01:00,linuxpc,16,4427,True,31.26,1.37451,50000,ByteCask/Mixed/Sync/real_time,iteration,,1716,304740.7528975466,33924.45687645675,3281.477749502701,,830.0,2125405.0
bd497cd,2026-04-07T11:16:18+01:00,linuxpc,16,4427,True,31.26,1.37451,50000,ByteCask/Mixed/Sync/real_time,iteration,,1716,214132.0227011973,26402.488927738195,4670.016130167572,,830.0,2142485.0
bd497cd,2026-04-07T11:16:18+01:00,linuxpc,16,4427,True,31.26,1.37451,50000,ByteCask/Mixed/Sync/real_time,iteration,,1716,206521.7622424452,24384.7803030301,4842.104721274143,,810.0,2113596.0
bd497cd,2026-04-07T11:16:18+01:00,linuxpc,16,4427,True,31.26,1.37451,50000,ByteCask/Mixed/Sync/real_time_mean,aggregate,mean,3,241798.17928039635,28237.24203574168,4264.532866981472,,823.3333333333333,2127162.0
bd497cd,2026-04-07T11:16:18+01:00,linuxpc,16,4427,True,31.26,1.37451,50000,ByteCask/Mixed/Sync/real_time_median,aggregate,median,3,214132.0227011973,26402.48892773819,4670.016130167572,,830.0,2125405.0
bd497cd,2026-04-07T11:16:18+01:00,linuxpc,16,4427,True,31.26,1.37451,50000,ByteCask/Mixed/Sync/real_time_stddev,aggregate,stddev,3,54642.517294002,5027.533839457744,855.6878191245702,,11.547005383799236,14524.423121040762
bd497cd,2026-04-07T11:16:18+01:00,linuxpc,16,4427,True,31.26,1.37451,50000,ByteCask/Mixed/Sync/real_time_cv,aggregate,cv,3,0.22598398985724746,0.17804620695937914,0.20065218062916337,,0.014024702895302717,0.006828075680667839
bd497cd,2026-04-07T11:16:18+01:00,linuxpc,16,4427,True,31.26,1.37451,50000,ByteCask/Recovery/Parallel/1/real_time,iteration,,56,13899878.947995603,11746100.500000102,,,,
bd497cd,2026-04-07T11:16:18+01:00,linuxpc,16,4427,True,31.26,1.37451,50000,ByteCask/Recovery/Parallel/1/real_time,iteration,,56,15497973.070263728,13251936.64285724,,,,
bd497cd,2026-04-07T11:16:18+01:00,linuxpc,16,4427,True,31.26,1.37451,50000,ByteCask/Recovery/Parallel/1/real_time,iteration,,56,16833799.004546434,14957703.999999993,,,,
bd497cd,2026-04-07T11:16:18+01:00,linuxpc,16,4427,True,31.26,1.37451,50000,ByteCask/Recovery/Parallel/1/real_time_mean,aggregate,mean,3,15410550.340935254,13318580.380952446,,,,
bd497cd,2026-04-07T11:16:18+01:00,linuxpc,16,4427,True,31.26,1.37451,50000,ByteCask/Recovery/Parallel/1/real_time_median,aggregate,median,3,15497973.070263728,13251936.642857239,,,,
bd497cd,2026-04-07T11:16:18+01:00,linuxpc,16,4427,True,31.26,1.37451,50000,ByteCask/Recovery/Parallel/1/real_time_stddev,aggregate,stddev,3,1468912.4462540818,1606838.6045814743,,,,
bd497cd,2026-04-07T11:16:18+01:00,linuxpc,16,4427,True,31.26,1.37451,50000,ByteCask/Recovery/Parallel/1/real_time_cv,aggregate,cv,3,95318623.52457264,120646387.12392297,,,,
bd497cd,2026-04-07T11:16:18+01:00,linuxpc,16,4427,True,31.26,1.37451,50000,ByteCask/Recovery/Parallel/2/real_time,iteration,,45,17208621.846253257,5191596.155555445,,,,
bd497cd,2026-04-07T11:16:18+01:00,linuxpc,16,4427,True,31.26,1.37451,50000,ByteCask/Recovery/Parallel/2/real_time,iteration,,45,17418790.52974077,5768550.666666686,,,,
bd497cd,2026-04-07T11:16:18+01:00,linuxpc,16,4427,True,31.26,1.37451,50000,ByteCask/Recovery/Parallel/2/real_time,iteration,,45,18700871.088852484,6423685.844444628,,,,
bd497cd,2026-04-07T11:16:18+01:00,linuxpc,16,4427,True,31.26,1.37451,50000,ByteCask/Recovery/Parallel/2/real_time_mean,aggregate,mean,3,17776094.48828217,5794610.88888892,,,,
bd497cd,2026-04-07T11:16:18+01:00,linuxpc,16,4427,True,31.26,1.37451,50000,ByteCask/Recovery/Parallel/2/real_time_median,aggregate,median,3,17418790.529740766,5768550.666666686,,,,
bd497cd,2026-04-07T11:16:18+01:00,linuxpc,16,4427,True,31.26,1.37451,50000,ByteCask/Recovery/Parallel/2/real_time_stddev,aggregate,stddev,3,807744.7242795894,616458.1102990466,,,,
bd497cd,2026-04-07T11:16:18+01:00,linuxpc,16,4427,True,31.26,1.37451,50000,ByteCask/Recovery/Parallel/2/real_time_cv,aggregate,cv,3,45439943.223301776,106384729.21125661,,,,
bd497cd,2026-04-07T11:16:18+01:00,linuxpc,16,4427,True,31.26,1.37451,50000,ByteCask/Recovery/Parallel/4/real_time,iteration,,39,19104627.453578778,7188733.743589911,,,,
bd497cd,2026-04-07T11:16:18+01:00,linuxpc,16,4427,True,31.26,1.37451,50000,ByteCask/Recovery/Parallel/4/real_time,iteration,,39,19242997.56781413,7781010.12820515,,,,
bd497cd,2026-04-07T11:16:18+01:00,linuxpc,16,4427,True,31.26,1.37451,50000,ByteCask/Recovery/Parallel/4/real_time,iteration,,39,19957600.745002333,8337831.743589664,,,,
bd497cd,2026-04-07T11:16:18+01:00,linuxpc,16,4427,True,31.26,1.37451,50000,ByteCask/Recovery/Parallel/4/real_time_mean,aggregate,mean,3,19435075.25546508,7769191.871794909,,,,
bd497cd,2026-04-07T11:16:18+01:00,linuxpc,16,4427,True,31.26,1.37451,50000,ByteCask/Recovery/Parallel/4/real_time_median,aggregate,median,3,19242997.56781413,7781010.12820515,,,,
bd497cd,2026-04-07T11:16:18+01:00,linuxpc,16,4427,True,31.26,1.37451,50000,ByteCask/Recovery/Parallel/4/real_time_stddev,aggregate,stddev,3,457778.5900853456,574640.1541741692,,,,
bd497cd,2026-04-07T11:16:18+01:00,linuxpc,16,4427,True,31.26,1.37451,50000,ByteCask/Recovery/Parallel/4/real_time_cv,aggregate,cv,3,23554248.39204673,73963954.50861876,,,,
bd497cd,2026-04-07T11:16:18+01:00,linuxpc,16,4427,True,31.26,1.37451,50000,ByteCask/Recovery/Parallel/8/real_time,iteration,,35,19930014.488220748,9145242.228571502,,,,
bd497cd,2026-04-07T11:16:18+01:00,linuxpc,16,4427,True,31.26,1.37451,50000,ByteCask/Recovery/Parallel/8/real_time,iteration,,35,20946881.943382323,9637325.514285777,,,,
bd497cd,2026-04-07T11:16:18+01:00,linuxpc,16,4427,True,31.26,1.37451,50000,ByteCask/Recovery/Parallel/8/real_time,iteration,,35,21499914.855563216,10324159.657142827,,,,
bd497cd,2026-04-07T11:16:18+01:00,linuxpc,16,4427,True,31.26,1.37451,50000,ByteCask/Recovery/Parallel/8/real_time_mean,aggregate,mean,3,20792270.42905543,9702242.466666702,,,,
bd497cd,2026-04-07T11:16:18+01:00,linuxpc,16,4427,True,31.26,1.37451,50000,ByteCask/Recovery/Parallel/8/real_time_median,aggregate,median,3,20946881.94338232,9637325.514285777,,,,
bd497cd,2026-04-07T11:16:18+01:00,linuxpc,16,4427,True,31.26,1.37451,50000,ByteCask/Recovery/Parallel/8/real_time_stddev,aggregate,stddev,3,796288.4722997284,592133.6283957872,,,,
bd497cd,2026-04-07T11:16:18+01:00,linuxpc,16,4427,True,31.26,1.37451,50000,ByteCask/Recovery/Parallel/8/real_time_cv,aggregate,cv,3,38297331.45385523,61030594.77539737,,,,
bd497cd,2026-04-07T11:16:18+01:00,linuxpc,16,4427,True,31.26,1.37451,50000,ByteCask/Recovery/Parallel/16/real_time,iteration,,32,21814339.443153586,11220430.281250026,,,,
bd497cd,2026-04-07T11:16:18+01:00,linuxpc,16,4427,True,31.26,1.37451,50000,ByteCask/Recovery/Parallel/16/real_time,iteration,,32,22156064.347655047,12011833.656250248,,,,
bd497cd,2026-04-07T11:16:18+01:00,linuxpc,16,4427,True,31.26,1.37451,50000,ByteCask/Recovery/Parallel/16/real_time,iteration,,32,22685860.851197504,12314102.96875024,,,,
bd497cd,2026-04-07T11:16:18+01:00,linuxpc,16,4427,True,31.26,1.37451,50000,ByteCask/Recovery/Parallel/16/real_time_mean,aggregate,mean,3,22218754.88066871,11848788.968750171,,,,
bd497cd,2026-04-07T11:16:18+01:00,linuxpc,16,4427,True,31.26,1.37451,50000,ByteCask/Recovery/Parallel/16/real_time_median,aggregate,median,3,22156064.347655047,12011833.656250248,,,,
bd497cd,2026-04-07T11:16:18+01:00,linuxpc,16,4427,True,31.26,1.37451,50000,ByteCask/Recovery/Parallel/16/real_time_stddev,aggregate,stddev,3,439129.7853334524,564772.2235003033,,,,
bd497cd,2026-04-07T11:16:18+01:00,linuxpc,16,4427,True,31.26,1.37451,50000,ByteCask/Recovery/Parallel/16/real_time_cv,aggregate,cv,3,19763924.11239545,47664974.45349273,,,,
bd497cd,2026-04-07T11:16:18+01:00,linuxpc,16,4427,True,31.26,1.37451,50000,ByteCask/Recovery/Parallel/32/real_time,iteration,,30,23812502.874837566,13592907.133333534,,,,
bd497cd,2026-04-07T11:16:18+01:00,linuxpc,16,4427,True,31.26,1.37451,50000,ByteCask/Recovery/Parallel/32/real_time,iteration,,30,24139083.76280839,14149504.49999992,,,,
bd497cd,2026-04-07T11:16:18+01:00,linuxpc,16,4427,True,31.26,1.37451,50000,ByteCask/Recovery/Parallel/32/real_time,iteration,,30,25268848.923345406,14480851.000000073,,,,
bd497cd,2026-04-07T11:16:18+01:00,linuxpc,16,4427,True,31.26,1.37451,50000,ByteCask/Recovery/Parallel/32/real_time_mean,aggregate,mean,3,24406811.85366379,14074420.877777843,,,,
bd497cd,2026-04-07T11:16:18+01:00,linuxpc,16,4427,True,31.26,1.37451,50000,ByteCask/Recovery/Parallel/32/real_time_median,aggregate,median,3,24139083.76280839,14149504.499999922,,,,
bd497cd,2026-04-07T11:16:18+01:00,linuxpc,16,4427,True,31.26,1.37451,50000,ByteCask/Recovery/Parallel/32/real_time_stddev,aggregate,stddev,3,764195.4600925917,448708.4134849331,,,,
bd497cd,2026-04-07T11:16:18+01:00,linuxpc,16,4427,True,31.26,1.37451,50000,ByteCask/Recovery/Parallel/32/real_time_cv,aggregate,cv,3,31310744.913120463,31881127.996776093,,,,
bd497cd,2026-04-07T11:16:18+01:00,linuxpc,16,4427,True,31.26,1.37451,50000,ByteCask/Recovery/Parallel/64/real_time,iteration,,26,25199580.27271339,16427779.92307715,,,,
bd497cd,2026-04-07T11:16:18+01:00,linuxpc,16,4427,True,31.26,1.37451,50000,ByteCask/Recovery/Parallel/64/real_time,iteration,,26,26047078.932886228,16974012.46153887,,,,
bd497cd,2026-04-07T11:16:18+01:00,linuxpc,16,4427,True,31.26,1.37451,50000,ByteCask/Recovery/Parallel/64/real_time,iteration,,26,26570661.58001096,17674454.846154112,,,,
bd497cd,2026-04-07T11:16:18+01:00,linuxpc,16,4427,True,31.26,1.37451,50000,ByteCask/Recovery/Parallel/64/real_time_mean,aggregate,mean,3,25939106.92853686,17025415.743590042,,,,
bd497cd,2026-04-07T11:16:18+01:00,linuxpc,16,4427,True,31.26,1.37451,50000,ByteCask/Recovery/Parallel/64/real_time_median,aggregate,median,3,26047078.932886228,16974012.46153887,,,,
bd497cd,2026-04-07T11:16:18+01:00,linuxpc,16,4427,True,31.26,1.37451,50000,ByteCask/Recovery/Parallel/64/real_time_stddev,aggregate,stddev,3,691888.3241519353,624925.0467147693,,,,
bd497cd,2026-04-07T11:16:18+01:00,linuxpc,16,4427,True,31.26,1.37451,50000,ByteCask/Recovery/Parallel/64/real_time_cv,aggregate,cv,3,26673559.96712268,36705420.6561769,,,,
bd497cd,2026-04-07T11:16:18+01:00,linuxpc,16,4427,True,31.26,1.37451,50000,LevelDB/Put/NoSync/real_time,iteration,,131709,5250.520860049301,5174.359299668197,190457.2949340897,,4580.0,10750.0
bd497cd,2026-04-07T11:16:18+01:00,linuxpc,16,4427,True,31.26,1.37451,50000,LevelDB/Put/NoSync/real_time,iteration,,131709,6024.688616528668,5911.934469170688,165983.68208715564,,5310.0,12151.0
bd497cd,2026-04-07T11:16:18+01:00,linuxpc,16,4427,True,31.26,1.37451,50000,LevelDB/Put/NoSync/real_time,iteration,,131709,5073.988740365482,4913.789839722434,197083.60644252622,,4260.0,10520.0
bd497cd,2026-04-07T11:16:18+01:00,linuxpc,16,4427,True,31.26,1.37451,50000,LevelDB/Put/NoSync/real_time_mean,aggregate,mean,3,5449.73273898115,5333.361202853774,184508.1944879238,,4716.666666666666,11140.333333333332
bd497cd,2026-04-07T11:16:18+01:00,linuxpc,16,4427,True,31.26,1.37451,50000,LevelDB/Put/NoSync/real_time_median,aggregate,median,3,5250.5208600493015,5174.359299668197,190457.2949340897,,4580.0,10750.0
bd497cd,2026-04-07T11:16:18+01:00,linuxpc,16,4427,True,31.26,1.37451,50000,LevelDB/Put/NoSync/real_time_stddev,aggregate,stddev,3,505.689225873804,517.7203678015483,16381.24448313964,,538.175931581242,882.7855534235823
bd497cd,2026-04-07T11:16:18+01:00,linuxpc,16,4427,True,31.26,1.37451,50000,LevelDB/Put/NoSync/real_time_cv,aggregate,cv,3,0.09279156430125134,0.09707206170932631,0.08878328969942743,,0.11410090422217146,0.07924229257864059
bd497cd,2026-04-07T11:16:18+01:00,linuxpc,16,4427,True,31.26,1.37451,50000,LevelDB/Put/Sync/real_time,iteration,,305,2094308.8523784012,244166.0852459101,477.48449273102693,,2038914.0,3348720.0
bd497cd,2026-04-07T11:16:18+01:00,linuxpc,16,4427,True,31.26,1.37451,50000,LevelDB/Put/Sync/real_time,iteration,,305,2068883.8917059733,211950.1573770601,483.35240271768646,,2008824.0,3391831.0
bd497cd,2026-04-07T11:16:18+01:00,linuxpc,16,4427,True,31.26,1.37451,50000,LevelDB/Put/Sync/real_time,iteration,,305,2091161.209754035,236748.2327868837,478.2032085023331,,2023834.0,3617134.0
bd497cd,2026-04-07T11:16:18+01:00,linuxpc,16,4427,True,31.26,1.37451,50000,LevelDB/Put/Sync/real_time_mean,aggregate,mean,3,2084784.65127947,230954.82513661796,479.68003465034883,,2023857.3333333333,3452561.6666666665
bd497cd,2026-04-07T11:16:18+01:00,linuxpc,16,4427,True,31.26,1.37451,50000,LevelDB/Put/Sync/real_time_median,aggregate,median,3,2091161.209754035,236748.2327868837,478.2032085023331,,2023834.0,3391831.0
bd497cd,2026-04-07T11:16:18+01:00,linuxpc,16,4427,True,31.26,1.37451,50000,LevelDB/Put/Sync/real_time_stddev,aggregate,stddev,3,13860.105691637784,16871.253102966886,3.2006020537414317,,15045.013570391087,144144.6469846694
bd497cd,2026-04-07T11:16:18+01:00,linuxpc,16,4427,True,31.26,1.37451,50000,LevelDB/Put/Sync/real_time_cv,aggregate,cv,3,0.006648219365550099,0.07305001353830534,0.0066723687094344735,,0.007433831092042269,0.041750057175325206
bd497cd,2026-04-07T11:16:18+01:00,linuxpc,16,4427,True,31.26,1.37451,50000,LevelDB/Del/Sync/real_time,iteration,,334,2169937.0328730117,241416.35029940223,460.84286541531253,,2097146.0,5063531.0
bd497cd,2026-04-07T11:16:18+01:00,linuxpc,16,4427,True,31.26,1.37451,50000,LevelDB/Del/Sync/real_time,iteration,,334,2198085.5748835327,254343.81137724733,454.94134142297247,,2080975.0,4720076.0
bd497cd,2026-04-07T11:16:18+01:00,linuxpc,16,4427,True,31.26,1.37451,50000,LevelDB/Del/Sync/real_time,iteration,,334,2173115.1558227367,249998.84431137974,460.16889501716355,,2086285.0,5107892.0
bd497cd,2026-04-07T11:16:18+01:00,linuxpc,16,4427,True,31.26,1.37451,50000,LevelDB/Del/Sync/real_time_mean,aggregate,mean,3,2180379.2545264266,248586.33532934307,458.65103395181615,,2088135.3333333333,4963833.0
bd497cd,2026-04-07T11:16:18+01:00,linuxpc,16,4427,True,31.26,1.37451,50000,LevelDB/Del/Sync/real_time_median,aggregate,median,3,2173115.1558227367,249998.8443113797,460.16889501716355,,2086285.0,5063531.0
bd497cd,2026-04-07T11:16:18+01:00,linuxpc,16,4427,True,31.26,1.37451,50000,LevelDB/Del/Sync/real_time_stddev,aggregate,stddev,3,15416.23987270159,6578.464767562695,3.2303131455524317,,8242.761086780341,212261.82150118283
bd497cd,2026-04-07T11:16:18+01:00,linuxpc,16,4427,True,31.26,1.37451,50000,LevelDB/Del/Sync/real_time_cv,aggregate,cv,3,0.007070439622234417,0.026463501136726297,0.007043073941683939,,0.0039474266610978,0.04276167661184065
bd497cd,2026-04-07T11:16:18+01:00,linuxpc,16,4427,True,31.26,1.37451,50000,LevelDB/Get/real_time,iteration,,625501,864.6230733247579,859.1409430200781,1156573.3449081732,,810.0,1360.0
bd497cd,2026-04-07T11:16:18+01:00,linuxpc,16,4427,True,31.26,1.37451,50000,LevelDB/Get/real_time,iteration,,625501,840.7351514622405,836.8417700371391,1189435.2201888545,,800.0,1240.0
bd497cd,2026-04-07T11:16:18+01:00,linuxpc,16,4427,True,31.26,1.37451,50000,LevelDB/Get/real_time,iteration,,625501,826.458952129032,822.3689042863273,1209981.4484723175,,790.0,1250.0
bd497cd,2026-04-07T11:16:18+01:00,linuxpc,16,4427,True,31.26,1.37451,50000,LevelDB/Get/real_time_mean,aggregate,mean,3,843.9390589720101,839.4505391145149,1185330.0045231148,,800.0,1283.3333333333333
bd497cd,2026-04-07T11:16:18+01:00,linuxpc,16,4427,True,31.26,1.37451,50000,LevelDB/Get/real_time_median,aggregate,median,3,840.7351514622405,836.8417700371392,1189435.2201888545,,800.0,1250.0
bd497cd,2026-04-07T11:16:18+01:00,linuxpc,16,4427,True,31.26,1.37451,50000,LevelDB/Get/real_time_stddev,aggregate,stddev,3,19.28273331659939,18.524307415755537,26939.67294395744,,9.99999999999709,66.58328118479596
bd497cd,2026-04-07T11:16:18+01:00,linuxpc,16,4427,True,31.26,1.37451,50000,LevelDB/Get/real_time_cv,aggregate,cv,3,0.02284849019796217,0.0220671815105339,0.022727571934531333,,0.012499999999996363,0.05188307624789296
bd497cd,2026-04-07T11:16:18+01:00,linuxpc,16,4427,True,31.26,1.37451,50000,LevelDB/Range50/real_time,iteration,,123485,6665.714272916475,6620.4561282746645,,150021.43192112347,6040.0,10850.0
bd497cd,2026-04-07T11:16:18+01:00,linuxpc,16,4427,True,31.26,1.37451,50000,LevelDB/Range50/real_time,iteration,,123485,5604.713114798546,5580.932356156609,,178421.26430336369,5680.0,8250.0
bd497cd,2026-04-07T11:16:18+01:00,linuxpc,16,4427,True,31.26,1.37451,50000,LevelDB/Range50/real_time,iteration,,123485,5211.939166820434,5191.34047860065,,191867.16651761197,5060.0,7390.0
bd497cd,2026-04-07T11:16:18+01:00,linuxpc,16,4427,True,31.26,1.37451,50000,LevelDB/Range50/real_time_mean,aggregate,mean,3,5827.455518178484,5797.576321010642,,173436.62091403303,5593.333333333333,8830.0
bd497cd,2026-04-07T11:16:18+01:00,linuxpc,16,4427,True,31.26,1.37451,50000,LevelDB/Range50/real_time_median,aggregate,median,3,5604.713114798546,5580.932356156609,,178421.26430336369,5680.0,8250.0
bd497cd,2026-04-07T11:16:18+01:00,linuxpc,16,4427,True,31.26,1.37451,50000,LevelDB/Range50/real_time_stddev,aggregate,stddev,3,752.0479695296998,738.7786141101684,,21363.552566673858,495.71497186723724,1801.4438653480117
bd497cd,2026-04-07T11:16:18+01:00,linuxpc,16,4427,True,31.26,1.37451,50000,LevelDB/Range50/real_time_cv,aggregate,cv,3,0.1290525456923215,0.12742887255020793,,0.12317786436385361,0.08862603787852871,0.2040140277857318
bd497cd,2026-04-07T11:16:18+01:00,linuxpc,16,4427,True,31.26,1.37451,50000,LevelDB/Mixed/Sync/real_time,iteration,,1636,423144.7860536514,34976.998166257945,2363.2572891331997,,1140.0,2271417.0
bd497cd,2026-04-07T11:16:18+01:00,linuxpc,16,4427,True,31.26,1.37451,50000,LevelDB/Mixed/Sync/real_time,iteration,,1636,383442.0244490117,38840.5599022014,2607.9561869540858,,1220.0,2409269.0
bd497cd,2026-04-07T11:16:18+01:00,linuxpc,16,4427,True,31.26,1.37451,50000,LevelDB/Mixed/Sync/real_time,iteration,,1636,426413.0348508749,49983.952322738165,2345.144069879852,,1210.0,2310938.0
bd497cd,2026-04-07T11:16:18+01:00,linuxpc,16,4427,True,31.26,1.37451,50000,LevelDB/Mixed/Sync/real_time_mean,aggregate,mean,3,410999.94845117937,41267.170130399165,2438.7858486557125,,1190.0,2330541.333333333
bd497cd,2026-04-07T11:16:18+01:00,linuxpc,16,4427,True,31.26,1.37451,50000,LevelDB/Mixed/Sync/real_time_median,aggregate,median,3,423144.7860536513,38840.5599022014,2363.2572891331997,,1210.0,2310938.0
bd497cd,2026-04-07T11:16:18+01:00,linuxpc,16,4427,True,31.26,1.37451,50000,LevelDB/Mixed/Sync/real_time_stddev,aggregate,stddev,3,23921.74207770159,7792.207399920159,146.78547168544202,,43.588989435404066,70985.99498728577
bd497cd,2026-04-07T11:16:18+01:00,linuxpc,16,4427,True,31.26,1.37451,50000,LevelDB/Mixed/Sync/real_time_cv,aggregate,cv,3,0.058203759313958006,0.18882340066686776,0.06018792989402981,,0.036629402886894175,0.03045901566815626
bd497cd,2026-04-07T11:16:18+01:00,linuxpc,16,4427,True,31.26,1.37451,50000,RocksDB/Put/NoSync/real_time,iteration,,123854,6110.181923749374,6078.427987792086,163661.24813946176,,5550.0,11900.0
bd497cd,2026-04-07T11:16:18+01:00,linuxpc,16,4427,True,31.26,1.37451,50000,RocksDB/Put/NoSync/real_time,iteration,,123854,5923.831333355934,5893.095362281406,168809.66788659155,,5530.0,11520.0
bd497cd,2026-04-07T11:16:18+01:00,linuxpc,16,4427,True,31.26,1.37451,50000,RocksDB/Put/NoSync/real_time,iteration,,123854,5761.096412126623,5734.277197345255,173578.07064208892,,5160.0,11030.0
bd497cd,2026-04-07T11:16:18+01:00,linuxpc,16,4427,True,31.26,1.37451,50000,RocksDB/Put/NoSync/real_time_mean,aggregate,mean,3,5931.70322307731,5901.933515806249,168682.99555604742,,5413.333333333333,11483.333333333332
bd497cd,2026-04-07T11:16:18+01:00,linuxpc,16,4427,True,31.26,1.37451,50000,RocksDB/Put/NoSync/real_time_median,aggregate,median,3,5923.831333355934,5893.095362281406,168809.66788659155,,5530.0,11520.0
bd497cd,2026-04-07T11:16:18+01:00,linuxpc,16,4427,True,31.26,1.37451,50000,RocksDB/Put/NoSync/real_time_stddev,aggregate,stddev,3,174.67583860415516,172.2455408990444,4959.624637676719,,219.62088546705652,436.157463920266
bd497cd,2026-04-07T11:16:18+01:00,linuxpc,16,4427,True,31.26,1.37451,50000,RocksDB/Put/NoSync/real_time_cv,aggregate,cv,3,0.029447838510291324,0.02918459525810405,0.029402042697473978,,0.04057036061583557,0.037981782054014465
bd497cd,2026-04-07T11:16:18+01:00,linuxpc,16,4427,True,31.26,1.37451,50000,RocksDB/Put/Sync/real_time,iteration,,323,2164774.9938670513,269808.9195046362,461.9417735483204,,2065965.0,3900077.0
bd497cd,2026-04-07T11:16:18+01:00,linuxpc,16,4427,True,31.26,1.37451,50000,RocksDB/Put/Sync/real_time,iteration,,323,2144643.916509146,259325.8916408686,466.27787125972316,,2060295.0,3913027.0
bd497cd,2026-04-07T11:16:18+01:00,linuxpc,16,4427,True,31.26,1.37451,50000,RocksDB/Put/Sync/real_time,iteration,,323,2210318.575823685,303089.092879257,452.4234700544673,,2148715.0,4312951.0
bd497cd,2026-04-07T11:16:18+01:00,linuxpc,16,4427,True,31.26,1.37451,50000,RocksDB/Put/Sync/real_time_mean,aggregate,mean,3,2173245.828733294,277407.96800825396,460.2143716208369,,2091658.3333333333,4042018.333333333
bd497cd,2026-04-07T11:16:18+01:00,linuxpc,16,4427,True,31.26,1.37451,50000,RocksDB/Put/Sync/real_time_median,aggregate,median,3,2164774.993867051,269808.9195046362,461.9417735483204,,2065965.0,3913027.0
bd497cd,2026-04-07T11:16:18+01:00,linuxpc,16,4427,True,31.26,1.37451,50000,RocksDB/Put/Sync/real_time_stddev,aggregate,stddev,3,33646.7903598387,22849.80523501572,7.086892566800092,,49493.78378476934,234723.8974312946
bd497cd,2026-04-07T11:16:18+01:00,linuxpc,16,4427,True,31.26,1.37451,50000,RocksDB/Put/Sync/real_time_cv,aggregate,cv,3,0.01548227536663452,0.08236895788925519,0.015399111813567758,,0.0236624610224436,0.058070963086831115
bd497cd,2026-04-07T11:16:18+01:00,linuxpc,16,4427,True,31.26,1.37451,50000,RocksDB/Del/Sync/real_time,iteration,,317,2152964.52051199,287966.69085174665,464.47583807010113,,2098475.0,3435001.0
bd497cd,2026-04-07T11:16:18+01:00,linuxpc,16,4427,True,31.26,1.37451,50000,RocksDB/Del/Sync/real_time,iteration,,317,2146109.233519256,291164.0063091363,465.9595068048652,,2081915.0,3371630.0
bd497cd,2026-04-07T11:16:18+01:00,linuxpc,16,4427,True,31.26,1.37451,50000,RocksDB/Del/Sync/real_time,iteration,,317,2180875.6150346403,292562.77917981835,458.531423390745,,2081445.0,5061371.0
bd497cd,2026-04-07T11:16:18+01:00,linuxpc,16,4427,True,31.26,1.37451,50000,RocksDB/Del/Sync/real_time_mean,aggregate,mean,3,2159983.123021962,290564.4921135671,462.9889227552371,,2087278.3333333333,3956000.6666666665
bd497cd,2026-04-07T11:16:18+01:00,linuxpc,16,4427,True,31.26,1.37451,50000,RocksDB/Del/Sync/real_time_median,aggregate,median,3,2152964.52051199,291164.0063091363,464.47583807010113,,2081915.0,3435001.0
bd497cd,2026-04-07T11:16:18+01:00,linuxpc,16,4427,True,31.26,1.37451,50000,RocksDB/Del/Sync/real_time_stddev,aggregate,stddev,3,18415.235725199298,2355.9647562906944,3.930940557546922,,9699.445001325603,957803.0336506227
bd497cd,2026-04-07T11:16:18+01:00,linuxpc,16,4427,True,31.26,1.37451,50000,RocksDB/Del/Sync/real_time_cv,aggregate,cv,3,0.008525638709359518,0.008108233525553652,0.0084903555233114,,0.0046469341660993636,0.24211397174957236
bd497cd,2026-04-07T11:16:18+01:00,linuxpc,16,4427,True,31.26,1.37451,50000,RocksDB/Get/real_time,iteration,,1014447,676.1645950906678,672.9026159079777,1478929.8452781436,,630.0,1030.0
bd497cd,2026-04-07T11:16:18+01:00,linuxpc,16,4427,True,31.26,1.37451,50000,RocksDB/Get/real_time,iteration,,1014447,642.7392343080145,639.8694056959143,1555840.9174703942,,600.0,1020.0
bd497cd,2026-04-07T11:16:18+01:00,linuxpc,16,4427,True,31.26,1.37451,50000,RocksDB/Get/real_time,iteration,,1014447,636.3271516842374,633.0049238649269,1571518.6714148365,,590.0,1040.0
bd497cd,2026-04-07T11:16:18+01:00,linuxpc,16,4427,True,31.26,1.37451,50000,RocksDB/Get/real_time_mean,aggregate,mean,3,651.7436603609732,648.592315156273,1535429.8113877913,,606.6666666666666,1030.0
bd497cd,2026-04-07T11:16:18+01:00,linuxpc,16,4427,True,31.26,1.37451,50000,RocksDB/Get/real_time_median,aggregate,median,3,642.7392343080145,639.8694056959145,1555840.9174703942,,600.0,1030.0
bd497cd,2026-04-07T11:16:18+01:00,linuxpc,16,4427,True,31.26,1.37451,50000,RocksDB/Get/real_time_stddev,aggregate,stddev,3,21.390774663337066,21.331275622444377,49554.34007208386,,20.81665999466296,9.999999999988358
bd497cd,2026-04-07T11:16:18+01:00,linuxpc,16,4427,True,31.26,1.37451,50000,RocksDB/Get/real_time_cv,aggregate,cv,3,0.03282084040754554,0.03288857287386265,0.03227392076443689,,0.03431317581537851,0.009708737864066367
bd497cd,2026-04-07T11:16:18+01:00,linuxpc,16,4427,True,31.26,1.37451,50000,RocksDB/Range50/real_time,iteration,,109964,6256.271225212012,6231.296797133614,,159839.617561675,6160.0,8020.0
bd497cd,2026-04-07T11:16:18+01:00,linuxpc,16,4427,True,31.26,1.37451,50000,RocksDB/Range50/real_time,iteration,,109964,6170.196473014739,6147.161234585894,,162069.39347450034,6090.0,7690.0
bd497cd,2026-04-07T11:16:18+01:00,linuxpc,16,4427,True,31.26,1.37451,50000,RocksDB/Range50/real_time,iteration,,109964,6176.498153675894,6153.001336801146,,161904.03933090434,6030.0,8110.0
bd497cd,2026-04-07T11:16:18+01:00,linuxpc,16,4427,True,31.26,1.37451,50000,RocksDB/Range50/real_time_mean,aggregate,mean,3,6200.988617300882,6177.153122840217,,161271.01678902656,6093.333333333333,7940.0
bd497cd,2026-04-07T11:16:18+01:00,linuxpc,16,4427,True,31.26,1.37451,50000,RocksDB/Range50/real_time_median,aggregate,median,3,6176.498153675894,6153.001336801147,,161904.03933090434,6090.0,8020.0
bd497cd,2026-04-07T11:16:18+01:00,linuxpc,16,4427,True,31.26,1.37451,50000,RocksDB/Range50/real_time_stddev,aggregate,stddev,3,47.97971287824556,46.980632158041296,,1242.382110807943,65.0640709864962,221.13344387495982
bd497cd,2026-04-07T11:16:18+01:00,linuxpc,16,4427,True,31.26,1.37451,50000,RocksDB/Range50/real_time_cv,aggregate,cv,3,0.007737429600238452,0.00760554760806057,,0.007703691187321137,0.010677910993407473,0.027850559681984865
bd497cd,2026-04-07T11:16:18+01:00,linuxpc,16,4427,True,31.26,1.37451,50000,RocksDB/Mixed/Sync/real_time,iteration,,1180,427974.32880911784,49744.45254237435,2336.588745363774,,910.0,2278067.0
bd497cd,2026-04-07T11:16:18+01:00,linuxpc,16,4427,True,31.26,1.37451,50000,RocksDB/Mixed/Sync/real_time,iteration,,1180,428024.7610610894,51630.55593220128,2336.3134355147176,,880.0,2376438.0
bd497cd,2026-04-07T11:16:18+01:00,linuxpc,16,4427,True,31.26,1.37451,50000,RocksDB/Mixed/Sync/real_time,iteration,,1180,429937.4872925139,56315.43220339097,2325.9195337847714,,900.0,2323088.0
bd497cd,2026-04-07T11:16:18+01:00,linuxpc,16,4427,True,31.26,1.37451,50000,RocksDB/Mixed/Sync/real_time_mean,aggregate,mean,3,428645.52572090697,52563.48022598886,2332.940571554421,,896.6666666666666,2325864.333333333
bd497cd,2026-04-07T11:16:18+01:00,linuxpc,16,4427,True,31.26,1.37451,50000,RocksDB/Mixed/Sync/real_time_median,aggregate,median,3,428024.76106108935,51630.55593220127,2336.3134355147176,,900.0,2323088.0
bd497cd,2026-04-07T11:16:18+01:00,linuxpc,16,4427,True,31.26,1.37451,50000,RocksDB/Mixed/Sync/real_time_stddev,aggregate,stddev,3,1119.155654905466,3383.3717250441537,6.081955064106209,,15.275252316522643,49244.23245756767
bd497cd,2026-04-07T11:16:18+01:00,linuxpc,16,4427,True,31.26,1.37451,50000,RocksDB/Mixed/Sync/real_time_cv,aggregate,cv,3,0.0026109117854974493,0.06436734612125854,0.0026069909959403072,,0.017035597379021536,0.02117244404663657
bd497cd,2026-04-07T11:16:18+01:00,linuxpc,16,4427,True,31.26,1.37451,50000,ByteCask/MixedBatch/Sync/real_time,iteration,,245,2865172.273536422,871429.4448979581,34901.91529620385,,2748153.0,5873100.0
bd497cd,2026-04-07T11:16:18+01:00,linuxpc,16,4427,True,31.26,1.37451,50000,ByteCask/MixedBatch/Sync/real_time,iteration,,245,2874336.6287945183,903923.88571428,34790.63621088094,,2749913.0,4886948.0
bd497cd,2026-04-07T11:16:18+01:00,linuxpc,16,4427,True,31.26,1.37451,50000,ByteCask/MixedBatch/Sync/real_time,iteration,,245,2843702.420335719,892703.2571428563,35165.423528455656,,2775633.0,4145929.0
bd497cd,2026-04-07T11:16:18+01:00,linuxpc,16,4427,True,31.26,1.37451,50000,ByteCask/MixedBatch/Sync/real_time_mean,aggregate,mean,3,2861070.440888886,889352.1959183648,34952.65834518014,,2757899.6666666665,4968659.0
bd497cd,2026-04-07T11:16:18+01:00,linuxpc,16,4427,True,31.26,1.37451,50000,ByteCask/MixedBatch/Sync/real_time_median,aggregate,median,3,2865172.273536422,892703.2571428563,34901.91529620385,,2749913.0,4886948.0
bd497cd,2026-04-07T11:16:18+01:00,linuxpc,16,4427,True,31.26,1.37451,50000,ByteCask/MixedBatch/Sync/real_time_stddev,aggregate,stddev,3,15723.627293852494,16504.37455612706,192.4773392347124,,15382.708907535902,866479.9082788915
bd497cd,2026-04-07T11:16:18+01:00,linuxpc,16,4427,True,31.26,1.37451,50000,ByteCask/MixedBatch/Sync/real_time_cv,aggregate,cv,3,0.005495714844744413,0.018557748698291878,0.005506801151828682,,0.005577689824419248,0.174389087332999
bd497cd,2026-04-07T11:16:18+01:00,linuxpc,16,4427,True,31.26,1.37451,50000,LevelDB/MixedBatch/Sync/real_time,iteration,,303,2713505.8318452276,360766.9504950467,36852.69396749311,,2221306.0,7934395.0
bd497cd,2026-04-07T11:16:18+01:00,linuxpc,16,4427,True,31.26,1.37451,50000,LevelDB/MixedBatch/Sync/real_time,iteration,,303,2324489.653402503,346859.353135295,43020.195789481644,,2201797.0,5426805.0
bd497cd,2026-04-07T11:16:18+01:00,linuxpc,16,4427,True,31.26,1.37451,50000,LevelDB/MixedBatch/Sync/real_time,iteration,,303,2472182.049411395,363948.01980199805,40450.095503205004,,2251687.0,5293944.0
bd497cd,2026-04-07T11:16:18+01:00,linuxpc,16,4427,True,31.26,1.37451,50000,LevelDB/MixedBatch/Sync/real_time_mean,aggregate,mean,3,2503392.511553042,357191.44114411325,40107.66175339325,,2224930.0,6218381.333333333
bd497cd,2026-04-07T11:16:18+01:00,linuxpc,16,4427,True,31.26,1.37451,50000,LevelDB/MixedBatch/Sync/real_time_median,aggregate,median,3,2472182.049411395,360766.95049504674,40450.095503205004,,2221306.0,5426805.0
bd497cd,2026-04-07T11:16:18+01:00,linuxpc,16,4427,True,31.26,1.37451,50000,LevelDB/MixedBatch/Sync/real_time_stddev,aggregate,stddev,3,196377.1027458811,9088.11490081173,3097.977620289693,,25141.659790077505,1487595.4387770675
bd497cd,2026-04-07T11:16:18+01:00,linuxpc,16,4427,True,31.26,1.37451,50000,LevelDB/MixedBatch/Sync/real_time_cv,aggregate,cv,3,0.07844439169631201,0.025443260543146717,0.07724154151239178,,0.011299977882485069,0.23922550886400032
bd497cd,2026-04-07T11:16:18+01:00,linuxpc,16,4427,True,31.26,1.37451,50000,RocksDB/MixedBatch/Sync/real_time,iteration,,274,2561774.730034866,551282.2445255411,39035.43852922579,,2455089.0,5454736.0
bd497cd,2026-04-07T11:16:18+01:00,linuxpc,16,4427,True,31.26,1.37451,50000,RocksDB/MixedBatch/Sync/real_time,iteration,,274,2534610.2809064416,527518.6861313684,39453.79719845429,,2431359.0,5479645.0
bd497cd,2026-04-07T11:16:18+01:00,linuxpc,16,4427,True,31.26,1.37451,50000,RocksDB/MixedBatch/Sync/real_time,iteration,,274,2540190.6788869197,538259.2773722536,39367.123433355315,,2451870.0,4479704.0
bd497cd,2026-04-07T11:16:18+01:00,linuxpc,16,4427,True,31.26,1.37451,50000,RocksDB/MixedBatch/Sync/real_time_mean,aggregate,mean,3,2545525.2299427423,539020.0693430543,39285.45305367846,,2446106.0,5138028.333333333
bd497cd,2026-04-07T11:16:18+01:00,linuxpc,16,4427,True,31.26,1.37451,50000,RocksDB/MixedBatch/Sync/real_time_median,aggregate,median,3,2540190.6788869197,538259.2773722537,39367.123433355315,,2451870.0,5454736.0
bd497cd,2026-04-07T11:16:18+01:00,linuxpc,16,4427,True,31.26,1.37451,50000,RocksDB/MixedBatch/Sync/real_time_stddev,aggregate,stddev,3,14346.42465346938,11900.03278169364,220.8133424812482,,12872.295715994098,570261.6158083375
bd497cd,2026-04-07T11:16:18+01:00,linuxpc,16,4427,True,31.26,1.37451,50000,RocksDB/MixedBatch/Sync/real_time_cv,aggregate,cv,3,0.005635938895719403,0.02207716086749262,0.005620740638514097,,0.005262362185446623,0.11098841400089675
bd497cd,2026-04-07T11:16:18+01:00,linuxpc,16,4427,True,31.26,1.37451,50000,ByteCask/GetMT/real_time/threads:2,iteration,,834958,858.6339851365037,854.5722611197189,2329281.2008623728,,1560.0,2720.0
bd497cd,2026-04-07T11:16:18+01:00,linuxpc,16,4427,True,31.26,1.37451,50000,ByteCask/GetMT/real_time/threads:2,iteration,,834958,863.8611499678184,859.9650617156814,2315186.8793665585,,1560.0,2700.0
bd497cd,2026-04-07T11:16:18+01:00,linuxpc,16,4427,True,31.26,1.37451,50000,ByteCask/GetMT/real_time/threads:2,iteration,,834958,883.9257040969039,879.7399653635197,2262633.602270199,,1660.0,2640.0
bd497cd,2026-04-07T11:16:18+01:00,linuxpc,16,4427,True,31.26,1.37451,50000,ByteCask/GetMT/real_time/threads:2_mean,aggregate,mean,3,868.8069464004087,864.7590960663065,2302367.22749971,,1593.3333333333333,2686.6666666666665
bd497cd,2026-04-07T11:16:18+01:00,linuxpc,16,4427,True,31.26,1.37451,50000,ByteCask/GetMT/real_time/threads:2_median,aggregate,median,3,863.8611499678183,859.9650617156814,2315186.8793665585,,1560.0,2700.0
bd497cd,2026-04-07T11:16:18+01:00,linuxpc,16,4427,True,31.26,1.37451,50000,ByteCask/GetMT/real_time/threads:2_stddev,aggregate,stddev,3,13.351533198756885,13.251053099386302,35124.53850254961,,57.73502691895989,41.63331998933011
bd497cd,2026-04-07T11:16:18+01:00,linuxpc,16,4427,True,31.26,1.37451,50000,ByteCask/GetMT/real_time/threads:2_cv,aggregate,cv,3,0.015367663960416287,0.015323404124528874,0.015255836724488832,,0.03623537254328027,0.015496272948882176
bd497cd,2026-04-07T11:16:18+01:00,linuxpc,16,4427,True,31.26,1.37451,50000,ByteCask/GetMT/real_time/threads:4,iteration,,537680,957.8627585931579,953.3496931260206,4175963.5857175626,,3570.0,5390.0
bd497cd,2026-04-07T11:16:18+01:00,linuxpc,16,4427,True,31.26,1.37451,50000,ByteCask/GetMT/real_time/threads:4,iteration,,537680,1028.0936951278584,1023.5687602291374,3890695.973485706,,3730.0,6340.0
bd497cd,2026-04-07T11:16:18+01:00,linuxpc,16,4427,True,31.26,1.37451,50000,ByteCask/GetMT/real_time/threads:4,iteration,,537680,1016.9187063110718,1012.239718791848,3933451.0961158527,,3670.0,6380.0
bd497cd,2026-04-07T11:16:18+01:00,linuxpc,16,4427,True,31.26,1.37451,50000,ByteCask/GetMT/real_time/threads:4_mean,aggregate,mean,3,1000.9583866773627,996.3860573823354,4000036.8851063736,,3656.6666666666665,6036.666666666666
bd497cd,2026-04-07T11:16:18+01:00,linuxpc,16,4427,True,31.26,1.37451,50000,ByteCask/GetMT/real_time/threads:4_median,aggregate,median,3,1016.9187063110718,1012.2397187918481,3933451.0961158527,,3670.0,6340.0
bd497cd,2026-04-07T11:16:18+01:00,linuxpc,16,4427,True,31.26,1.37451,50000,ByteCask/GetMT/real_time/threads:4_stddev,aggregate,stddev,3,37.737845245101916,37.69858460570737,153849.44952366062,,80.82903768655144,560.3867711976609
bd497cd,2026-04-07T11:16:18+01:00,linuxpc,16,4427,True,31.26,1.37451,50000,ByteCask/GetMT/real_time/threads:4_cv,aggregate,cv,3,0.03770171242619889,0.03783531927850089,0.0384620077121037,,0.022104568191399665,0.0928304977135827
bd497cd,2026-04-07T11:16:18+01:00,linuxpc,16,4427,True,31.26,1.37451,50000,ByteCask/GetMT/real_time/threads:8,iteration,,465208,1492.7602040834163,1483.3106954308619,5359199.674613616,,11240.0,18290.0
bd497cd,2026-04-07T11:16:18+01:00,linuxpc,16,4427,True,31.26,1.37451,50000,ByteCask/GetMT/real_time/threads:8,iteration,,465208,1488.410678512435,1482.136515279188,5374860.65875008,,11240.0,18231.0
bd497cd,2026-04-07T11:16:18+01:00,linuxpc,16,4427,True,31.26,1.37451,50000,ByteCask/GetMT/real_time/threads:8,iteration,,465208,1494.5147568876314,1481.0476023628162,5352908.001163015,,11320.0,18690.0
bd497cd,2026-04-07T11:16:18+01:00,linuxpc,16,4427,True,31.26,1.37451,50000,ByteCask/GetMT/real_time/threads:8_mean,aggregate,mean,3,1491.8952131611607,1482.1649376909552,5362322.77817557,,11266.666666666666,18403.666666666664
bd497cd,2026-04-07T11:16:18+01:00,linuxpc,16,4427,True,31.26,1.37451,50000,ByteCask/GetMT/real_time/threads:8_median,aggregate,median,3,1492.7602040834163,1482.136515279188,5359199.674613616,,11240.0,18290.0
bd497cd,2026-04-07T11:16:18+01:00,linuxpc,16,4427,True,31.26,1.37451,50000,ByteCask/GetMT/real_time/threads:8_stddev,aggregate,stddev,3,3.1426263180451106,1.1318142226428856,11304.650622002737,,46.188021535438914,249.72051043809452
bd497cd,2026-04-07T11:16:18+01:00,linuxpc,16,4427,True,31.26,1.37451,50000,ByteCask/GetMT/real_time/threads:8_cv,aggregate,cv,3,0.0021064658498275044,0.0007636223161547215,0.0021081630274127085,,0.004099528538648424,0.013569062891711501
bd497cd,2026-04-07T11:16:18+01:00,linuxpc,16,4427,True,31.26,1.37451,50000,ByteCask/GetMT/real_time/threads:16,iteration,,330032,2056.5344000011432,1997.109822683875,7780078.952236882,,31080.0,45240.0
bd497cd,2026-04-07T11:16:18+01:00,linuxpc,16,4427,True,31.26,1.37451,50000,ByteCask/GetMT/real_time/threads:16,iteration,,330032,2077.707413201241,1907.155942454065,7700795.549142264,,29820.0,44990.0
bd497cd,2026-04-07T11:16:18+01:00,linuxpc,16,4427,True,31.26,1.37451,50000,ByteCask/GetMT/real_time/threads:16,iteration,,330032,2403.2228963634193,1673.272273597719,6657726.182707129,,25341.0,45870.0
bd497cd,2026-04-07T11:16:18+01:00,linuxpc,16,4427,True,31.26,1.37451,50000,ByteCask/GetMT/real_time/threads:16_mean,aggregate,mean,3,2179.154903188601,1859.179346245219,7379533.561362092,,28747.0,45366.666666666664
bd497cd,2026-04-07T11:16:18+01:00,linuxpc,16,4427,True,31.26,1.37451,50000,ByteCask/GetMT/real_time/threads:16_median,aggregate,median,3,2077.7074132012403,1907.1559424540646,7700795.549142264,,29820.0,45240.0
bd497cd,2026-04-07T11:16:18+01:00,linuxpc,16,4427,True,31.26,1.37451,50000,ByteCask/GetMT/real_time/threads:16_stddev,aggregate,stddev,3,194.3371382315673,167.16460417018357,626359.2287275005,,3016.2107021890893,453.46811721841203
bd497cd,2026-04-07T11:16:18+01:00,linuxpc,16,4427,True,31.26,1.37451,50000,ByteCask/GetMT/real_time/threads:16_cv,aggregate,cv,3,0.08918004770895713,0.08991311381970095,0.08487788876074831,,0.10492262504571222,0.009995623450809964
bd497cd,2026-04-07T11:16:18+01:00,linuxpc,16,4427,True,31.26,1.37451,50000,ByteCask/GetMT/real_time/threads:32,iteration,,420832,2992.306770791674,1951.8888107368382,10694090.696968801,,60760.0,90281.0
bd497cd,2026-04-07T11:16:18+01:00,linuxpc,16,4427,True,31.26,1.37451,50000,ByteCask/GetMT/real_time/threads:32,iteration,,420832,3013.925179625265,1887.1899950574086,10617383.675058153,,58960.0,88130.0
bd497cd,2026-04-07T11:16:18+01:00,linuxpc,16,4427,True,31.26,1.37451,50000,ByteCask/GetMT/real_time/threads:32,iteration,,420832,2836.5943414555095,1955.0495019390237,11281133.693434713,,60760.0,89923.0
bd497cd,2026-04-07T11:16:18+01:00,linuxpc,16,4427,True,31.26,1.37451,50000,ByteCask/GetMT/real_time/threads:32_mean,aggregate,mean,3,2947.608763957483,1931.3761025777567,10864202.68848722,,60160.0,89444.66666666666
bd497cd,2026-04-07T11:16:18+01:00,linuxpc,16,4427,True,31.26,1.37451,50000,ByteCask/GetMT/real_time/threads:32_median,aggregate,median,3,2992.3067707916744,1951.8888107368382,10694090.696968801,,60760.0,89923.0
bd497cd,2026-04-07T11:16:18+01:00,linuxpc,16,4427,True,31.26,1.37451,50000,ByteCask/GetMT/real_time/threads:32_stddev,aggregate,stddev,3,96.74704337966863,38.29891076218896,363104.10210781626,,1039.2304845413264,1152.5199925968311
bd497cd,2026-04-07T11:16:18+01:00,linuxpc,16,4427,True,31.26,1.37451,50000,ByteCask/GetMT/real_time/threads:32_cv,aggregate,cv,3,0.03282221323354164,0.019829856396727918,0.03342206625918321,,0.01727444289463641,0.012885284674288363
bd497cd,2026-04-07T11:16:18+01:00,linuxpc,16,4427,True,31.26,1.37451,50000,RocksDB/GetMT/real_time/threads:2,iteration,,1046158,674.0657778635633,670.956562966587,2967069.484433635,,1230.0,2200.0
bd497cd,2026-04-07T11:16:18+01:00,linuxpc,16,4427,True,31.26,1.37451,50000,RocksDB/GetMT/real_time/threads:2,iteration,,1046158,653.7911300363864,651.4879578419318,3059080.963500822,,1200.0,2030.0
bd497cd,2026-04-07T11:16:18+01:00,linuxpc,16,4427,True,31.26,1.37451,50000,RocksDB/GetMT/real_time/threads:2,iteration,,1046158,673.5617067131215,670.7691916517398,2969289.9404268325,,1230.0,2300.0
bd497cd,2026-04-07T11:16:18+01:00,linuxpc,16,4427,True,31.26,1.37451,50000,RocksDB/GetMT/real_time/threads:2_mean,aggregate,mean,3,667.139538204357,664.404570820086,2998480.1294537634,,1220.0,2176.6666666666665
bd497cd,2026-04-07T11:16:18+01:00,linuxpc,16,4427,True,31.26,1.37451,50000,RocksDB/GetMT/real_time/threads:2_median,aggregate,median,3,673.5617067131215,670.7691916517398,2969289.9404268325,,1230.0,2200.0
bd497cd,2026-04-07T11:16:18+01:00,linuxpc,16,4427,True,31.26,1.37451,50000,RocksDB/GetMT/real_time/threads:2_stddev,aggregate,stddev,3,11.562807721106253,11.186507279902278,52493.60362560889,,17.320508075688775,136.50396819629245
bd497cd,2026-04-07T11:16:18+01:00,linuxpc,16,4427,True,31.26,1.37451,50000,RocksDB/GetMT/real_time/threads:2_cv,aggregate,cv,3,0.01733191792563845,0.016836890911353274,0.0175067371999466,,0.014197137766958011,0.06271238967670403
bd497cd,2026-04-07T11:16:18+01:00,linuxpc,16,4427,True,31.26,1.37451,50000,RocksDB/GetMT/real_time/threads:4,iteration,,973320,766.383454537298,762.7445639666292,5219319.358107736,,2740.0,5900.0
bd497cd,2026-04-07T11:16:18+01:00,linuxpc,16,4427,True,31.26,1.37451,50000,RocksDB/GetMT/real_time/threads:4,iteration,,973320,725.260885419713,722.0495972547556,5515256.758518247,,2670.0,4550.0
bd497cd,2026-04-07T11:16:18+01:00,linuxpc,16,4427,True,31.26,1.37451,50000,RocksDB/GetMT/real_time/threads:4,iteration,,973320,728.5754777078039,725.4663594706747,5490165.5660777055,,2680.0,4600.0
bd497cd,2026-04-07T11:16:18+01:00,linuxpc,16,4427,True,31.26,1.37451,50000,RocksDB/GetMT/real_time/threads:4_mean,aggregate,mean,3,740.0732725549383,736.7535068973531,5408247.227567896,,2696.6666666666665,5016.666666666666
bd497cd,2026-04-07T11:16:18+01:00,linuxpc,16,4427,True,31.26,1.37451,50000,RocksDB/GetMT/real_time/threads:4_median,aggregate,median,3,728.5754777078038,725.4663594706745,5490165.5660777055,,2680.0,4600.0
bd497cd,2026-04-07T11:16:18+01:00,linuxpc,16,4427,True,31.26,1.37451,50000,RocksDB/GetMT/real_time/threads:4_stddev,aggregate,stddev,3,22.845478490669848,22.573653928724784,164096.6083701546,,37.859388972010024,765.3975002136766
bd497cd,2026-04-07T11:16:18+01:00,linuxpc,16,4427,True,31.26,1.37451,50000,RocksDB/GetMT/real_time/threads:4_cv,aggregate,cv,3,0.030869211654949946,0.030639357284891516,0.030341920675092605,,0.01403932841978122,0.1525709302751515
bd497cd,2026-04-07T11:16:18+01:00,linuxpc,16,4427,True,31.26,1.37451,50000,RocksDB/GetMT/real_time/threads:8,iteration,,736864,724.0023477331471,719.9754744430511,11049687.925803026,,5310.0,8980.0
bd497cd,2026-04-07T11:16:18+01:00,linuxpc,16,4427,True,31.26,1.37451,50000,RocksDB/GetMT/real_time/threads:8,iteration,,736864,748.249625543646,740.0658221869946,10691619.115996942,,5400.0,9750.0
bd497cd,2026-04-07T11:16:18+01:00,linuxpc,16,4427,True,31.26,1.37451,50000,RocksDB/GetMT/real_time/threads:8,iteration,,736864,732.8980502808297,722.6321709297745,10915570.039972931,,5340.0,9020.0
bd497cd,2026-04-07T11:16:18+01:00,linuxpc,16,4427,True,31.26,1.37451,50000,RocksDB/GetMT/real_time/threads:8_mean,aggregate,mean,3,735.050007852541,727.55782251994,10885625.6939243,,5350.0,9250.0
bd497cd,2026-04-07T11:16:18+01:00,linuxpc,16,4427,True,31.26,1.37451,50000,RocksDB/GetMT/real_time/threads:8_median,aggregate,median,3,732.8980502808296,722.6321709297745,10915570.039972931,,5340.0,9020.0
bd497cd,2026-04-07T11:16:18+01:00,linuxpc,16,4427,True,31.26,1.37451,50000,RocksDB/GetMT/real_time/threads:8_stddev,aggregate,stddev,3,12.266043019154365,10.91338860340334,180902.78061490133,,45.8257569495584,433.4743360338477
bd497cd,2026-04-07T11:16:18+01:00,linuxpc,16,4427,True,31.26,1.37451,50000,RocksDB/GetMT/real_time/threads:8_cv,aggregate,cv,3,0.01668735853087028,0.015000029228747982,0.016618500920518548,,0.008565562046646429,0.04686209038203759
bd497cd,2026-04-07T11:16:18+01:00,linuxpc,16,4427,True,31.26,1.37451,50000,RocksDB/GetMT/real_time/threads:16,iteration,,589072,1234.731698203585,966.2185267675243,12958280.753040073,,14360.0,25750.0
bd497cd,2026-04-07T11:16:18+01:00,linuxpc,16,4427,True,31.26,1.37451,50000,RocksDB/GetMT/real_time/threads:16,iteration,,589072,1091.8850767708864,1079.9837659912505,14653556.807753066,,16121.0,27550.0
bd497cd,2026-04-07T11:16:18+01:00,linuxpc,16,4427,True,31.26,1.37451,50000,RocksDB/GetMT/real_time/threads:16,iteration,,589072,1185.593550372626,989.1505894016385,13495350.067458855,,14670.0,26130.0
bd497cd,2026-04-07T11:16:18+01:00,linuxpc,16,4427,True,31.26,1.37451,50000,RocksDB/GetMT/real_time/threads:16_mean,aggregate,mean,3,1170.736775115699,1011.7842940534711,13702395.876083996,,15050.333333333332,26476.666666666664
bd497cd,2026-04-07T11:16:18+01:00,linuxpc,16,4427,True,31.26,1.37451,50000,RocksDB/GetMT/real_time/threads:16_median,aggregate,median,3,1185.5935503726257,989.1505894016385,13495350.067458855,,14670.0,26130.0
bd497cd,2026-04-07T11:16:18+01:00,linuxpc,16,4427,True,31.26,1.37451,50000,RocksDB/GetMT/real_time/threads:16_stddev,aggregate,stddev,3,72.57294359443017,60.16515481246342,866395.5220179736,,940.0905984708911,948.7535682849539
bd497cd,2026-04-07T11:16:18+01:00,linuxpc,16,4427,True,31.26,1.37451,50000,RocksDB/GetMT/real_time/threads:16_cv,aggregate,cv,3,0.06198912098516603,0.059464408734223546,0.0632294913862597,,0.062463108135205725,0.03583357301844217
bd497cd,2026-04-07T11:16:18+01:00,linuxpc,16,4427,True,31.26,1.37451,50000,ByteCask/ReadAndWriteLoad/Sync/real_time/threads:2,iteration,,711426,847.9653611821713,843.2792672744582,2358586.908799844,,1610.0,2580.0
bd497cd,2026-04-07T11:16:18+01:00,linuxpc,16,4427,True,31.26,1.37451,50000,ByteCask/ReadAndWriteLoad/Sync/real_time/threads:2,iteration,,711426,821.4934089653927,817.2447450613356,2434590.4400119837,,1480.0,2680.0
bd497cd,2026-04-07T11:16:18+01:00,linuxpc,16,4427,True,31.26,1.37451,50000,ByteCask/ReadAndWriteLoad/Sync/real_time/threads:2,iteration,,711426,901.2501610425888,877.9987279070494,2219139.6866840497,,1510.0,3030.0
bd497cd,2026-04-07T11:16:18+01:00,linuxpc,16,4427,True,31.26,1.37451,50000,ByteCask/ReadAndWriteLoad/Sync/real_time/threads:2_mean,aggregate,mean,3,856.9029770633842,846.1742467476142,2337439.011831959,,1533.3333333333333,2763.333333333333
bd497cd,2026-04-07T11:16:18+01:00,linuxpc,16,4427,True,31.26,1.37451,50000,ByteCask/ReadAndWriteLoad/Sync/real_time/threads:2_median,aggregate,median,3,847.9653611821713,843.2792672744582,2358586.908799844,,1510.0,2680.0
bd497cd,2026-04-07T11:16:18+01:00,linuxpc,16,4427,True,31.26,1.37451,50000,ByteCask/ReadAndWriteLoad/Sync/real_time/threads:2_stddev,aggregate,stddev,3,40.62259972854699,30.480277024937752,109271.13954296024,,68.0685928555416,236.2907813126357
bd497cd,2026-04-07T11:16:18+01:00,linuxpc,16,4427,True,31.26,1.37451,50000,ByteCask/ReadAndWriteLoad/Sync/real_time/threads:2_cv,aggregate,cv,3,0.047406300148193053,0.03602127710940487,0.046748231286393827,,0.04439256055796191,0.08550932978744356
bd497cd,2026-04-07T11:16:18+01:00,linuxpc,16,4427,True,31.26,1.37451,50000,ByteCask/ReadAndWriteLoad/Sync/real_time/threads:4,iteration,,676736,982.5145166551823,977.2893802014339,4071186.666653412,,3540.0,6210.0
bd497cd,2026-04-07T11:16:18+01:00,linuxpc,16,4427,True,31.26,1.37451,50000,ByteCask/ReadAndWriteLoad/Sync/real_time/threads:4,iteration,,676736,1057.7495537388525,1046.0028859112017,3781613.5075274715,,3750.0,8450.0
bd497cd,2026-04-07T11:16:18+01:00,linuxpc,16,4427,True,31.26,1.37451,50000,ByteCask/ReadAndWriteLoad/Sync/real_time/threads:4,iteration,,676736,976.2044712284227,970.9318877671623,4097502.2322593294,,3540.0,6040.0
bd497cd,2026-04-07T11:16:18+01:00,linuxpc,16,4427,True,31.26,1.37451,50000,ByteCask/ReadAndWriteLoad/Sync/real_time/threads:4_mean,aggregate,mean,3,1005.4895138741526,998.0747179599326,3983434.135480071,,3610.0,6900.0
bd497cd,2026-04-07T11:16:18+01:00,linuxpc,16,4427,True,31.26,1.37451,50000,ByteCask/ReadAndWriteLoad/Sync/real_time/threads:4_median,aggregate,median,3,982.5145166551824,977.289380201434,4071186.666653412,,3540.0,6210.0
bd497cd,2026-04-07T11:16:18+01:00,linuxpc,16,4427,True,31.26,1.37451,50000,ByteCask/ReadAndWriteLoad/Sync/real_time/threads:4_stddev,aggregate,stddev,3,45.36835894450187,41.62855257977146,175276.35792849734,,121.2435565298214,1345.0278807519182
bd497cd,2026-04-07T11:16:18+01:00,linuxpc,16,4427,True,31.26,1.37451,50000,ByteCask/ReadAndWriteLoad/Sync/real_time/threads:4_cv,aggregate,cv,3,0.04512066840925821,0.04170885388707203,0.044001319456327244,,0.03358547272294222,0.19493157692056787
bd497cd,2026-04-07T11:16:18+01:00,linuxpc,16,4427,True,31.26,1.37451,50000,ByteCask/ReadAndWriteLoad/Sync/real_time/threads:8,iteration,,483664,1498.6809603346317,1482.8303036818986,5338027.379899273,,11300.0,18370.0
bd497cd,2026-04-07T11:16:18+01:00,linuxpc,16,4427,True,31.26,1.37451,50000,ByteCask/ReadAndWriteLoad/Sync/real_time/threads:8,iteration,,483664,1568.4142111942379,1533.7824047272438,5100693.390114439,,11620.0,18911.0
bd497cd,2026-04-07T11:16:18+01:00,linuxpc,16,4427,True,31.26,1.37451,50000,ByteCask/ReadAndWriteLoad/Sync/real_time/threads:8,iteration,,483664,1587.7026094722353,1559.7723502266065,5038726.996020534,,11600.0,26160.0
bd497cd,2026-04-07T11:16:18+01:00,linuxpc,16,4427,True,31.26,1.37451,50000,ByteCask/ReadAndWriteLoad/Sync/real_time/threads:8_mean,aggregate,mean,3,1551.5992603337015,1525.4616862119162,5159149.2553447485,,11506.666666666666,21147.0
bd497cd,2026-04-07T11:16:18+01:00,linuxpc,16,4427,True,31.26,1.37451,50000,ByteCask/ReadAndWriteLoad/Sync/real_time/threads:8_median,aggregate,median,3,1568.414211194238,1533.782404727244,5100693.390114439,,11600.0,18911.0
bd497cd,2026-04-07T11:16:18+01:00,linuxpc,16,4427,True,31.26,1.37451,50000,ByteCask/ReadAndWriteLoad/Sync/real_time/threads:8_stddev,aggregate,stddev,3,46.83236523096917,39.140074081186825,157980.9991181013,,179.2577287967193,4349.804248469112
bd497cd,2026-04-07T11:16:18+01:00,linuxpc,16,4427,True,31.26,1.37451,50000,ByteCask/ReadAndWriteLoad/Sync/real_time/threads:8_cv,aggregate,cv,3,0.03018328664380579,0.025657854559678207,0.03062152135925065,,0.015578597519992987,0.20569367988221082
bd497cd,2026-04-07T11:16:18+01:00,linuxpc,16,4427,True,31.26,1.37451,50000,ByteCask/ReadAndWriteLoad/Sync/real_time/threads:16,iteration,,339264,2076.8121785571307,1958.018772990949,7704115.06885328,,30560.0,45490.0
bd497cd,2026-04-07T11:16:18+01:00,linuxpc,16,4427,True,31.26,1.37451,50000,ByteCask/ReadAndWriteLoad/Sync/real_time/threads:16,iteration,,339264,2055.4849649619405,1794.578160370674,7784051.098761629,,27641.0,44120.0
bd497cd,2026-04-07T11:16:18+01:00,linuxpc,16,4427,True,31.26,1.37451,50000,ByteCask/ReadAndWriteLoad/Sync/real_time/threads:16,iteration,,339264,2115.399777112315,1935.833751886447,7563582.152703657,,30502.0,46420.0
bd497cd,2026-04-07T11:16:18+01:00,linuxpc,16,4427,True,31.26,1.37451,50000,ByteCask/ReadAndWriteLoad/Sync/real_time/threads:16_mean,aggregate,mean,3,2082.565640210462,1896.1435617493564,7683916.106772855,,29567.666666666664,45343.33333333333
bd497cd,2026-04-07T11:16:18+01:00,linuxpc,16,4427,True,31.26,1.37451,50000,ByteCask/ReadAndWriteLoad/Sync/real_time/threads:16_median,aggregate,median,3,2076.8121785571307,1935.8337518864473,7704115.06885328,,30502.0,45490.0
bd497cd,2026-04-07T11:16:18+01:00,linuxpc,16,4427,True,31.26,1.37451,50000,ByteCask/ReadAndWriteLoad/Sync/real_time/threads:16_stddev,aggregate,stddev,3,30.368946631425327,88.65490318229244,111613.78766003918,,1668.794275317845,1156.9932295972392
bd497cd,2026-04-07T11:16:18+01:00,linuxpc,16,4427,True,31.26,1.37451,50000,ByteCask/ReadAndWriteLoad/Sync/real_time/threads:16_cv,aggregate,cv,3,0.014582467916044305,0.046755374946663125,0.014525638503738886,,0.05643983660026758,0.02551628088503799
bd497cd,2026-04-07T11:16:18+01:00,linuxpc,16,4427,True,31.26,1.37451,50000,ByteCask/ReadAndWriteLoad/Sync/StaleRead/real_time/threads:2,iteration,,854074,822.2820165021548,817.9161922737358,2432255.552064307,,1451.0,2620.0
bd497cd,2026-04-07T11:16:18+01:00,linuxpc,16,4427,True,31.26,1.37451,50000,ByteCask/ReadAndWriteLoad/Sync/StaleRead/real_time/threads:2,iteration,,854074,874.2326332263582,867.6599065186393,2287720.5951681235,,1560.0,3320.0
bd497cd,2026-04-07T11:16:18+01:00,linuxpc,16,4427,True,31.26,1.37451,50000,ByteCask/ReadAndWriteLoad/Sync/StaleRead/real_time/threads:2,iteration,,854074,827.452940826637,823.2362383118968,2417055.8847757215,,1590.0,2380.0
bd497cd,2026-04-07T11:16:18+01:00,linuxpc,16,4427,True,31.26,1.37451,50000,ByteCask/ReadAndWriteLoad/Sync/StaleRead/real_time/threads:2_mean,aggregate,mean,3,841.3225301850499,836.2707790347572,2379010.67733605,,1533.6666666666665,2773.333333333333
bd497cd,2026-04-07T11:16:18+01:00,linuxpc,16,4427,True,31.26,1.37451,50000,ByteCask/ReadAndWriteLoad/Sync/StaleRead/real_time/threads:2_median,aggregate,median,3,827.452940826637,823.2362383118967,2417055.8847757215,,1560.0,2620.0
bd497cd,2026-04-07T11:16:18+01:00,linuxpc,16,4427,True,31.26,1.37451,50000,ByteCask/ReadAndWriteLoad/Sync/StaleRead/real_time/threads:2_stddev,aggregate,stddev,3,28.618014889830178,27.313617768649483,79423.96866244944,,73.14597277590536,488.39874419713226
bd497cd,2026-04-07T11:16:18+01:00,linuxpc,16,4427,True,31.26,1.37451,50000,ByteCask/ReadAndWriteLoad/Sync/StaleRead/real_time/threads:2_cv,aggregate,cv,3,0.034015509941871656,0.03266121267584583,0.033385293062823146,,0.047693527130562074,0.1761053164172352
bd497cd,2026-04-07T11:16:18+01:00,linuxpc,16,4427,True,31.26,1.37451,50000,ByteCask/ReadAndWriteLoad/Sync/StaleRead/real_time/threads:4,iteration,,610436,983.8318071159248,978.3046642072167,4065735.597353664,,3540.0,6100.0
bd497cd,2026-04-07T11:16:18+01:00,linuxpc,16,4427,True,31.26,1.37451,50000,ByteCask/ReadAndWriteLoad/Sync/StaleRead/real_time/threads:4,iteration,,610436,957.1279364673322,951.3966853200108,4179169.625707111,,3510.0,6000.0
bd497cd,2026-04-07T11:16:18+01:00,linuxpc,16,4427,True,31.26,1.37451,50000,ByteCask/ReadAndWriteLoad/Sync/StaleRead/real_time/threads:4,iteration,,610436,1088.7630972680734,1073.8317645093068,3673893.8066846756,,3780.0,8190.0
bd497cd,2026-04-07T11:16:18+01:00,linuxpc,16,4427,True,31.26,1.37451,50000,ByteCask/ReadAndWriteLoad/Sync/StaleRead/real_time/threads:4_mean,aggregate,mean,3,1009.9076136171102,1001.1777046788446,3972933.0099151507,,3610.0,6763.333333333333
bd497cd,2026-04-07T11:16:18+01:00,linuxpc,16,4427,True,31.26,1.37451,50000,ByteCask/ReadAndWriteLoad/Sync/StaleRead/real_time/threads:4_median,aggregate,median,3,983.8318071159248,978.3046642072168,4065735.597353664,,3540.0,6100.0
bd497cd,2026-04-07T11:16:18+01:00,linuxpc,16,4427,True,31.26,1.37451,50000,ByteCask/ReadAndWriteLoad/Sync/StaleRead/real_time/threads:4_stddev,aggregate,stddev,3,69.5838677659907,64.34259195381075,265113.4728727593,,147.9864858694874,1236.5408741053925
bd497cd,2026-04-07T11:16:18+01:00,linuxpc,16,4427,True,31.26,1.37451,50000,ByteCask/ReadAndWriteLoad/Sync/StaleRead/real_time/threads:4_cv,aggregate,cv,3,0.068901221089687,0.06426690451966308,0.06672991268947202,,0.040993486390439725,0.18283009474204917
bd497cd,2026-04-07T11:16:18+01:00,linuxpc,16,4427,True,31.26,1.37451,50000,ByteCask/ReadAndWriteLoad/Sync/StaleRead/real_time/threads:8,iteration,,474120,1497.2394712002238,1487.6953155319295,5343166.64360111,,11280.0,18440.0
bd497cd,2026-04-07T11:16:18+01:00,linuxpc,16,4427,True,31.26,1.37451,50000,ByteCask/ReadAndWriteLoad/Sync/StaleRead/real_time/threads:8,iteration,,474120,1470.3647008592052,1454.024042436518,5440827.024292145,,11010.0,18160.0
bd497cd,2026-04-07T11:16:18+01:00,linuxpc,16,4427,True,31.26,1.37451,50000,ByteCask/ReadAndWriteLoad/Sync/StaleRead/real_time/threads:8,iteration,,474120,1501.491158278971,1489.903077280007,5328036.702640131,,11400.0,18661.0
bd497cd,2026-04-07T11:16:18+01:00,linuxpc,16,4427,True,31.26,1.37451,50000,ByteCask/ReadAndWriteLoad/Sync/StaleRead/real_time/threads:8_mean,aggregate,mean,3,1489.698443446133,1477.2074784161514,5370676.790177795,,11230.0,18420.333333333332
bd497cd,2026-04-07T11:16:18+01:00,linuxpc,16,4427,True,31.26,1.37451,50000,ByteCask/ReadAndWriteLoad/Sync/StaleRead/real_time/threads:8_median,aggregate,median,3,1497.2394712002235,1487.6953155319295,5343166.64360111,,11280.0,18440.0
bd497cd,2026-04-07T11:16:18+01:00,linuxpc,16,4427,True,31.26,1.37451,50000,ByteCask/ReadAndWriteLoad/Sync/StaleRead/real_time/threads:8_stddev,aggregate,stddev,3,16.8779267852016,20.107767923137093,61221.07715566273,,199.74984355438178,251.0783410281195
bd497cd,2026-04-07T11:16:18+01:00,linuxpc,16,4427,True,31.26,1.37451,50000,ByteCask/ReadAndWriteLoad/Sync/StaleRead/real_time/threads:8_cv,aggregate,cv,3,0.011329760636761983,0.013612013354208348,0.011399136374698136,,0.017787163272874603,0.01363049932292862
bd497cd,2026-04-07T11:16:18+01:00,linuxpc,16,4427,True,31.26,1.37451,50000,ByteCask/ReadAndWriteLoad/Sync/StaleRead/real_time/threads:16,iteration,,354224,2400.0598040071777,1673.4814552373584,6666500.548563893,,25500.0,44931.0
bd497cd,2026-04-07T11:16:18+01:00,linuxpc,16,4427,True,31.26,1.37451,50000,ByteCask/ReadAndWriteLoad/Sync/StaleRead/real_time/threads:16,iteration,,354224,1997.4824041861705,1821.2413162292867,8010083.075810044,,28641.0,43150.0
bd497cd,2026-04-07T11:16:18+01:00,linuxpc,16,4427,True,31.26,1.37451,50000,ByteCask/ReadAndWriteLoad/Sync/StaleRead/real_time/threads:16,iteration,,354224,1858.8205348314887,1789.6388895162534,8607608.803638743,,28050.0,39950.0
bd497cd,2026-04-07T11:16:18+01:00,linuxpc,16,4427,True,31.26,1.37451,50000,ByteCask/ReadAndWriteLoad/Sync/StaleRead/real_time/threads:16_mean,aggregate,mean,3,2085.4542476749452,1761.4538869942992,7761397.476004226,,27397.0,42677.0
bd497cd,2026-04-07T11:16:18+01:00,linuxpc,16,4427,True,31.26,1.37451,50000,ByteCask/ReadAndWriteLoad/Sync/StaleRead/real_time/threads:16_median,aggregate,median,3,1997.4824041861702,1789.6388895162534,8010083.075810044,,28050.0,43150.0
bd497cd,2026-04-07T11:16:18+01:00,linuxpc,16,4427,True,31.26,1.37451,50000,ByteCask/ReadAndWriteLoad/Sync/StaleRead/real_time/threads:16_stddev,aggregate,stddev,3,281.13923696198907,77.80771109254992,994162.3157930617,,1669.2144859184514,2523.9625591517324
bd497cd,2026-04-07T11:16:18+01:00,linuxpc,16,4427,True,31.26,1.37451,50000,ByteCask/ReadAndWriteLoad/Sync/StaleRead/real_time/threads:16_cv,aggregate,cv,3,0.13480959233482526,0.04417243713675585,0.1280906330163731,,0.06092690754164512,0.059141049257251735
bd497cd,2026-04-07T11:16:18+01:00,linuxpc,16,4427,True,31.26,1.37451,50000,RocksDB/ReadAndWriteLoad/Sync/real_time/threads:2,iteration,,1070550,642.8562243850141,639.7771323151676,3111115.5560689988,,1180.0,2000.0
bd497cd,2026-04-07T11:16:18+01:00,linuxpc,16,4427,True,31.26,1.37451,50000,RocksDB/ReadAndWriteLoad/Sync/real_time/threads:2,iteration,,1070550,663.1569015966578,658.777334080617,3015877.532428111,,1210.0,2200.0
bd497cd,2026-04-07T11:16:18+01:00,linuxpc,16,4427,True,31.26,1.37451,50000,RocksDB/ReadAndWriteLoad/Sync/real_time/threads:2,iteration,,1070550,663.6493568943757,659.9824258558635,3013639.6264425428,,1200.0,2220.0
bd497cd,2026-04-07T11:16:18+01:00,linuxpc,16,4427,True,31.26,1.37451,50000,RocksDB/ReadAndWriteLoad/Sync/real_time/threads:2_mean,aggregate,mean,3,656.5541609586825,652.8456307505493,3046877.5716465507,,1196.6666666666665,2140.0
bd497cd,2026-04-07T11:16:18+01:00,linuxpc,16,4427,True,31.26,1.37451,50000,RocksDB/ReadAndWriteLoad/Sync/real_time/threads:2_median,aggregate,median,3,663.1569015966578,658.7773340806169,3015877.532428111,,1200.0,2200.0
bd497cd,2026-04-07T11:16:18+01:00,linuxpc,16,4427,True,31.26,1.37451,50000,RocksDB/ReadAndWriteLoad/Sync/real_time/threads:2_stddev,aggregate,stddev,3,11.865316170979435,11.33367989945683,55642.978333262305,,15.275252316528357,121.65525060596056
bd497cd,2026-04-07T11:16:18+01:00,linuxpc,16,4427,True,31.26,1.37451,50000,RocksDB/ReadAndWriteLoad/Sync/real_time/threads:2_cv,aggregate,cv,3,0.018072105663992782,0.01736042850807927,0.018262295423702408,,0.01276483480489835,0.05684824794671054
bd497cd,2026-04-07T11:16:18+01:00,linuxpc,16,4427,True,31.26,1.37451,50000,RocksDB/ReadAndWriteLoad/Sync/real_time/threads:4,iteration,,1029776,719.0055953921946,713.2741800158524,5563239.042414027,,2640.0,4640.0
bd497cd,2026-04-07T11:16:18+01:00,linuxpc,16,4427,True,31.26,1.37451,50000,RocksDB/ReadAndWriteLoad/Sync/real_time/threads:4,iteration,,1029776,699.6812967448631,695.5563743959818,5716888.558561241,,2591.0,4220.0
bd497cd,2026-04-07T11:16:18+01:00,linuxpc,16,4427,True,31.26,1.37451,50000,RocksDB/ReadAndWriteLoad/Sync/real_time/threads:4,iteration,,1029776,698.3645200818601,694.2273921707246,5727667.836749685,,2580.0,4200.0
bd497cd,2026-04-07T11:16:18+01:00,linuxpc,16,4427,True,31.26,1.37451,50000,RocksDB/ReadAndWriteLoad/Sync/real_time/threads:4_mean,aggregate,mean,3,705.6838040729726,701.0193155275193,5669265.145908317,,2603.6666666666665,4353.333333333333
bd497cd,2026-04-07T11:16:18+01:00,linuxpc,16,4427,True,31.26,1.37451,50000,RocksDB/ReadAndWriteLoad/Sync/real_time/threads:4_median,aggregate,median,3,699.6812967448631,695.5563743959816,5716888.558561241,,2591.0,4220.0
bd497cd,2026-04-07T11:16:18+01:00,linuxpc,16,4427,True,31.26,1.37451,50000,RocksDB/ReadAndWriteLoad/Sync/real_time/threads:4_stddev,aggregate,stddev,3,11.5557807248008,10.633805817264964,91979.34102947681,,31.942656954837364,248.46193538112422
bd497cd,2026-04-07T11:16:18+01:00,linuxpc,16,4427,True,31.26,1.37451,50000,RocksDB/ReadAndWriteLoad/Sync/real_time/threads:4_cv,aggregate,cv,3,0.016375295363312396,0.015169062509016586,0.016224208722335227,,0.012268335791129445,0.057073951465801895
bd497cd,2026-04-07T11:16:18+01:00,linuxpc,16,4427,True,31.26,1.37451,50000,RocksDB/ReadAndWriteLoad/Sync/real_time/threads:8,iteration,,889664,832.7948966958561,806.6352870297142,9606206.80042624,,5880.0,11040.0
bd497cd,2026-04-07T11:16:18+01:00,linuxpc,16,4427,True,31.26,1.37451,50000,RocksDB/ReadAndWriteLoad/Sync/real_time/threads:8,iteration,,889664,711.0498693777138,704.649672235812,11250968.946807237,,5231.0,8750.0
bd497cd,2026-04-07T11:16:18+01:00,linuxpc,16,4427,True,31.26,1.37451,50000,RocksDB/ReadAndWriteLoad/Sync/real_time/threads:8,iteration,,889664,713.8384119960875,702.4941461045961,11207018.094795167,,5200.0,9100.0
bd497cd,2026-04-07T11:16:18+01:00,linuxpc,16,4427,True,31.26,1.37451,50000,RocksDB/ReadAndWriteLoad/Sync/real_time/threads:8_mean,aggregate,mean,3,752.5610593565522,737.9263684567073,10688064.614009548,,5437.0,9630.0
bd497cd,2026-04-07T11:16:18+01:00,linuxpc,16,4427,True,31.26,1.37451,50000,RocksDB/ReadAndWriteLoad/Sync/real_time/threads:8_median,aggregate,median,3,713.8384119960874,704.6496722358119,11207018.094795167,,5231.0,9100.0
bd497cd,2026-04-07T11:16:18+01:00,linuxpc,16,4427,True,31.26,1.37451,50000,RocksDB/ReadAndWriteLoad/Sync/real_time/threads:8_stddev,aggregate,stddev,3,69.49852864000853,59.513428668071526,937174.0318407132,,383.9622377265716,1233.572048969976
bd497cd,2026-04-07T11:16:18+01:00,linuxpc,16,4427,True,31.26,1.37451,50000,RocksDB/ReadAndWriteLoad/Sync/real_time/threads:8_cv,aggregate,cv,3,0.09234935527946464,0.0806495488059837,0.08768416600067122,,0.07062023868430597,0.12809678597819066
bd497cd,2026-04-07T11:16:18+01:00,linuxpc,16,4427,True,31.26,1.37451,50000,RocksDB/ReadAndWriteLoad/Sync/real_time/threads:16,iteration,,663984,1055.6518242533764,960.523750572304,15156512.433743209,,14570.0,23361.0
bd497cd,2026-04-07T11:16:18+01:00,linuxpc,16,4427,True,31.26,1.37451,50000,RocksDB/ReadAndWriteLoad/Sync/real_time/threads:16,iteration,,663984,1079.5405687401712,978.9905148316825,14821119.708981453,,14870.0,23880.0
bd497cd,2026-04-07T11:16:18+01:00,linuxpc,16,4427,True,31.26,1.37451,50000,RocksDB/ReadAndWriteLoad/Sync/real_time/threads:16,iteration,,663984,1031.0708964182095,1001.9611827995868,15517846.595788587,,15280.0,23990.0
bd497cd,2026-04-07T11:16:18+01:00,linuxpc,16,4427,True,31.26,1.37451,50000,RocksDB/ReadAndWriteLoad/Sync/real_time/threads:16_mean,aggregate,mean,3,1055.4210964705858,980.4918160678577,15165159.579504415,,14906.666666666666,23743.666666666664
bd497cd,2026-04-07T11:16:18+01:00,linuxpc,16,4427,True,31.26,1.37451,50000,RocksDB/ReadAndWriteLoad/Sync/real_time/threads:16_median,aggregate,median,3,1055.6518242533764,978.9905148316825,15156512.433743209,,14870.0,23880.0
bd497cd,2026-04-07T11:16:18+01:00,linuxpc,16,4427,True,31.26,1.37451,50000,RocksDB/ReadAndWriteLoad/Sync/real_time/threads:16_stddev,aggregate,stddev,3,24.235659888515112,20.7594707651454,348443.92453787936,,356.41735835021177,335.9320367773414
bd497cd,2026-04-07T11:16:18+01:00,linuxpc,16,4427,True,31.26,1.37451,50000,RocksDB/ReadAndWriteLoad/Sync/real_time/threads:16_cv,aggregate,cv,3,0.022963023924347483,0.021172507944430086,0.022976607843203864,,0.023909930121883617,0.014148279686260538
bd497cd,2026-04-07T11:16:18+01:00,linuxpc,16,4427,True,31.26,1.37451,50000,RocksDB/ReadAndWriteLoad/Sync/NoCache/real_time/threads:2,iteration,,1122294,653.7353902144546,648.883959105193,3059341.7917055245,,1190.0,2210.0
bd497cd,2026-04-07T11:16:18+01:00,linuxpc,16,4427,True,31.26,1.37451,50000,RocksDB/ReadAndWriteLoad/Sync/NoCache/real_time/threads:2,iteration,,1122294,642.4353110892491,638.913484345456,3113153.909004472,,1170.0,2140.0
bd497cd,2026-04-07T11:16:18+01:00,linuxpc,16,4427,True,31.26,1.37451,50000,RocksDB/ReadAndWriteLoad/Sync/NoCache/real_time/threads:2,iteration,,1122294,648.9383717565903,645.4217611427973,3081956.757444108,,1170.0,2240.0
bd497cd,2026-04-07T11:16:18+01:00,linuxpc,16,4427,True,31.26,1.37451,50000,RocksDB/ReadAndWriteLoad/Sync/NoCache/real_time/threads:2_mean,aggregate,mean,3,648.369691020098,644.4064015311487,3084817.486051368,,1176.6666666666665,2196.6666666666665
bd497cd,2026-04-07T11:16:18+01:00,linuxpc,16,4427,True,31.26,1.37451,50000,RocksDB/ReadAndWriteLoad/Sync/NoCache/real_time/threads:2_median,aggregate,median,3,648.9383717565903,645.4217611427973,3081956.757444108,,1170.0,2210.0
bd497cd,2026-04-07T11:16:18+01:00,linuxpc,16,4427,True,31.26,1.37451,50000,RocksDB/ReadAndWriteLoad/Sync/NoCache/real_time/threads:2_stddev,aggregate,stddev,3,5.671463249807182,5.062193999582618,27019.878204238357,,11.547005383814358,51.31601439447489
bd497cd,2026-04-07T11:16:18+01:00,linuxpc,16,4427,True,31.26,1.37451,50000,RocksDB/ReadAndWriteLoad/Sync/NoCache/real_time/threads:2_cv,aggregate,cv,3,0.008747267690573431,0.007855592352209007,0.008758987631007102,,0.009813319023071695,0.023360856325254125
bd497cd,2026-04-07T11:16:18+01:00,linuxpc,16,4427,True,31.26,1.37451,50000,RocksDB/ReadAndWriteLoad/Sync/NoCache/real_time/threads:4,iteration,,1020348,712.0288380801691,707.0375754154479,5617749.992802441,,2600.0,4600.0
bd497cd,2026-04-07T11:16:18+01:00,linuxpc,16,4427,True,31.26,1.37451,50000,RocksDB/ReadAndWriteLoad/Sync/NoCache/real_time/threads:4,iteration,,1020348,725.1955107195449,716.0198971331375,5515753.94617538,,2590.0,5100.0
bd497cd,2026-04-07T11:16:18+01:00,linuxpc,16,4427,True,31.26,1.37451,50000,RocksDB/ReadAndWriteLoad/Sync/NoCache/real_time/threads:4,iteration,,1020348,705.6857494101382,698.2274939530408,5668245.395834452,,2570.0,4480.0
bd497cd,2026-04-07T11:16:18+01:00,linuxpc,16,4427,True,31.26,1.37451,50000,RocksDB/ReadAndWriteLoad/Sync/NoCache/real_time/threads:4_mean,aggregate,mean,3,714.3033660699507,707.0949888338754,5600583.111604091,,2586.6666666666665,4726.666666666666
bd497cd,2026-04-07T11:16:18+01:00,linuxpc,16,4427,True,31.26,1.37451,50000,RocksDB/ReadAndWriteLoad/Sync/NoCache/real_time/threads:4_median,aggregate,median,3,712.0288380801691,707.0375754154479,5617749.992802441,,2590.0,4600.0
bd497cd,2026-04-07T11:16:18+01:00,linuxpc,16,4427,True,31.26,1.37451,50000,RocksDB/ReadAndWriteLoad/Sync/NoCache/real_time/threads:4_stddev,aggregate,stddev,3,9.951773950898923,8.896340537347841,77681.63819293393,,15.27525231653979,328.83633213703393
bd497cd,2026-04-07T11:16:18+01:00,linuxpc,16,4427,True,31.26,1.37451,50000,RocksDB/ReadAndWriteLoad/Sync/NoCache/real_time/threads:4_cv,aggregate,cv,3,0.013932139233296517,0.01258153526447625,0.01387027683456424,,0.005905381050208682,0.0695704510868196
bd497cd,2026-04-07T11:16:18+01:00,linuxpc,16,4427,True,31.26,1.37451,50000,RocksDB/ReadAndWriteLoad/Sync/NoCache/real_time/threads:8,iteration,,962008,695.2282132895718,691.0651002902301,11507012.873005906,,5050.0,9090.0
bd497cd,2026-04-07T11:16:18+01:00,linuxpc,16,4427,True,31.26,1.37451,50000,RocksDB/ReadAndWriteLoad/Sync/NoCache/real_time/threads:8,iteration,,962008,801.385793068137,794.7796099408678,9982707.541359931,,5770.0,11321.0
bd497cd,2026-04-07T11:16:18+01:00,linuxpc,16,4427,True,31.26,1.37451,50000,RocksDB/ReadAndWriteLoad/Sync/NoCache/real_time/threads:8,iteration,,962008,705.8478932512737,695.7483388911583,11333886.629809763,,5110.0,9040.0
bd497cd,2026-04-07T11:16:18+01:00,linuxpc,16,4427,True,31.26,1.37451,50000,RocksDB/ReadAndWriteLoad/Sync/NoCache/real_time/threads:8_mean,aggregate,mean,3,734.1539665363275,727.197683040752,10941202.348058533,,5310.0,9817.0
bd497cd,2026-04-07T11:16:18+01:00,linuxpc,16,4427,True,31.26,1.37451,50000,RocksDB/ReadAndWriteLoad/Sync/NoCache/real_time/threads:8_median,aggregate,median,3,705.8478932512736,695.7483388911583,11333886.629809763,,5110.0,9090.0
bd497cd,2026-04-07T11:16:18+01:00,linuxpc,16,4427,True,31.26,1.37451,50000,RocksDB/ReadAndWriteLoad/Sync/NoCache/real_time/threads:8_stddev,aggregate,stddev,3,58.46608653505644,58.574489443766225,834582.167837263,,399.49968710876357,1302.7421080167728
bd497cd,2026-04-07T11:16:18+01:00,linuxpc,16,4427,True,31.26,1.37451,50000,RocksDB/ReadAndWriteLoad/Sync/NoCache/real_time/threads:8_cv,aggregate,cv,3,0.07963736382286973,0.08054823442071353,0.07627883492944958,,0.07523534597151857,0.13270266965638922
bd497cd,2026-04-07T11:16:18+01:00,linuxpc,16,4427,True,31.26,1.37451,50000,RocksDB/ReadAndWriteLoad/Sync/NoCache/real_time/threads:16,iteration,,634384,1048.4881381608388,944.1748278645046,15260067.727676656,,14110.0,24750.0
bd497cd,2026-04-07T11:16:18+01:00,linuxpc,16,4427,True,31.26,1.37451,50000,RocksDB/ReadAndWriteLoad/Sync/NoCache/real_time/threads:16,iteration,,634384,1141.5444525280557,859.3904606673565,14016098.947847825,,12690.0,22680.0
bd497cd,2026-04-07T11:16:18+01:00,linuxpc,16,4427,True,31.26,1.37451,50000,RocksDB/ReadAndWriteLoad/Sync/NoCache/real_time/threads:16,iteration,,634384,1083.6510094292603,888.94994041464,14764901.117405795,,13280.0,23950.0
bd497cd,2026-04-07T11:16:18+01:00,linuxpc,16,4427,True,31.26,1.37451,50000,RocksDB/ReadAndWriteLoad/Sync/NoCache/real_time/threads:16_mean,aggregate,mean,3,1091.2278667060514,897.5050763155003,14680355.930976758,,13360.0,23793.333333333332
bd497cd,2026-04-07T11:16:18+01:00,linuxpc,16,4427,True,31.26,1.37451,50000,RocksDB/ReadAndWriteLoad/Sync/NoCache/real_time/threads:16_median,aggregate,median,3,1083.65100942926,888.9499404146401,14764901.117405795,,13280.0,23950.0
bd497cd,2026-04-07T11:16:18+01:00,linuxpc,16,4427,True,31.26,1.37451,50000,RocksDB/ReadAndWriteLoad/Sync/NoCache/real_time/threads:16_stddev,aggregate,stddev,3,46.9885729252062,43.034753315978776,626279.0893111897,,713.3722730804619,1043.855034635228
bd497cd,2026-04-07T11:16:18+01:00,linuxpc,16,4427,True,31.26,1.37451,50000,RocksDB/ReadAndWriteLoad/Sync/NoCache/real_time/threads:16_cv,aggregate,cv,3,0.043060275822175004,0.047949314663096966,0.04266102894615037,,0.053396128224585476,0.0438717442407633
bd497cd,2026-04-07T11:16:18+01:00,linuxpc,16,4427,True,31.26,1.37451,50000,ByteCask/PutMT/Sync/real_time/threads:2,iteration,,154,4021360.3053133115,282008.5064935157,497.3441443079487,,8297449.0,9017429.0
bd497cd,2026-04-07T11:16:18+01:00,linuxpc,16,4427,True,31.26,1.37451,50000,ByteCask/PutMT/Sync/real_time/threads:2,iteration,,154,4073593.7859076867,280604.3636363473,490.96697047183756,,8092497.0,13958886.0
bd497cd,2026-04-07T11:16:18+01:00,linuxpc,16,4427,True,31.26,1.37451,50000,ByteCask/PutMT/Sync/real_time/threads:2,iteration,,154,5535230.44838183,277218.1493506599,361.321903153044,,8512442.0,47188294.0
bd497cd,2026-04-07T11:16:18+01:00,linuxpc,16,4427,True,31.26,1.37451,50000,ByteCask/PutMT/Sync/real_time/threads:2_mean,aggregate,mean,3,4543394.846534275,279943.6731601743,449.8776726442767,,8300796.0,23388203.0
bd497cd,2026-04-07T11:16:18+01:00,linuxpc,16,4427,True,31.26,1.37451,50000,ByteCask/PutMT/Sync/real_time/threads:2_median,aggregate,median,3,4073593.7859076858,280604.36363634723,490.96697047183756,,8297449.0,13958886.0
bd497cd,2026-04-07T11:16:18+01:00,linuxpc,16,4427,True,31.26,1.37451,50000,ByteCask/PutMT/Sync/real_time/threads:2_stddev,aggregate,stddev,3,859351.7789258241,2462.5727030889743,76.75780298557471,,209992.50596865616,20759040.151869327
bd497cd,2026-04-07T11:16:18+01:00,linuxpc,16,4427,True,31.26,1.37451,50000,ByteCask/PutMT/Sync/real_time/threads:2_cv,aggregate,cv,3,0.1891430984875422,0.008796672113679004,0.17061927642332222,,0.02529787576621039,0.8875859403079974
bd497cd,2026-04-07T11:16:18+01:00,linuxpc,16,4427,True,31.26,1.37451,50000,ByteCask/PutMT/Sync/real_time/threads:4,iteration,,84,6455725.036045936,187599.67857145204,619.605075753034,,17611181.0,88380258.0
bd497cd,2026-04-07T11:16:18+01:00,linuxpc,16,4427,True,31.26,1.37451,50000,ByteCask/PutMT/Sync/real_time/threads:4,iteration,,84,5853527.261587303,191725.41666664794,683.3486582097712,,18515673.0,47999805.0
bd497cd,2026-04-07T11:16:18+01:00,linuxpc,16,4427,True,31.26,1.37451,50000,ByteCask/PutMT/Sync/real_time/threads:4,iteration,,84,4755307.40472355,180825.0476190329,841.1653883882907,,18159016.0,19571235.0
bd497cd,2026-04-07T11:16:18+01:00,linuxpc,16,4427,True,31.26,1.37451,50000,ByteCask/PutMT/Sync/real_time/threads:4_mean,aggregate,mean,3,5688186.567452262,186716.71428571094,714.7063741170319,,18095290.0,51983766.0
bd497cd,2026-04-07T11:16:18+01:00,linuxpc,16,4427,True,31.26,1.37451,50000,ByteCask/PutMT/Sync/real_time/threads:4_median,aggregate,median,3,5853527.261587303,187599.67857145204,683.3486582097712,,18159016.0,47999805.0
bd497cd,2026-04-07T11:16:18+01:00,linuxpc,16,4427,True,31.26,1.37451,50000,ByteCask/PutMT/Sync/real_time/threads:4_stddev,aggregate,stddev,3,862182.2249854113,5503.565279978272,114.06017181272613,,455600.91837367654,34577078.68647627
bd497cd,2026-04-07T11:16:18+01:00,linuxpc,16,4427,True,31.26,1.37451,50000,ByteCask/PutMT/Sync/real_time/threads:4_cv,aggregate,cv,3,0.15157418181724347,0.02947548269062192,0.15959025404473162,,0.025177873268329855,0.665151476068053
bd497cd,2026-04-07T11:16:18+01:00,linuxpc,16,4427,True,31.26,1.37451,50000,ByteCask/PutMT/Sync/real_time/threads:8,iteration,,64,7873054.626543308,146607.50000003353,1016.1240305673363,,38502623.0,97336014.0
bd497cd,2026-04-07T11:16:18+01:00,linuxpc,16,4427,True,31.26,1.37451,50000,ByteCask/PutMT/Sync/real_time/threads:8,iteration,,64,8192544.655685197,114293.81250000211,976.4975762992539,,36989730.0,102447239.0
bd497cd,2026-04-07T11:16:18+01:00,linuxpc,16,4427,True,31.26,1.37451,50000,ByteCask/PutMT/Sync/real_time/threads:8,iteration,,64,7965107.078234723,117584.92187493679,1004.380722245483,,34493395.0,103262365.0
bd497cd,2026-04-07T11:16:18+01:00,linuxpc,16,4427,True,31.26,1.37451,50000,ByteCask/PutMT/Sync/real_time/threads:8_mean,aggregate,mean,3,8010235.453487742,126162.07812499079,999.000776370691,,36661916.0,101015206.0
bd497cd,2026-04-07T11:16:18+01:00,linuxpc,16,4427,True,31.26,1.37451,50000,ByteCask/PutMT/Sync/real_time/threads:8_median,aggregate,median,3,7965107.078234724,117584.92187493679,1004.380722245483,,36989730.0,102447239.0
bd497cd,2026-04-07T11:16:18+01:00,linuxpc,16,4427,True,31.26,1.37451,50000,ByteCask/PutMT/Sync/real_time/threads:8_stddev,aggregate,stddev,3,164456.36919873182,17782.556255100113,20.35366877682835,,2024616.9521523695,3212234.1023991387
bd497cd,2026-04-07T11:16:18+01:00,linuxpc,16,4427,True,31.26,1.37451,50000,ByteCask/PutMT/Sync/real_time/threads:8_cv,aggregate,cv,3,0.020530778421391567,0.14095008991119065,0.020374026986016956,,0.055223980987583125,0.03179951048557124
bd497cd,2026-04-07T11:16:18+01:00,linuxpc,16,4427,True,31.26,1.37451,50000,ByteCask/PutMT/Sync/real_time/threads:16,iteration,,64,8053545.219809166,81617.21875001391,1986.7026959313616,,72351201.0,177889775.0
bd497cd,2026-04-07T11:16:18+01:00,linuxpc,16,4427,True,31.26,1.37451,50000,ByteCask/PutMT/Sync/real_time/threads:16,iteration,,64,11802521.670688294,83100.65625000658,1355.642501359366,,181253449.0,197815164.0
bd497cd,2026-04-07T11:16:18+01:00,linuxpc,16,4427,True,31.26,1.37451,50000,ByteCask/PutMT/Sync/real_time/threads:16,iteration,,64,11701741.482283978,81054.10937499216,1367.3178495887498,,178948396.0,196210674.0
bd497cd,2026-04-07T11:16:18+01:00,linuxpc,16,4427,True,31.26,1.37451,50000,ByteCask/PutMT/Sync/real_time/threads:16_mean,aggregate,mean,3,10519269.457593812,81923.99479167089,1569.887682293159,,144184348.66666666,190638537.66666666
bd497cd,2026-04-07T11:16:18+01:00,linuxpc,16,4427,True,31.26,1.37451,50000,ByteCask/PutMT/Sync/real_time/threads:16_median,aggregate,median,3,11701741.482283978,81617.21875001393,1367.3178495887498,,178948396.0,196210674.0
bd497cd,2026-04-07T11:16:18+01:00,linuxpc,16,4427,True,31.26,1.37451,50000,ByteCask/PutMT/Sync/real_time/threads:16_stddev,aggregate,stddev,3,2135974.2915570736,1057.2001620819713,361.01959106775735,,62220005.98769706,11069860.396060647
bd497cd,2026-04-07T11:16:18+01:00,linuxpc,16,4427,True,31.26,1.37451,50000,ByteCask/PutMT/Sync/real_time/threads:16_cv,aggregate,cv,3,0.20305348200916404,0.012904646126820168,0.2299652358189157,,0.4315309294182873,0.058067275019788527
bd497cd,2026-04-07T11:16:18+01:00,linuxpc,16,4427,True,31.26,1.37451,50000,RocksDB/PutMT/Sync/real_time/threads:2,iteration,,266,2840620.7478619213,246516.40225562637,704.071460966889,,4413193.0,9704196.0
bd497cd,2026-04-07T11:16:18+01:00,linuxpc,16,4427,True,31.26,1.37451,50000,RocksDB/PutMT/Sync/real_time/threads:2,iteration,,266,2756135.9811238106,228685.42857141682,725.6536011639392,,4335402.0,12429919.0
bd497cd,2026-04-07T11:16:18+01:00,linuxpc,16,4427,True,31.26,1.37451,50000,RocksDB/PutMT/Sync/real_time/threads:2,iteration,,266,2514748.120044981,181901.03383459456,795.3082792101764,,4189350.0,8900536.0
bd497cd,2026-04-07T11:16:18+01:00,linuxpc,16,4427,True,31.26,1.37451,50000,RocksDB/PutMT/Sync/real_time/threads:2_mean,aggregate,mean,3,2703834.9496769044,219034.2882205459,741.6777804470014,,4312648.333333333,10344883.666666666
bd497cd,2026-04-07T11:16:18+01:00,linuxpc,16,4427,True,31.26,1.37451,50000,RocksDB/PutMT/Sync/real_time/threads:2_median,aggregate,median,3,2756135.9811238106,228685.42857141676,725.6536011639392,,4335402.0,9704196.0
bd497cd,2026-04-07T11:16:18+01:00,linuxpc,16,4427,True,31.26,1.37451,50000,RocksDB/PutMT/Sync/real_time/threads:2_stddev,aggregate,stddev,3,169114.726762299,33371.31764855229,47.68249146239836,,113642.94598582831,1849863.9422498986
bd497cd,2026-04-07T11:16:18+01:00,linuxpc,16,4427,True,31.26,1.37451,50000,RocksDB/PutMT/Sync/real_time/threads:2_cv,aggregate,cv,3,0.0625462463167389,0.1523565918362091,0.06429003634659329,,0.026351081099624783,0.1788192116853415
bd497cd,2026-04-07T11:16:18+01:00,linuxpc,16,4427,True,31.26,1.37451,50000,RocksDB/PutMT/Sync/real_time/threads:4,iteration,,152,5194501.09928393,127675.22368419565,770.045077197386,,10843659.0,91476876.0
bd497cd,2026-04-07T11:16:18+01:00,linuxpc,16,4427,True,31.26,1.37451,50000,RocksDB/PutMT/Sync/real_time/threads:4,iteration,,152,2815332.2104787403,124898.70394733165,1420.7914736001296,,8679304.0,17468071.0
bd497cd,2026-04-07T11:16:18+01:00,linuxpc,16,4427,True,31.26,1.37451,50000,RocksDB/PutMT/Sync/real_time/threads:4,iteration,,152,3078635.5392161855,139451.5986842094,1299.276887129807,,8887356.0,24196120.0
bd497cd,2026-04-07T11:16:18+01:00,linuxpc,16,4427,True,31.26,1.37451,50000,RocksDB/PutMT/Sync/real_time/threads:4_mean,aggregate,mean,3,3696156.2829929516,130675.17543857888,1163.3711459757742,,9470106.333333332,44380355.666666664
bd497cd,2026-04-07T11:16:18+01:00,linuxpc,16,4427,True,31.26,1.37451,50000,RocksDB/PutMT/Sync/real_time/threads:4_median,aggregate,median,3,3078635.539216185,127675.22368419562,1299.276887129807,,8887356.0,24196120.0
bd497cd,2026-04-07T11:16:18+01:00,linuxpc,16,4427,True,31.26,1.37451,50000,RocksDB/PutMT/Sync/real_time/threads:4_stddev,aggregate,stddev,3,1304266.097125348,7726.349021506237,346.0064970007923,,1194071.4403905454,40925277.41466952
bd497cd,2026-04-07T11:16:18+01:00,linuxpc,16,4427,True,31.26,1.37451,50000,RocksDB/PutMT/Sync/real_time/threads:4_cv,aggregate,cv,3,0.3528709278681318,0.05912637190326822,0.29741712109473056,,0.12608849345097592,0.9221484776294347
bd497cd,2026-04-07T11:16:18+01:00,linuxpc,16,4427,True,31.26,1.37451,50000,RocksDB/PutMT/Sync/real_time/threads:8,iteration,,232,3450464.4141195277,98397.99137932579,2318.5284761272924,,21806463.0,39088828.0
bd497cd,2026-04-07T11:16:18+01:00,linuxpc,16,4427,True,31.26,1.37451,50000,RocksDB/PutMT/Sync/real_time/threads:8,iteration,,232,3483528.991888181,101183.41379308248,2296.521722261812,,25757077.0,39838002.0
bd497cd,2026-04-07T11:16:18+01:00,linuxpc,16,4427,True,31.26,1.37451,50000,RocksDB/PutMT/Sync/real_time/threads:8,iteration,,232,3825437.0173772573,115518.30172414442,2091.2643349399195,,27903385.0,60069059.0
bd497cd,2026-04-07T11:16:18+01:00,linuxpc,16,4427,True,31.26,1.37451,50000,RocksDB/PutMT/Sync/real_time/threads:8_mean,aggregate,mean,3,3586476.807794988,105033.23563218424,2235.438177776341,,25155641.666666664,46331963.0
bd497cd,2026-04-07T11:16:18+01:00,linuxpc,16,4427,True,31.26,1.37451,50000,RocksDB/PutMT/Sync/real_time/threads:8_median,aggregate,median,3,3483528.9918881804,101183.41379308247,2296.521722261812,,25757077.0,39838002.0
bd497cd,2026-04-07T11:16:18+01:00,linuxpc,16,4427,True,31.26,1.37451,50000,RocksDB/PutMT/Sync/real_time/threads:8_stddev,aggregate,stddev,3,207604.92021736654,9186.517442444947,125.34211990624476,,3092637.6790140546,11902569.903406607
bd497cd,2026-04-07T11:16:18+01:00,linuxpc,16,4427,True,31.26,1.37451,50000,RocksDB/PutMT/Sync/real_time/threads:8_cv,aggregate,cv,3,0.057885476846288246,0.0874629576738472,0.05607049264539555,,0.12294012293520856,0.2568975958002601
bd497cd,2026-04-07T11:16:18+01:00,linuxpc,16,4427,True,31.26,1.37451,50000,RocksDB/PutMT/Sync/real_time/threads:16,iteration,,64,15762310.451464146,112602.54687498041,1015.0796134404126,,242852750.0,282112048.0
bd497cd,2026-04-07T11:16:18+01:00,linuxpc,16,4427,True,31.26,1.37451,50000,RocksDB/PutMT/Sync/real_time/threads:16,iteration,,64,9171492.814857628,111933.45312500984,1744.5360665910712,,56570285.0,190521809.0
bd497cd,2026-04-07T11:16:18+01:00,linuxpc,16,4427,True,31.26,1.37451,50000,RocksDB/PutMT/Sync/real_time/threads:16,iteration,,64,5910337.452405656,94264.21874996537,2707.121231036918,,70073703.0,74679915.0
bd497cd,2026-04-07T11:16:18+01:00,linuxpc,16,4427,True,31.26,1.37451,50000,RocksDB/PutMT/Sync/real_time/threads:16_mean,aggregate,mean,3,10281380.23957581,106266.73958331853,1822.2456370228003,,123165579.33333333,182437924.0
bd497cd,2026-04-07T11:16:18+01:00,linuxpc,16,4427,True,31.26,1.37451,50000,RocksDB/PutMT/Sync/real_time/threads:16_median,aggregate,median,3,9171492.81485763,111933.45312500984,1744.5360665910712,,70073703.0,190521809.0
bd497cd,2026-04-07T11:16:18+01:00,linuxpc,16,4427,True,31.26,1.37451,50000,RocksDB/PutMT/Sync/real_time/threads:16_stddev,aggregate,stddev,3,5018887.383196103,10399.870257742241,848.6932849517327,,103871794.49236698,103952077.16901255
bd497cd,2026-04-07T11:16:18+01:00,linuxpc,16,4427,True,31.26,1.37451,50000,RocksDB/PutMT/Sync/real_time/threads:16_cv,aggregate,cv,3,0.4881530753893382,0.09786571319042131,0.4657403303422554,,0.8433508375846636,0.5697942340596495
bd497cd,2026-04-07T11:33:58+01:00,linuxpc,16,4427,True,31.26,0.171875,50000,ByteCask/Recovery//8/real_time,iteration,,40,16286255.195154808,5367892.549999976,,,,
bd497cd,2026-04-07T11:33:58+01:00,linuxpc,16,4427,True,31.26,0.171875,50000,ByteCask/Recovery//8/real_time,iteration,,40,17113884.798891377,6064933.850000021,,,,
bd497cd,2026-04-07T11:33:58+01:00,linuxpc,16,4427,True,31.26,0.171875,50000,ByteCask/Recovery//8/real_time,iteration,,40,19551381.675410084,8480249.150000008,,,,
bd497cd,2026-04-07T11:33:58+01:00,linuxpc,16,4427,True,31.26,0.171875,50000,ByteCask/Recovery//8/real_time_mean,aggregate,mean,3,17650507.22315209,6637691.8500000015,,,,
bd497cd,2026-04-07T11:33:58+01:00,linuxpc,16,4427,True,31.26,0.171875,50000,ByteCask/Recovery//8/real_time_median,aggregate,median,3,17113884.798891377,6064933.85000002,,,,
bd497cd,2026-04-07T11:33:58+01:00,linuxpc,16,4427,True,31.26,0.171875,50000,ByteCask/Recovery//8/real_time_stddev,aggregate,stddev,3,1697420.234556132,1633318.6144515488,,,,
bd497cd,2026-04-07T11:33:58+01:00,linuxpc,16,4427,True,31.26,0.171875,50000,ByteCask/Recovery//8/real_time_cv,aggregate,cv,3,96168354.43287621,246067255.20883417,,,,
bd497cd,2026-04-07T11:33:58+01:00,linuxpc,16,4427,True,31.26,0.171875,50000,ByteCask/Recovery//16/real_time,iteration,,39,17573283.441985648,7022857.846153854,,,,
bd497cd,2026-04-07T11:33:58+01:00,linuxpc,16,4427,True,31.26,0.171875,50000,ByteCask/Recovery//16/real_time,iteration,,39,20115596.51239226,9560028.051282097,,,,
bd497cd,2026-04-07T11:33:58+01:00,linuxpc,16,4427,True,31.26,0.171875,50000,ByteCask/Recovery//16/real_time,iteration,,39,20626917.717238076,10101407.820512803,,,,
bd497cd,2026-04-07T11:33:58+01:00,linuxpc,16,4427,True,31.26,0.171875,50000,ByteCask/Recovery//16/real_time_mean,aggregate,mean,3,19438599.223871995,8894764.572649585,,,,
bd497cd,2026-04-07T11:33:58+01:00,linuxpc,16,4427,True,31.26,0.171875,50000,ByteCask/Recovery//16/real_time_median,aggregate,median,3,20115596.51239226,9560028.051282097,,,,
bd497cd,2026-04-07T11:33:58+01:00,linuxpc,16,4427,True,31.26,0.171875,50000,ByteCask/Recovery//16/real_time_stddev,aggregate,stddev,3,1635516.6059220918,1643562.9310002294,,,,
bd497cd,2026-04-07T11:33:58+01:00,linuxpc,16,4427,True,31.26,0.171875,50000,ByteCask/Recovery//16/real_time_cv,aggregate,cv,3,84137575.29984774,184778688.35944274,,,,
bd497cd,2026-04-07T11:33:58+01:00,linuxpc,16,4427,True,31.26,0.171875,50000,ByteCask/Recovery//1/real_time,iteration,,56,13903339.069137083,11728563.946428584,,,,
bd497cd,2026-04-07T11:33:58+01:00,linuxpc,16,4427,True,31.26,0.171875,50000,ByteCask/Recovery//1/real_time,iteration,,56,14965029.070611177,13106708.642857166,,,,
bd497cd,2026-04-07T11:33:58+01:00,linuxpc,16,4427,True,31.26,0.171875,50000,ByteCask/Recovery//1/real_time,iteration,,56,24946872.890203457,23107183.66071426,,,,
bd497cd,2026-04-07T11:33:58+01:00,linuxpc,16,4427,True,31.26,0.171875,50000,ByteCask/Recovery//1/real_time_mean,aggregate,mean,3,17938413.67665057,15980818.75,,,,
bd497cd,2026-04-07T11:33:58+01:00,linuxpc,16,4427,True,31.26,0.171875,50000,ByteCask/Recovery//1/real_time_median,aggregate,median,3,14965029.070611177,13106708.642857166,,,,
bd497cd,2026-04-07T11:33:58+01:00,linuxpc,16,4427,True,31.26,0.171875,50000,ByteCask/Recovery//1/real_time_stddev,aggregate,stddev,3,6092673.618850218,6209962.023359572,,,,
bd497cd,2026-04-07T11:33:58+01:00,linuxpc,16,4427,True,31.26,0.171875,50000,ByteCask/Recovery//1/real_time_cv,aggregate,cv,3,339643946.70977575,388588477.2555581,,,,
bd497cd,2026-04-07T11:33:58+01:00,linuxpc,16,4427,True,31.26,0.171875,50000,ByteCask/Recovery//2/real_time,iteration,,41,15661259.780910503,4200434.121951258,,,,
bd497cd,2026-04-07T11:33:58+01:00,linuxpc,16,4427,True,31.26,0.171875,50000,ByteCask/Recovery//2/real_time,iteration,,41,23485854.0253055,10555679.951219454,,,,
bd497cd,2026-04-07T11:33:58+01:00,linuxpc,16,4427,True,31.26,0.171875,50000,ByteCask/Recovery//2/real_time,iteration,,41,24239829.07557951,11441895.658536585,,,,
bd497cd,2026-04-07T11:33:58+01:00,linuxpc,16,4427,True,31.26,0.171875,50000,ByteCask/Recovery//2/real_time_mean,aggregate,mean,3,21128980.9605985,8732669.9105691,,,,
bd497cd,2026-04-07T11:33:58+01:00,linuxpc,16,4427,True,31.26,0.171875,50000,ByteCask/Recovery//2/real_time_median,aggregate,median,3,23485854.0253055,10555679.951219454,,,,
bd497cd,2026-04-07T11:33:58+01:00,linuxpc,16,4427,True,31.26,0.171875,50000,ByteCask/Recovery//2/real_time_stddev,aggregate,stddev,3,4750168.4989288105,3949963.9875187716,,,,
bd497cd,2026-04-07T11:33:58+01:00,linuxpc,16,4427,True,31.26,0.171875,50000,ByteCask/Recovery//2/real_time_cv,aggregate,cv,3,224817680.88044396,452320313.02799547,,,,
bd497cd,2026-04-07T11:33:58+01:00,linuxpc,16,4427,True,31.26,0.171875,50000,ByteCask/Recovery//4/real_time,iteration,,38,18296428.631353926,7104613.605263148,,,,
bd497cd,2026-04-07T11:33:58+01:00,linuxpc,16,4427,True,31.26,0.171875,50000,ByteCask/Recovery//4/real_time,iteration,,38,19133006.968523227,7784435.921052601,,,,
bd497cd,2026-04-07T11:33:58+01:00,linuxpc,16,4427,True,31.26,0.171875,50000,ByteCask/Recovery//4/real_time,iteration,,38,23795542.740691945,12007938.131578907,,,,
bd497cd,2026-04-07T11:33:58+01:00,linuxpc,16,4427,True,31.26,0.171875,50000,ByteCask/Recovery//4/real_time_mean,aggregate,mean,3,20408326.113523033,8965662.552631551,,,,
bd497cd,2026-04-07T11:33:58+01:00,linuxpc,16,4427,True,31.26,0.171875,50000,ByteCask/Recovery//4/real_time_median,aggregate,median,3,19133006.968523227,7784435.921052601,,,,
bd497cd,2026-04-07T11:33:58+01:00,linuxpc,16,4427,True,31.26,0.171875,50000,ByteCask/Recovery//4/real_time_stddev,aggregate,stddev,3,2963088.454312885,2656524.067076366,,,,
bd497cd,2026-04-07T11:33:58+01:00,linuxpc,16,4427,True,31.26,0.171875,50000,ByteCask/Recovery//4/real_time_cv,aggregate,cv,3,145190175.70723125,296299805.1155336,,,,
bd497cd,2026-04-07T11:34:31+01:00,linuxpc,16,4427,True,31.26,0.481934,50000,ByteCask/Recovery/2/real_time,iteration,,58,13077990.380758097,2350067.7758620717,,,,
bd497cd,2026-04-07T11:34:31+01:00,linuxpc,16,4427,True,31.26,0.481934,50000,ByteCask/Recovery/2/real_time,iteration,,58,16949059.692580767,5375362.034482753,,,,
bd497cd,2026-04-07T11:34:31+01:00,linuxpc,16,4427,True,31.26,0.481934,50000,ByteCask/Recovery/2/real_time,iteration,,58,17652344.36105198,5965505.379310333,,,,
bd497cd,2026-04-07T11:34:31+01:00,linuxpc,16,4427,True,31.26,0.481934,50000,ByteCask/Recovery/2/real_time_mean,aggregate,mean,3,15893131.47813028,4563645.063218386,,,,
bd497cd,2026-04-07T11:34:31+01:00,linuxpc,16,4427,True,31.26,0.481934,50000,ByteCask/Recovery/2/real_time_median,aggregate,median,3,16949059.692580767,5375362.034482753,,,,
bd497cd,2026-04-07T11:34:31+01:00,linuxpc,16,4427,True,31.26,0.481934,50000,ByteCask/Recovery/2/real_time_stddev,aggregate,stddev,3,2463212.715096297,1939590.3168416445,,,,
bd497cd,2026-04-07T11:34:31+01:00,linuxpc,16,4427,True,31.26,0.481934,50000,ByteCask/Recovery/2/real_time_cv,aggregate,cv,3,154985989.9218601,425009020.1961941,,,,
bd497cd,2026-04-07T11:34:31+01:00,linuxpc,16,4427,True,31.26,0.481934,50000,ByteCask/Recovery/16/real_time,iteration,,38,19299958.759036504,8438260.210526276,,,,
bd497cd,2026-04-07T11:34:31+01:00,linuxpc,16,4427,True,31.26,0.481934,50000,ByteCask/Recovery/16/real_time,iteration,,38,20252789.055168826,9609746.921052694,,,,
bd497cd,2026-04-07T11:34:31+01:00,linuxpc,16,4427,True,31.26,0.481934,50000,ByteCask/Recovery/16/real_time,iteration,,38,21114132.602968693,10341992.894736841,,,,
bd497cd,2026-04-07T11:34:31+01:00,linuxpc,16,4427,True,31.26,0.481934,50000,ByteCask/Recovery/16/real_time_mean,aggregate,mean,3,20222293.472391337,9463333.34210527,,,,
bd497cd,2026-04-07T11:34:31+01:00,linuxpc,16,4427,True,31.26,0.481934,50000,ByteCask/Recovery/16/real_time_median,aggregate,median,3,20252789.055168826,9609746.921052692,,,,
bd497cd,2026-04-07T11:34:31+01:00,linuxpc,16,4427,True,31.26,0.481934,50000,ByteCask/Recovery/16/real_time_stddev,aggregate,stddev,3,907471.3050166384,960274.5624601571,,,,
bd497cd,2026-04-07T11:34:31+01:00,linuxpc,16,4427,True,31.26,0.481934,50000,ByteCask/Recovery/16/real_time_cv,aggregate,cv,3,44874796.5336163,101473183.6812301,,,,
bd497cd,2026-04-07T11:34:31+01:00,linuxpc,16,4427,True,31.26,0.481934,50000,ByteCask/Recovery/8/real_time,iteration,,52,14546453.824060826,3890551.4230769137,,,,
bd497cd,2026-04-07T11:34:31+01:00,linuxpc,16,4427,True,31.26,0.481934,50000,ByteCask/Recovery/8/real_time,iteration,,52,17952759.30691367,7171996.230769224,,,,
bd497cd,2026-04-07T11:34:31+01:00,linuxpc,16,4427,True,31.26,0.481934,50000,ByteCask/Recovery/8/real_time,iteration,,52,22504925.11554442,11485064.173076803,,,,
bd497cd,2026-04-07T11:34:31+01:00,linuxpc,16,4427,True,31.26,0.481934,50000,ByteCask/Recovery/8/real_time_mean,aggregate,mean,3,18334712.74883964,7515870.608974313,,,,
bd497cd,2026-04-07T11:34:31+01:00,linuxpc,16,4427,True,31.26,0.481934,50000,ByteCask/Recovery/8/real_time_median,aggregate,median,3,17952759.306913674,7171996.230769225,,,,
bd497cd,2026-04-07T11:34:31+01:00,linuxpc,16,4427,True,31.26,0.481934,50000,ByteCask/Recovery/8/real_time_stddev,aggregate,stddev,3,3992960.386504176,3808916.272178632,,,,
bd497cd,2026-04-07T11:34:31+01:00,linuxpc,16,4427,True,31.26,0.481934,50000,ByteCask/Recovery/8/real_time_cv,aggregate,cv,3,217781453.20312592,506783108.74998325,,,,
bd497cd,2026-04-07T11:34:31+01:00,linuxpc,16,4427,True,31.26,0.481934,50000,ByteCask/Recovery/1/real_time,iteration,,32,23602528.315677773,21647750.99999991,,,,
bd497cd,2026-04-07T11:34:31+01:00,linuxpc,16,4427,True,31.26,0.481934,50000,ByteCask/Recovery/1/real_time,iteration,,32,26445145.40770615,24394563.000000007,,,,
bd497cd,2026-04-07T11:34:31+01:00,linuxpc,16,4427,True,31.26,0.481934,50000,ByteCask/Recovery/1/real_time,iteration,,32,28797861.374187052,26340750.281249993,,,,
bd497cd,2026-04-07T11:34:31+01:00,linuxpc,16,4427,True,31.26,0.481934,50000,ByteCask/Recovery/1/real_time_mean,aggregate,mean,3,26281845.032523658,24127688.09374997,,,,
bd497cd,2026-04-07T11:34:31+01:00,linuxpc,16,4427,True,31.26,0.481934,50000,ByteCask/Recovery/1/real_time_median,aggregate,median,3,26445145.40770615,24394563.000000007,,,,
bd497cd,2026-04-07T11:34:31+01:00,linuxpc,16,4427,True,31.26,0.481934,50000,ByteCask/Recovery/1/real_time_stddev,aggregate,stddev,3,2601513.339695006,2357854.3689428875,,,,
bd497cd,2026-04-07T11:34:31+01:00,linuxpc,16,4427,True,31.26,0.481934,50000,ByteCask/Recovery/1/real_time_cv,aggregate,cv,3,98985186.78866138,97724007.36370866,,,,
bd497cd,2026-04-07T11:34:31+01:00,linuxpc,16,4427,True,31.26,0.481934,50000,ByteCask/Recovery/4/real_time,iteration,,48,15503998.620260973,4581623.125000007,,,,
bd497cd,2026-04-07T11:34:31+01:00,linuxpc,16,4427,True,31.26,0.481934,50000,ByteCask/Recovery/4/real_time,iteration,,48,22354608.91461116,10423380.875000019,,,,
bd497cd,2026-04-07T11:34:31+01:00,linuxpc,16,4427,True,31.26,0.481934,50000,ByteCask/Recovery/4/real_time,iteration,,48,24453704.35210255,12510340.604166633,,,,
bd497cd,2026-04-07T11:34:31+01:00,linuxpc,16,4427,True,31.26,0.481934,50000,ByteCask/Recovery/4/real_time_mean,aggregate,mean,3,20770770.628991563,9171781.53472222,,,,
bd497cd,2026-04-07T11:34:31+01:00,linuxpc,16,4427,True,31.26,0.481934,50000,ByteCask/Recovery/4/real_time_median,aggregate,median,3,22354608.91461116,10423380.875000019,,,,
bd497cd,2026-04-07T11:34:31+01:00,linuxpc,16,4427,True,31.26,0.481934,50000,ByteCask/Recovery/4/real_time_stddev,aggregate,stddev,3,4680354.25559703,4109868.111940875,,,,
bd497cd,2026-04-07T11:34:31+01:00,linuxpc,16,4427,True,31.26,0.481934,50000,ByteCask/Recovery/4/real_time_cv,aggregate,cv,3,225333683.53046346,448099215.66294134,,,,
bd497cd,2026-04-07T11:35:22+01:00,linuxpc,16,4427,True,31.26,0.561035,1000000,ByteCask/Recovery/1/real_time,iteration,,1,558401089.9765418,546133991.9999996,,,,
bd497cd,2026-04-07T11:35:22+01:00,linuxpc,16,4427,True,31.26,0.561035,1000000,ByteCask/Recovery/1/real_time,iteration,,1,247826455.04456013,244689617.99999976,,,,
bd497cd,2026-04-07T11:35:22+01:00,linuxpc,16,4427,True,31.26,0.561035,1000000,ByteCask/Recovery/1/real_time,iteration,,1,260169263.9873363,257058731.00000077,,,,
bd497cd,2026-04-07T11:35:22+01:00,linuxpc,16,4427,True,31.26,0.561035,1000000,ByteCask/Recovery/1/real_time_mean,aggregate,mean,3,355465603.00281274,349294113.66666675,,,,
bd497cd,2026-04-07T11:35:22+01:00,linuxpc,16,4427,True,31.26,0.561035,1000000,ByteCask/Recovery/1/real_time_median,aggregate,median,3,260169263.9873363,257058731.00000077,,,,
bd497cd,2026-04-07T11:35:22+01:00,linuxpc,16,4427,True,31.26,0.561035,1000000,ByteCask/Recovery/1/real_time_stddev,aggregate,stddev,3,175855608.77634212,170580485.44840255,,,,
bd497cd,2026-04-07T11:35:22+01:00,linuxpc,16,4427,True,31.26,0.561035,1000000,ByteCask/Recovery/1/real_time_cv,aggregate,cv,3,494719059.4273917,488357744.30252326,,,,
bd497cd,2026-04-07T11:35:22+01:00,linuxpc,16,4427,True,31.26,0.561035,1000000,ByteCask/Recovery/16/real_time,iteration,,8,87535638.75507098,28766275.49999988,,,,
bd497cd,2026-04-07T11:35:22+01:00,linuxpc,16,4427,True,31.26,0.561035,1000000,ByteCask/Recovery/16/real_time,iteration,,8,93486129.61912295,35759862.37500017,,,,
bd497cd,2026-04-07T11:35:22+01:00,linuxpc,16,4427,True,31.26,0.561035,1000000,ByteCask/Recovery/16/real_time,iteration,,8,88881051.50253978,32624799.124999937,,,,
bd497cd,2026-04-07T11:35:22+01:00,linuxpc,16,4427,True,31.26,0.561035,1000000,ByteCask/Recovery/16/real_time_mean,aggregate,mean,3,89967606.6255779,32383645.66666666,,,,
bd497cd,2026-04-07T11:35:22+01:00,linuxpc,16,4427,True,31.26,0.561035,1000000,ByteCask/Recovery/16/real_time_median,aggregate,median,3,88881051.50253978,32624799.124999937,,,,
bd497cd,2026-04-07T11:35:22+01:00,linuxpc,16,4427,True,31.26,0.561035,1000000,ByteCask/Recovery/16/real_time_stddev,aggregate,stddev,3,3120502.6690166253,3503024.491406502,,,,
bd497cd,2026-04-07T11:35:22+01:00,linuxpc,16,4427,True,31.26,0.561035,1000000,ByteCask/Recovery/16/real_time_cv,aggregate,cv,3,34684735.82945645,108172641.44574858,,,,
bd497cd,2026-04-07T11:35:22+01:00,linuxpc,16,4427,True,31.26,0.561035,1000000,ByteCask/Recovery/4/real_time,iteration,,9,80585730.11334778,26019367.55555556,,,,
bd497cd,2026-04-07T11:35:22+01:00,linuxpc,16,4427,True,31.26,0.561035,1000000,ByteCask/Recovery/4/real_time,iteration,,9,88039079.44174069,31021901.888888966,,,,
bd497cd,2026-04-07T11:35:22+01:00,linuxpc,16,4427,True,31.26,0.561035,1000000,ByteCask/Recovery/4/real_time,iteration,,9,84567019.56068476,29434238.999999627,,,,
bd497cd,2026-04-07T11:35:22+01:00,linuxpc,16,4427,True,31.26,0.561035,1000000,ByteCask/Recovery/4/real_time_mean,aggregate,mean,3,84397276.3719244,28825169.48148138,,,,
bd497cd,2026-04-07T11:35:22+01:00,linuxpc,16,4427,True,31.26,0.561035,1000000,ByteCask/Recovery/4/real_time_median,aggregate,median,3,84567019.56068476,29434238.999999627,,,,
bd497cd,2026-04-07T11:35:22+01:00,linuxpc,16,4427,True,31.26,0.561035,1000000,ByteCask/Recovery/4/real_time_stddev,aggregate,stddev,3,3729572.8462331193,2556278.877164236,,,,
bd497cd,2026-04-07T11:35:22+01:00,linuxpc,16,4427,True,31.26,0.561035,1000000,ByteCask/Recovery/4/real_time_cv,aggregate,cv,3,44190677.786775105,88682180.30102156,,,,
bd497cd,2026-04-07T11:35:22+01:00,linuxpc,16,4427,True,31.26,0.561035,1000000,ByteCask/Recovery/8/real_time,iteration,,8,86123206.87825559,24857984.374999974,,,,
bd497cd,2026-04-07T11:35:22+01:00,linuxpc,16,4427,True,31.26,0.561035,1000000,ByteCask/Recovery/8/real_time,iteration,,8,89152689.87766467,31427848.749999933,,,,
bd497cd,2026-04-07T11:35:22+01:00,linuxpc,16,4427,True,31.26,0.561035,1000000,ByteCask/Recovery/8/real_time,iteration,,8,89847851.88658862,30512873.625000436,,,,
bd497cd,2026-04-07T11:35:22+01:00,linuxpc,16,4427,True,31.26,0.561035,1000000,ByteCask/Recovery/8/real_time_mean,aggregate,mean,3,88374582.8808363,28932902.250000115,,,,
bd497cd,2026-04-07T11:35:22+01:00,linuxpc,16,4427,True,31.26,0.561035,1000000,ByteCask/Recovery/8/real_time_median,aggregate,median,3,89152689.87766467,30512873.625000436,,,,
bd497cd,2026-04-07T11:35:22+01:00,linuxpc,16,4427,True,31.26,0.561035,1000000,ByteCask/Recovery/8/real_time_stddev,aggregate,stddev,3,1980488.066970378,3558512.559460592,,,,
bd497cd,2026-04-07T11:35:22+01:00,linuxpc,16,4427,True,31.26,0.561035,1000000,ByteCask/Recovery/8/real_time_cv,aggregate,cv,3,22410154.62150305,122991897.8992361,,,,
bd497cd,2026-04-07T11:35:22+01:00,linuxpc,16,4427,True,31.26,0.561035,1000000,ByteCask/Recovery/2/real_time,iteration,,5,121858465.19423649,23002580.600000046,,,,
bd497cd,2026-04-07T11:35:22+01:00,linuxpc,16,4427,True,31.26,0.561035,1000000,ByteCask/Recovery/2/real_time,iteration,,5,133393195.38790734,26940769.39999981,,,,
bd497cd,2026-04-07T11:35:22+01:00,linuxpc,16,4427,True,31.26,0.561035,1000000,ByteCask/Recovery/2/real_time,iteration,,5,135231421.39893025,32483029.000000127,,,,
bd497cd,2026-04-07T11:35:22+01:00,linuxpc,16,4427,True,31.26,0.561035,1000000,ByteCask/Recovery/2/real_time_mean,aggregate,mean,3,130161027.32702467,27475459.666666657,,,,
bd497cd,2026-04-07T11:35:22+01:00,linuxpc,16,4427,True,31.26,0.561035,1000000,ByteCask/Recovery/2/real_time_median,aggregate,median,3,133393195.38790731,26940769.399999812,,,,
bd497cd,2026-04-07T11:35:22+01:00,linuxpc,16,4427,True,31.26,0.561035,1000000,ByteCask/Recovery/2/real_time_stddev,aggregate,stddev,3,7248735.903142503,4762787.600472788,,,,
bd497cd,2026-04-07T11:35:22+01:00,linuxpc,16,4427,True,31.26,0.561035,1000000,ByteCask/Recovery/2/real_time_cv,aggregate,cv,3,55690524.66780496,173346967.0118394,,,,
bd497cd,2026-04-07T11:35:53+01:00,linuxpc,16,4427,True,31.26,0.81543,1000000,ByteCask/Recovery/1/real_time,iteration,,1,605617522.9605287,575870750.0,,,,
bd497cd,2026-04-07T11:35:53+01:00,linuxpc,16,4427,True,31.26,0.81543,1000000,ByteCask/Recovery/1/real_time,iteration,,1,234831218.08385476,231979154.99999943,,,,
bd497cd,2026-04-07T11:35:53+01:00,linuxpc,16,4427,True,31.26,0.81543,1000000,ByteCask/Recovery/1/real_time,iteration,,1,255239704.97306436,252054499.99999896,,,,
bd497cd,2026-04-07T11:35:53+01:00,linuxpc,16,4427,True,31.26,0.81543,1000000,ByteCask/Recovery/1/real_time_mean,aggregate,mean,3,365229482.005816,353301468.33333284,,,,
bd497cd,2026-04-07T11:35:53+01:00,linuxpc,16,4427,True,31.26,0.81543,1000000,ByteCask/Recovery/1/real_time_median,aggregate,median,3,255239704.97306436,252054499.99999896,,,,
bd497cd,2026-04-07T11:35:53+01:00,linuxpc,16,4427,True,31.26,0.81543,1000000,ByteCask/Recovery/1/real_time_stddev,aggregate,stddev,3,208432085.48544115,193011835.71332982,,,,
bd497cd,2026-04-07T11:35:53+01:00,linuxpc,16,4427,True,31.26,0.81543,1000000,ByteCask/Recovery/1/real_time_cv,aggregate,cv,3,570688007.8266027,546309180.7227564,,,,
bd497cd,2026-04-07T11:35:53+01:00,linuxpc,16,4427,True,31.26,0.81543,1000000,ByteCask/Recovery/2/real_time,iteration,,4,130952490.23172073,23268929.000000328,,,,
bd497cd,2026-04-07T11:35:53+01:00,linuxpc,16,4427,True,31.26,0.81543,1000000,ByteCask/Recovery/2/real_time,iteration,,4,130601610.4936134,24592701.500000257,,,,
bd497cd,2026-04-07T11:35:53+01:00,linuxpc,16,4427,True,31.26,0.81543,1000000,ByteCask/Recovery/2/real_time,iteration,,4,123503122.23134097,25138136.250000052,,,,
bd497cd,2026-04-07T11:35:53+01:00,linuxpc,16,4427,True,31.26,0.81543,1000000,ByteCask/Recovery/2/real_time_mean,aggregate,mean,3,128352407.65222503,24333255.583333544,,,,
bd497cd,2026-04-07T11:35:53+01:00,linuxpc,16,4427,True,31.26,0.81543,1000000,ByteCask/Recovery/2/real_time_median,aggregate,median,3,130601610.4936134,24592701.500000257,,,,
bd497cd,2026-04-07T11:35:53+01:00,linuxpc,16,4427,True,31.26,0.81543,1000000,ByteCask/Recovery/2/real_time_stddev,aggregate,stddev,3,4203267.2967057545,961232.5803982624,,,,
bd497cd,2026-04-07T11:35:53+01:00,linuxpc,16,4427,True,31.26,0.81543,1000000,ByteCask/Recovery/2/real_time_cv,aggregate,cv,3,32747864.832381193,39502835.003164746,,,,
bd497cd,2026-04-07T11:35:53+01:00,linuxpc,16,4427,True,31.26,0.81543,1000000,ByteCask/Recovery/4/real_time,iteration,,8,82808747.74209224,27137509.87500008,,,,
bd497cd,2026-04-07T11:35:53+01:00,linuxpc,16,4427,True,31.26,0.81543,1000000,ByteCask/Recovery/4/real_time,iteration,,8,83889288.73318946,25824614.749999754,,,,
bd497cd,2026-04-07T11:35:53+01:00,linuxpc,16,4427,True,31.26,0.81543,1000000,ByteCask/Recovery/4/real_time,iteration,,8,85257798.63703065,26764294.74999964,,,,
bd497cd,2026-04-07T11:35:53+01:00,linuxpc,16,4427,True,31.26,0.81543,1000000,ByteCask/Recovery/4/real_time_mean,aggregate,mean,3,83985278.37077078,26575473.12499982,,,,
bd497cd,2026-04-07T11:35:53+01:00,linuxpc,16,4427,True,31.26,0.81543,1000000,ByteCask/Recovery/4/real_time_median,aggregate,median,3,83889288.73318946,26764294.74999964,,,,
bd497cd,2026-04-07T11:35:53+01:00,linuxpc,16,4427,True,31.26,0.81543,1000000,ByteCask/Recovery/4/real_time_stddev,aggregate,stddev,3,1227343.9124360557,676508.393786281,,,,
bd497cd,2026-04-07T11:35:53+01:00,linuxpc,16,4427,True,31.26,0.81543,1000000,ByteCask/Recovery/4/real_time_cv,aggregate,cv,3,14613798.23041946,25456118.527195003,,,,
bd497cd,2026-04-07T11:35:53+01:00,linuxpc,16,4427,True,31.26,0.81543,1000000,ByteCask/Recovery/8/real_time,iteration,,9,89334384.32480519,30891281.00000001,,,,
bd497cd,2026-04-07T11:35:53+01:00,linuxpc,16,4427,True,31.26,0.81543,1000000,ByteCask/Recovery/8/real_time,iteration,,9,91117623.65015845,33583683.666666925,,,,
bd497cd,2026-04-07T11:35:53+01:00,linuxpc,16,4427,True,31.26,0.81543,1000000,ByteCask/Recovery/8/real_time,iteration,,9,85340771.22910982,28999610.555555418,,,,
bd497cd,2026-04-07T11:35:53+01:00,linuxpc,16,4427,True,31.26,0.81543,1000000,ByteCask/Recovery/8/real_time_mean,aggregate,mean,3,88597593.06802446,31158191.740740787,,,,
bd497cd,2026-04-07T11:35:53+01:00,linuxpc,16,4427,True,31.26,0.81543,1000000,ByteCask/Recovery/8/real_time_median,aggregate,median,3,89334384.32480519,30891281.00000001,,,,
bd497cd,2026-04-07T11:35:53+01:00,linuxpc,16,4427,True,31.26,0.81543,1000000,ByteCask/Recovery/8/real_time_stddev,aggregate,stddev,3,2958065.5825551874,2303662.861541541,,,,
bd497cd,2026-04-07T11:35:53+01:00,linuxpc,16,4427,True,31.26,0.81543,1000000,ByteCask/Recovery/8/real_time_cv,aggregate,cv,3,33387651.74223198,73934420.86465482,,,,
bd497cd,2026-04-07T11:35:53+01:00,linuxpc,16,4427,True,31.26,0.81543,1000000,ByteCask/Recovery/16/real_time,iteration,,7,88603428.28224279,35151056.9999997,,,,
bd497cd,2026-04-07T11:35:53+01:00,linuxpc,16,4427,True,31.26,0.81543,1000000,ByteCask/Recovery/16/real_time,iteration,,7,95293658.14523771,39486053.85714288,,,,
bd497cd,2026-04-07T11:35:53+01:00,linuxpc,16,4427,True,31.26,0.81543,1000000,ByteCask/Recovery/16/real_time,iteration,,7,96004226.56928588,38289405.2857145,,,,
bd497cd,2026-04-07T11:35:53+01:00,linuxpc,16,4427,True,31.26,0.81543,1000000,ByteCask/Recovery/16/real_time_mean,aggregate,mean,3,93300437.66558878,37642172.04761902,,,,
bd497cd,2026-04-07T11:35:53+01:00,linuxpc,16,4427,True,31.26,0.81543,1000000,ByteCask/Recovery/16/real_time_median,aggregate,median,3,95293658.14523771,38289405.2857145,,,,
bd497cd,2026-04-07T11:35:53+01:00,linuxpc,16,4427,True,31.26,0.81543,1000000,ByteCask/Recovery/16/real_time_stddev,aggregate,stddev,3,4083215.6117141526,2238801.595995464,,,,
bd497cd,2026-04-07T11:35:53+01:00,linuxpc,16,4427,True,31.26,0.81543,1000000,ByteCask/Recovery/16/real_time_cv,aggregate,cv,3,43764163.533180624,59475887.66034224,,,,
bd497cd,2026-04-07T11:54:36+01:00,linuxpc,16,4427,True,31.26,0.00390625,50000,ByteCask/Put/NoSync/real_time,iteration,,127579,5741.305747592863,5710.85343982944,174176.40584970877,,5170.0,10560.0
bd497cd,2026-04-07T11:54:36+01:00,linuxpc,16,4427,True,31.26,0.00390625,50000,ByteCask/Put/NoSync/real_time,iteration,,127579,7152.409604820179,6016.003589932512,139813.0217998248,,5200.0,10380.0
bd497cd,2026-04-07T11:54:36+01:00,linuxpc,16,4427,True,31.26,0.00390625,50000,ByteCask/Put/NoSync/real_time,iteration,,127579,5336.003174839038,5308.0443333150415,187406.1853477374,,4810.0,9500.0
bd497cd,2026-04-07T11:54:36+01:00,linuxpc,16,4427,True,31.26,0.00390625,50000,ByteCask/Put/NoSync/real_time_mean,aggregate,mean,3,6076.57284241736,5678.300454358999,167131.87099909032,,5060.0,10146.666666666666
bd497cd,2026-04-07T11:54:36+01:00,linuxpc,16,4427,True,31.26,0.00390625,50000,ByteCask/Put/NoSync/real_time_median,aggregate,median,3,5741.305747592863,5710.85343982944,174176.40584970877,,5170.0,10380.0
bd497cd,2026-04-07T11:54:36+01:00,linuxpc,16,4427,True,31.26,0.00390625,50000,ByteCask/Put/NoSync/real_time_stddev,aggregate,stddev,3,953.4862864106885,355.10047860410015,24566.1638757616,,217.02534414210706,567.2154205708298
bd497cd,2026-04-07T11:54:36+01:00,linuxpc,16,4427,True,31.26,0.00390625,50000,ByteCask/Put/NoSync/real_time_cv,aggregate,cv,3,0.1569118500077712,0.06253640177343982,0.146986710128407,,0.04289038421780772,0.05590165117320925
bd497cd,2026-04-07T11:54:36+01:00,linuxpc,16,4427,True,31.26,0.00390625,50000,ByteCask/Put/Sync/real_time,iteration,,349,2007977.065982505,219388.09742120394,498.01365610254066,,1927013.0,4038439.0
bd497cd,2026-04-07T11:54:36+01:00,linuxpc,16,4427,True,31.26,0.00390625,50000,ByteCask/Put/Sync/real_time,iteration,,349,2112581.6474575284,251109.03724928363,473.35448606376485,,2058395.0,3513513.0
bd497cd,2026-04-07T11:54:36+01:00,linuxpc,16,4427,True,31.26,0.00390625,50000,ByteCask/Put/Sync/real_time,iteration,,349,2142347.8595803045,280860.7936962759,466.7776036128439,,2068095.0,4961111.0
bd497cd,2026-04-07T11:54:36+01:00,linuxpc,16,4427,True,31.26,0.00390625,50000,ByteCask/Put/Sync/real_time_mean,aggregate,mean,3,2087635.5243401127,250452.64278892116,479.38191525971644,,2017834.3333333333,4171021.0
bd497cd,2026-04-07T11:54:36+01:00,linuxpc,16,4427,True,31.26,0.00390625,50000,ByteCask/Put/Sync/real_time_median,aggregate,median,3,2112581.6474575284,251109.03724928363,473.35448606376485,,2058395.0,4038439.0
bd497cd,2026-04-07T11:54:36+01:00,linuxpc,16,4427,True,31.26,0.00390625,50000,ByteCask/Put/Sync/real_time_stddev,aggregate,stddev,3,70573.43223174273,30741.604335127457,16.467245392566237,,78802.97228743178,732849.5633102308
bd497cd,2026-04-07T11:54:36+01:00,linuxpc,16,4427,True,31.26,0.00390625,50000,ByteCask/Put/Sync/real_time_cv,aggregate,cv,3,0.03380543749563301,0.12274418026818808,0.03435099420395264,,0.039053241877024816,0.17570028137240998
bd497cd,2026-04-07T11:54:36+01:00,linuxpc,16,4427,True,31.26,0.00390625,50000,ByteCask/Del/Sync/real_time,iteration,,383,1559097.2532749213,180011.38903394222,641.3968069660028,,2019155.0,3391811.0
bd497cd,2026-04-07T11:54:36+01:00,linuxpc,16,4427,True,31.26,0.00390625,50000,ByteCask/Del/Sync/real_time,iteration,,383,130.0261878741628,129.8172323754799,7690758.426047094,,90.0,130.0
bd497cd,2026-04-07T11:54:36+01:00,linuxpc,16,4427,True,31.26,0.00390625,50000,ByteCask/Del/Sync/real_time,iteration,,383,126.44907634695579,126.3968668413075,7908321.902298139,,90.0,100.0
bd497cd,2026-04-07T11:54:36+01:00,linuxpc,16,4427,True,31.26,0.00390625,50000,ByteCask/Del/Sync/real_time_mean,aggregate,mean,3,519784.5761797141,60089.20104438633,5199907.241717399,,673111.6666666666,1130680.3333333333
bd497cd,2026-04-07T11:54:36+01:00,linuxpc,16,4427,True,31.26,0.00390625,50000,ByteCask/Del/Sync/real_time_median,aggregate,median,3,130.0261878741628,129.8172323754799,7690758.426047094,,90.0,130.0
bd497cd,2026-04-07T11:54:36+01:00,linuxpc,16,4427,True,31.26,0.00390625,50000,ByteCask/Del/Sync/real_time_stddev,aggregate,stddev,3,900071.1808414398,103855.6612904492,4504010.153306581,,1165707.7212613516,1958196.598666828
bd497cd,2026-04-07T11:54:36+01:00,linuxpc,16,4427,True,31.26,0.00390625,50000,ByteCask/Del/Sync/real_time_cv,aggregate,cv,3,1.7316234880548718,1.7283581656167093,0.8661712495892561,,1.7318192195866733,1.7318746430247995
bd497cd,2026-04-07T11:54:36+01:00,linuxpc,16,4427,True,31.26,0.00390625,50000,ByteCask/Get/real_time,iteration,,883481,816.9190893246623,797.3387826110576,1224111.4365765264,,730.0,1210.0
bd497cd,2026-04-07T11:54:36+01:00,linuxpc,16,4427,True,31.26,0.00390625,50000,ByteCask/Get/real_time,iteration,,883481,795.51963309145,791.2820479444377,1257040.0005263523,,730.0,1170.0
bd497cd,2026-04-07T11:54:36+01:00,linuxpc,16,4427,True,31.26,0.00390625,50000,ByteCask/Get/real_time,iteration,,883481,790.8002198182439,786.8447448219038,1264541.8842066561,,730.0,1250.0
bd497cd,2026-04-07T11:54:36+01:00,linuxpc,16,4427,True,31.26,0.00390625,50000,ByteCask/Get/real_time_mean,aggregate,mean,3,801.0796474114521,791.8218584591331,1248564.4404365115,,730.0,1210.0
bd497cd,2026-04-07T11:54:36+01:00,linuxpc,16,4427,True,31.26,0.00390625,50000,ByteCask/Get/real_time_median,aggregate,median,3,795.51963309145,791.2820479444376,1257040.0005263523,,730.0,1210.0
bd497cd,2026-04-07T11:54:36+01:00,linuxpc,16,4427,True,31.26,0.00390625,50000,ByteCask/Get/real_time_stddev,aggregate,stddev,3,13.918841744278696,5.267803510385589,21506.548142856307,,0.0,39.99999999999709
bd497cd,2026-04-07T11:54:36+01:00,linuxpc,16,4427,True,31.26,0.00390625,50000,ByteCask/Get/real_time_cv,aggregate,cv,3,0.017375103448520984,0.006652763439287483,0.017225020548668986,,0.0,0.033057851239667015
bd497cd,2026-04-07T11:54:36+01:00,linuxpc,16,4427,True,31.26,0.00390625,50000,ByteCask/Range50/real_time,iteration,,19206,34667.144903364606,34520.9989065917,,28845.755910604144,35081.0,42800.0
bd497cd,2026-04-07T11:54:36+01:00,linuxpc,16,4427,True,31.26,0.00390625,50000,ByteCask/Range50/real_time,iteration,,19206,32996.86348088622,32863.556492762655,,30305.91075964722,32040.0,40331.0
bd497cd,2026-04-07T11:54:36+01:00,linuxpc,16,4427,True,31.26,0.00390625,50000,ByteCask/Range50/real_time,iteration,,19206,36072.611060460185,35909.29553264603,,27721.863502587352,35320.0,44310.0
bd497cd,2026-04-07T11:54:36+01:00,linuxpc,16,4427,True,31.26,0.00390625,50000,ByteCask/Range50/real_time_mean,aggregate,mean,3,34578.873148237,34431.28364400013,,28957.843390946236,34147.0,42480.33333333333
bd497cd,2026-04-07T11:54:36+01:00,linuxpc,16,4427,True,31.26,0.00390625,50000,ByteCask/Range50/real_time_median,aggregate,median,3,34667.144903364606,34520.9989065917,,28845.755910604144,35081.0,42800.0
bd497cd,2026-04-07T11:54:36+01:00,linuxpc,16,4427,True,31.26,0.00390625,50000,ByteCask/Range50/real_time_stddev,aggregate,stddev,3,1539.7726197004229,1524.8502208493007,,1295.6649872235291,1828.624346332445,2008.6687963259972
bd497cd,2026-04-07T11:54:36+01:00,linuxpc,16,4427,True,31.26,0.00390625,50000,ByteCask/Range50/real_time_cv,aggregate,cv,3,0.04452928853694956,0.044286766552632306,,0.04474314505163126,0.053551537362943886,0.04728467595968324
bd497cd,2026-04-07T11:54:36+01:00,linuxpc,16,4427,True,31.26,0.00390625,50000,ByteCask/MixedBatch/Sync/real_time,iteration,,232,2851159.8748395797,897361.0431034468,35073.445330955525,,2745094.0,5510597.0
bd497cd,2026-04-07T11:54:36+01:00,linuxpc,16,4427,True,31.26,0.00390625,50000,ByteCask/MixedBatch/Sync/real_time,iteration,,232,2782702.0518277,860128.0560344877,35936.294341796034,,2720123.0,4271732.0
bd497cd,2026-04-07T11:54:36+01:00,linuxpc,16,4427,True,31.26,0.00390625,50000,ByteCask/MixedBatch/Sync/real_time,iteration,,232,2813780.4053177866,851479.3965517243,35539.37606893885,,2698263.0,5162384.0
bd497cd,2026-04-07T11:54:36+01:00,linuxpc,16,4427,True,31.26,0.00390625,50000,ByteCask/MixedBatch/Sync/real_time_mean,aggregate,mean,3,2815880.7773283552,869656.1652298863,35516.3719138968,,2721160.0,4981571.0
bd497cd,2026-04-07T11:54:36+01:00,linuxpc,16,4427,True,31.26,0.00390625,50000,ByteCask/MixedBatch/Sync/real_time_median,aggregate,median,3,2813780.4053177866,860128.0560344877,35539.37606893885,,2720123.0,5162384.0
bd497cd,2026-04-07T11:54:36+01:00,linuxpc,16,4427,True,31.26,0.00390625,50000,ByteCask/MixedBatch/Sync/real_time_stddev,aggregate,stddev,3,34277.208970650376,24379.705109043698,431.88424055410223,,23432.715741010972,638918.3263790451
bd497cd,2026-04-07T11:54:36+01:00,linuxpc,16,4427,True,31.26,0.00390625,50000,ByteCask/MixedBatch/Sync/real_time_cv,aggregate,cv,3,0.01217281968989178,0.028033728827299386,0.01216014523108187,,0.008611296557722064,0.1282563926879784
bd497cd,2026-04-07T11:54:36+01:00,linuxpc,16,4427,True,31.26,0.00390625,50000,RocksDB/Put/NoSync/real_time,iteration,,118117,6085.975583522021,6045.925810848566,164312.19387529796,,5530.0,11470.0
bd497cd,2026-04-07T11:54:36+01:00,linuxpc,16,4427,True,31.26,0.00390625,50000,RocksDB/Put/NoSync/real_time,iteration,,118117,5896.367779473117,5868.68786034186,169595.93386987763,,5530.0,11411.0
bd497cd,2026-04-07T11:54:36+01:00,linuxpc,16,4427,True,31.26,0.00390625,50000,RocksDB/Put/NoSync/real_time,iteration,,118117,5781.318988646843,5752.894926217221,172970.90888147947,,5140.0,11430.0
bd497cd,2026-04-07T11:54:36+01:00,linuxpc,16,4427,True,31.26,0.00390625,50000,RocksDB/Put/NoSync/real_time_mean,aggregate,mean,3,5921.220783880661,5889.1695324692155,168959.67887555168,,5400.0,11437.0
bd497cd,2026-04-07T11:54:36+01:00,linuxpc,16,4427,True,31.26,0.00390625,50000,RocksDB/Put/NoSync/real_time_median,aggregate,median,3,5896.367779473117,5868.687860341862,169595.93386987763,,5530.0,11430.0
bd497cd,2026-04-07T11:54:36+01:00,linuxpc,16,4427,True,31.26,0.00390625,50000,RocksDB/Put/NoSync/real_time_stddev,aggregate,stddev,3,153.8413600801219,147.5852262484598,4364.281350111212,,225.16660498395404,30.1164406925038
bd497cd,2026-04-07T11:54:36+01:00,linuxpc,16,4427,True,31.26,0.00390625,50000,RocksDB/Put/NoSync/real_time_cv,aggregate,cv,3,0.025981358523047178,0.02506044790097597,0.025830312765483837,,0.04169751944147297,0.002633246541269896
bd497cd,2026-04-07T11:54:36+01:00,linuxpc,16,4427,True,31.26,0.00390625,50000,RocksDB/Put/Sync/real_time,iteration,,343,2109677.6881385543,240569.81632653196,474.0060558171503,,2030145.0,3595554.0
bd497cd,2026-04-07T11:54:36+01:00,linuxpc,16,4427,True,31.26,0.00390625,50000,RocksDB/Put/Sync/real_time,iteration,,343,2190957.25944244,253268.49854227214,456.42150055199266,,2085565.0,3925908.0
bd497cd,2026-04-07T11:54:36+01:00,linuxpc,16,4427,True,31.26,0.00390625,50000,RocksDB/Put/Sync/real_time,iteration,,343,2202552.56557848,289620.27405248024,454.01867616147416,,2103016.0,4382404.0
bd497cd,2026-04-07T11:54:36+01:00,linuxpc,16,4427,True,31.26,0.00390625,50000,RocksDB/Put/Sync/real_time_mean,aggregate,mean,3,2167729.1710531577,261152.86297376142,461.4820775102057,,2072908.6666666665,3967955.333333333
bd497cd,2026-04-07T11:54:36+01:00,linuxpc,16,4427,True,31.26,0.00390625,50000,RocksDB/Put/Sync/real_time_median,aggregate,median,3,2190957.25944244,253268.49854227214,456.42150055199266,,2085565.0,3925908.0
bd497cd,2026-04-07T11:54:36+01:00,linuxpc,16,4427,True,31.26,0.00390625,50000,RocksDB/Put/Sync/real_time_stddev,aggregate,stddev,3,50607.25029614723,25457.989956939782,10.912420251139968,,38048.426253049416,395106.5860060244
bd497cd,2026-04-07T11:54:36+01:00,linuxpc,16,4427,True,31.26,0.00390625,50000,RocksDB/Put/Sync/real_time_cv,aggregate,cv,3,0.0233457440034174,0.0974830973210414,0.023646465990650827,,0.018355090537699886,0.09957435324104566
bd497cd,2026-04-07T11:54:36+01:00,linuxpc,16,4427,True,31.26,0.00390625,50000,RocksDB/Del/Sync/real_time,iteration,,341,2083619.8387006598,238452.55425220059,479.93399824010004,,2027395.0,3021317.0
bd497cd,2026-04-07T11:54:36+01:00,linuxpc,16,4427,True,31.26,0.00390625,50000,RocksDB/Del/Sync/real_time,iteration,,341,2114121.155551146,252737.31964809337,473.0097881922489,,2025765.0,4490276.0
bd497cd,2026-04-07T11:54:36+01:00,linuxpc,16,4427,True,31.26,0.00390625,50000,RocksDB/Del/Sync/real_time,iteration,,341,2089570.4135088432,233964.20234604232,478.5672660443074,,2028155.0,3843697.0
bd497cd,2026-04-07T11:54:36+01:00,linuxpc,16,4427,True,31.26,0.00390625,50000,RocksDB/Del/Sync/real_time_mean,aggregate,mean,3,2095770.4692535496,241718.02541544542,477.17035082555213,,2027105.0,3785096.6666666665
bd497cd,2026-04-07T11:54:36+01:00,linuxpc,16,4427,True,31.26,0.00390625,50000,RocksDB/Del/Sync/real_time_median,aggregate,median,3,2089570.4135088434,238452.55425220064,478.5672660443074,,2027395.0,3843697.0
bd497cd,2026-04-07T11:54:36+01:00,linuxpc,16,4427,True,31.26,0.00390625,50000,RocksDB/Del/Sync/real_time_stddev,aggregate,stddev,3,16168.274516136275,9803.313712599429,3.667383303245987,,1221.1060559000841,736230.6942938035
bd497cd,2026-04-07T11:54:36+01:00,linuxpc,16,4427,True,31.26,0.00390625,50000,RocksDB/Del/Sync/real_time_cv,aggregate,cv,3,0.0077147162598845695,0.0405568169595556,0.007685689810569851,,0.0006023891490081096,0.1945077653570636
bd497cd,2026-04-07T11:54:36+01:00,linuxpc,16,4427,True,31.26,0.00390625,50000,RocksDB/Get/real_time,iteration,,1042898,688.7264449994146,684.7597905068385,1451955.2824791705,,630.0,1140.0
bd497cd,2026-04-07T11:54:36+01:00,linuxpc,16,4427,True,31.26,0.00390625,50000,RocksDB/Get/real_time,iteration,,1042898,678.6974296400031,675.4913260932516,1473410.6191184828,,620.0,1060.0
bd497cd,2026-04-07T11:54:36+01:00,linuxpc,16,4427,True,31.26,0.00390625,50000,RocksDB/Get/real_time,iteration,,1042898,688.3435455759208,684.0644051479625,1452762.9501680352,,630.0,1140.0
bd497cd,2026-04-07T11:54:36+01:00,linuxpc,16,4427,True,31.26,0.00390625,50000,RocksDB/Get/real_time_mean,aggregate,mean,3,685.2558067384462,681.4385072493508,1459376.283921896,,626.6666666666666,1113.3333333333333
bd497cd,2026-04-07T11:54:36+01:00,linuxpc,16,4427,True,31.26,0.00390625,50000,RocksDB/Get/real_time_median,aggregate,median,3,688.3435455759208,684.0644051479625,1452762.9501680352,,630.0,1140.0
bd497cd,2026-04-07T11:54:36+01:00,linuxpc,16,4427,True,31.26,0.00390625,50000,RocksDB/Get/real_time_stddev,aggregate,stddev,3,5.68294691302319,5.162132599704488,12160.797880151991,,5.773502691899618,46.18802153517048
bd497cd,2026-04-07T11:54:36+01:00,linuxpc,16,4427,True,31.26,0.00390625,50000,RocksDB/Get/real_time_cv,aggregate,cv,3,0.008293175858037351,0.007575346190137694,0.008332873443353025,,0.009213036210478115,0.04148624688787768
bd497cd,2026-04-07T11:54:36+01:00,linuxpc,16,4427,True,31.26,0.00390625,50000,RocksDB/Range50/real_time,iteration,,111774,6331.217903972635,6300.4857659204945,,157947.49369983494,6190.0,9030.0
bd497cd,2026-04-07T11:54:36+01:00,linuxpc,16,4427,True,31.26,0.00390625,50000,RocksDB/Range50/real_time,iteration,,111774,6315.237345151591,6287.734768371881,,158347.17609904747,6191.0,8871.0
bd497cd,2026-04-07T11:54:36+01:00,linuxpc,16,4427,True,31.26,0.00390625,50000,RocksDB/Range50/real_time,iteration,,111774,6355.219398166041,6328.469653049915,,157350.97993447326,6190.0,9010.0
bd497cd,2026-04-07T11:54:36+01:00,linuxpc,16,4427,True,31.26,0.00390625,50000,RocksDB/Range50/real_time_mean,aggregate,mean,3,6333.891549096756,6305.563395780763,,157881.8832444519,6190.333333333333,8970.333333333332
bd497cd,2026-04-07T11:54:36+01:00,linuxpc,16,4427,True,31.26,0.00390625,50000,RocksDB/Range50/real_time_median,aggregate,median,3,6331.217903972633,6300.4857659204945,,157947.49369983494,6190.0,9010.0
bd497cd,2026-04-07T11:54:36+01:00,linuxpc,16,4427,True,31.26,0.00390625,50000,RocksDB/Range50/real_time_stddev,aggregate,stddev,3,20.124672034511516,20.836733217665664,,501.3284836035289,0.5773502713404232,86.60446485810168
bd497cd,2026-04-07T11:54:36+01:00,linuxpc,16,4427,True,31.26,0.00390625,50000,RocksDB/Range50/real_time_cv,aggregate,cv,3,0.0031772997498483208,0.0033044998376525925,,0.0031753388881694,9.326642690330459e-05,0.009654542550418234
bd497cd,2026-04-07T11:54:36+01:00,linuxpc,16,4427,True,31.26,0.00390625,50000,RocksDB/MixedBatch/Sync/real_time,iteration,,291,2601950.553396262,565796.591065294,38432.70575202609,,2456740.0,5746921.0
bd497cd,2026-04-07T11:54:36+01:00,linuxpc,16,4427,True,31.26,0.00390625,50000,RocksDB/MixedBatch/Sync/real_time,iteration,,291,2534881.3059784574,540080.4054982871,39449.57886752029,,2445070.0,5211494.0
bd497cd,2026-04-07T11:54:36+01:00,linuxpc,16,4427,True,31.26,0.00390625,50000,RocksDB/MixedBatch/Sync/real_time,iteration,,291,2695303.2130657146,563484.5498281785,37101.577112082006,,2457331.0,5511688.0
bd497cd,2026-04-07T11:54:36+01:00,linuxpc,16,4427,True,31.26,0.00390625,50000,RocksDB/MixedBatch/Sync/real_time_mean,aggregate,mean,3,2610711.6908134776,556453.8487972532,38327.9539105428,,2453047.0,5490034.333333333
bd497cd,2026-04-07T11:54:36+01:00,linuxpc,16,4427,True,31.26,0.00390625,50000,RocksDB/MixedBatch/Sync/real_time_median,aggregate,median,3,2601950.553396262,563484.5498281785,38432.70575202609,,2456740.0,5511688.0
bd497cd,2026-04-07T11:54:36+01:00,linuxpc,16,4427,True,31.26,0.00390625,50000,RocksDB/MixedBatch/Sync/real_time_stddev,aggregate,stddev,3,80569.0090233877,14226.862541292343,1177.5006463292043,,6914.601723888369,268369.48232304625
bd497cd,2026-04-07T11:54:36+01:00,linuxpc,16,4427,True,31.26,0.00390625,50000,RocksDB/MixedBatch/Sync/real_time_cv,aggregate,cv,3,0.03086093700307559,0.025567012560058635,0.030721719429048663,,0.0028187807750476726,0.04888302440908468
bd497cd,2026-04-07T11:54:36+01:00,linuxpc,16,4427,True,31.26,0.00390625,50000,ByteCask/GetMT/real_time/threads:2,iteration,,778960,839.2400085071253,835.1223323405567,2383108.50260545,,1550.0,2410.0
bd497cd,2026-04-07T11:54:36+01:00,linuxpc,16,4427,True,31.26,0.00390625,50000,ByteCask/GetMT/real_time/threads:2,iteration,,778960,848.5803442755713,844.2153807640931,2356877.5938445637,,1560.0,2540.0
bd497cd,2026-04-07T11:54:36+01:00,linuxpc,16,4427,True,31.26,0.00390625,50000,ByteCask/GetMT/real_time/threads:2,iteration,,778960,917.126430101396,912.7611404950195,2180724.417438153,,1680.0,2820.0
bd497cd,2026-04-07T11:54:36+01:00,linuxpc,16,4427,True,31.26,0.00390625,50000,ByteCask/GetMT/real_time/threads:2_mean,aggregate,mean,3,868.3155942946973,864.0329511998898,2306903.504629389,,1596.6666666666665,2590.0
bd497cd,2026-04-07T11:54:36+01:00,linuxpc,16,4427,True,31.26,0.00390625,50000,ByteCask/GetMT/real_time/threads:2_median,aggregate,median,3,848.5803442755713,844.2153807640931,2356877.5938445637,,1560.0,2540.0
bd497cd,2026-04-07T11:54:36+01:00,linuxpc,16,4427,True,31.26,0.00390625,50000,ByteCask/GetMT/real_time/threads:2_stddev,aggregate,stddev,3,42.52862256384704,42.444059730361225,110058.56021643234,,72.34178138070342,209.52326839756742
bd497cd,2026-04-07T11:54:36+01:00,linuxpc,16,4427,True,31.26,0.00390625,50000,ByteCask/GetMT/real_time/threads:2_cv,aggregate,cv,3,0.048978301027049455,0.04912319567375156,0.04770835017397643,,0.045308005040106535,0.08089701482531561
bd497cd,2026-04-07T11:54:36+01:00,linuxpc,16,4427,True,31.26,0.00390625,50000,ByteCask/GetMT/real_time/threads:4,iteration,,646996,979.9609766303543,971.573250839264,4081795.18918621,,3610.0,5700.0
bd497cd,2026-04-07T11:54:36+01:00,linuxpc,16,4427,True,31.26,0.00390625,50000,ByteCask/GetMT/real_time/threads:4,iteration,,646996,1009.8941293268088,998.6131738063307,3960811.221535057,,3670.0,6810.0
bd497cd,2026-04-07T11:54:36+01:00,linuxpc,16,4427,True,31.26,0.00390625,50000,ByteCask/GetMT/real_time/threads:4,iteration,,646996,970.9634417700055,966.5582584745517,4119619.5736352857,,3550.0,5920.0
bd497cd,2026-04-07T11:54:36+01:00,linuxpc,16,4427,True,31.26,0.00390625,50000,ByteCask/GetMT/real_time/threads:4_mean,aggregate,mean,3,986.9395159090562,978.9148943733825,4054075.3281188505,,3610.0,6143.333333333333
bd497cd,2026-04-07T11:54:36+01:00,linuxpc,16,4427,True,31.26,0.00390625,50000,ByteCask/GetMT/real_time/threads:4_median,aggregate,median,3,979.9609766303543,971.5732508392642,4081795.18918621,,3610.0,5920.0
bd497cd,2026-04-07T11:54:36+01:00,linuxpc,16,4427,True,31.26,0.00390625,50000,ByteCask/GetMT/real_time/threads:4_stddev,aggregate,stddev,3,20.381967919206954,17.24251131848359,82953.69911822188,,60.0,587.7357682950154
bd497cd,2026-04-07T11:54:36+01:00,linuxpc,16,4427,True,31.26,0.00390625,50000,ByteCask/GetMT/real_time/threads:4_cv,aggregate,cv,3,0.02065168897450966,0.01761390230916935,0.020461805073738872,,0.01662049861495845,0.0956704994511691
bd497cd,2026-04-07T11:54:36+01:00,linuxpc,16,4427,True,31.26,0.00390625,50000,ByteCask/GetMT/real_time/threads:8,iteration,,459784,1473.360132357227,1467.0113074835097,5429765.489311027,,11110.0,17980.0
bd497cd,2026-04-07T11:54:36+01:00,linuxpc,16,4427,True,31.26,0.00390625,50000,ByteCask/GetMT/real_time/threads:8,iteration,,459784,1475.0663528365094,1466.5791088859119,5423484.838235402,,11150.0,18170.0
bd497cd,2026-04-07T11:54:36+01:00,linuxpc,16,4427,True,31.26,0.00390625,50000,ByteCask/GetMT/real_time/threads:8,iteration,,459784,1615.079578613359,1594.2029583456615,4953316.2984256605,,12090.0,25400.0
bd497cd,2026-04-07T11:54:36+01:00,linuxpc,16,4427,True,31.26,0.00390625,50000,ByteCask/GetMT/real_time/threads:8_mean,aggregate,mean,3,1521.1686879356985,1509.264458238361,5268855.5419906955,,11450.0,20516.666666666664
bd497cd,2026-04-07T11:54:36+01:00,linuxpc,16,4427,True,31.26,0.00390625,50000,ByteCask/GetMT/real_time/threads:8_median,aggregate,median,3,1475.0663528365094,1467.0113074835097,5423484.838235402,,11150.0,18170.0
bd497cd,2026-04-07T11:54:36+01:00,linuxpc,16,4427,True,31.26,0.00390625,50000,ByteCask/GetMT/real_time/threads:8_stddev,aggregate,stddev,3,81.33369128464072,73.55921627685589,273283.0443270961,,554.6169849544684,4230.157601476985
bd497cd,2026-04-07T11:54:36+01:00,linuxpc,16,4427,True,31.26,0.00390625,50000,ByteCask/GetMT/real_time/threads:8_cv,aggregate,cv,3,0.05346789736713197,0.048738453937168476,0.05186762896593734,,0.048438164624844404,0.20618152403624626
bd497cd,2026-04-07T11:54:36+01:00,linuxpc,16,4427,True,31.26,0.00390625,50000,ByteCask/GetMT/real_time/threads:16,iteration,,335712,2044.5082476399202,1932.2471255123376,7825842.726958725,,30081.0,45842.0
bd497cd,2026-04-07T11:54:36+01:00,linuxpc,16,4427,True,31.26,0.00390625,50000,ByteCask/GetMT/real_time/threads:16,iteration,,335712,2111.251271595608,1786.0367487608444,7578444.221803961,,27800.0,43120.0
bd497cd,2026-04-07T11:54:36+01:00,linuxpc,16,4427,True,31.26,0.00390625,50000,ByteCask/GetMT/real_time/threads:16,iteration,,335712,2071.2195395395875,1941.60311814889,7724917.467491953,,30210.0,45290.0
bd497cd,2026-04-07T11:54:36+01:00,linuxpc,16,4427,True,31.26,0.00390625,50000,ByteCask/GetMT/real_time/threads:16_mean,aggregate,mean,3,2075.6596862583724,1886.628997474024,7709734.805418213,,29363.666666666664,44750.666666666664
bd497cd,2026-04-07T11:54:36+01:00,linuxpc,16,4427,True,31.26,0.00390625,50000,ByteCask/GetMT/real_time/threads:16_median,aggregate,median,3,2071.219539539588,1932.2471255123376,7724917.467491953,,30081.0,45290.0
bd497cd,2026-04-07T11:54:36+01:00,linuxpc,16,4427,True,31.26,0.00390625,50000,ByteCask/GetMT/real_time/threads:16_stddev,aggregate,stddev,3,33.59232038501654,87.24095383152972,124396.10126101784,,1355.7102689488977,1438.9167221676214
bd497cd,2026-04-07T11:54:36+01:00,linuxpc,16,4427,True,31.26,0.00390625,50000,ByteCask/GetMT/real_time/threads:16_cv,aggregate,cv,3,0.016183924854064474,0.046241711512085934,0.016134939060886415,,0.04616965191502757,0.03215408460583726
bd497cd,2026-04-07T11:54:36+01:00,linuxpc,16,4427,True,31.26,0.00390625,50000,ByteCask/GetMT/real_time/threads:32,iteration,,320000,2806.561284160125,1936.0681687500007,11401853.285942456,,59991.0,89540.0
bd497cd,2026-04-07T11:54:36+01:00,linuxpc,16,4427,True,31.26,0.00390625,50000,ByteCask/GetMT/real_time/threads:32,iteration,,320000,2452.007521787891,1908.2233187500033,13050530.928496936,,58990.0,89841.0
bd497cd,2026-04-07T11:54:36+01:00,linuxpc,16,4427,True,31.26,0.00390625,50000,ByteCask/GetMT/real_time/threads:32,iteration,,320000,2817.2687592814327,1965.8809937500046,11358518.740740184,,61061.0,90800.0
bd497cd,2026-04-07T11:54:36+01:00,linuxpc,16,4427,True,31.26,0.00390625,50000,ByteCask/GetMT/real_time/threads:32_mean,aggregate,mean,3,2691.945855076483,1936.7241604166693,11936967.651726523,,60014.0,90060.33333333333
bd497cd,2026-04-07T11:54:36+01:00,linuxpc,16,4427,True,31.26,0.00390625,50000,ByteCask/GetMT/real_time/threads:32_median,aggregate,median,3,2806.5612841601246,1936.0681687500007,11401853.285942456,,59991.0,89841.0
bd497cd,2026-04-07T11:54:36+01:00,linuxpc,16,4427,True,31.26,0.00390625,50000,ByteCask/GetMT/real_time/threads:32_stddev,aggregate,stddev,3,207.8616495216179,28.834434542765347,964617.4626403804,,1035.6915564007277,658.0124112302256
bd497cd,2026-04-07T11:54:36+01:00,linuxpc,16,4427,True,31.26,0.00390625,50000,ByteCask/GetMT/real_time/threads:32_cv,aggregate,cv,3,0.07721613312898977,0.014888250548060426,0.08080925497865962,,0.01725749919020108,0.007306351052408114
bd497cd,2026-04-07T11:54:36+01:00,linuxpc,16,4427,True,31.26,0.00390625,50000,RocksDB/GetMT/real_time/threads:2,iteration,,1054068,626.9784245132973,622.4945952253557,3189902.4301394965,,1140.0,2020.0
bd497cd,2026-04-07T11:54:36+01:00,linuxpc,16,4427,True,31.26,0.00390625,50000,RocksDB/GetMT/real_time/threads:2,iteration,,1054068,624.3218748305503,621.3518093709337,3203475.7720812326,,1130.0,2030.0
bd497cd,2026-04-07T11:54:36+01:00,linuxpc,16,4427,True,31.26,0.00390625,50000,RocksDB/GetMT/real_time/threads:2,iteration,,1054068,604.7317573391126,601.7887982558977,3307251.4808883592,,1120.0,1790.0
bd497cd,2026-04-07T11:54:36+01:00,linuxpc,16,4427,True,31.26,0.00390625,50000,RocksDB/GetMT/real_time/threads:2_mean,aggregate,mean,3,618.6773522276534,615.2117342840623,3233543.2277030293,,1130.0,1946.6666666666665
bd497cd,2026-04-07T11:54:36+01:00,linuxpc,16,4427,True,31.26,0.00390625,50000,RocksDB/GetMT/real_time/threads:2_median,aggregate,median,3,624.3218748305504,621.3518093709337,3203475.7720812326,,1130.0,2020.0
bd497cd,2026-04-07T11:54:36+01:00,linuxpc,16,4427,True,31.26,0.00390625,50000,RocksDB/GetMT/real_time/threads:2_stddev,aggregate,stddev,3,12.150062824972132,11.638638175897945,64192.98126423807,,9.999999999988358,135.7694123627785
bd497cd,2026-04-07T11:54:36+01:00,linuxpc,16,4427,True,31.26,0.00390625,50000,RocksDB/GetMT/real_time/threads:2_cv,aggregate,cv,3,0.019638770970399608,0.018918101731986835,0.01985221063824714,,0.008849557522113591,0.06974456114526294
bd497cd,2026-04-07T11:54:36+01:00,linuxpc,16,4427,True,31.26,0.00390625,50000,RocksDB/GetMT/real_time/threads:4,iteration,,1080368,698.0405769851164,694.4314650193281,5730325.903511606,,2510.0,5290.0
bd497cd,2026-04-07T11:54:36+01:00,linuxpc,16,4427,True,31.26,0.00390625,50000,RocksDB/GetMT/real_time/threads:4,iteration,,1080368,659.8497965125099,657.0006442249288,6061985.653615587,,2440.0,3940.0
bd497cd,2026-04-07T11:54:36+01:00,linuxpc,16,4427,True,31.26,0.00390625,50000,RocksDB/GetMT/real_time/threads:4,iteration,,1080368,698.1347151485941,692.4785656368937,5729553.212589668,,2500.0,5120.0
bd497cd,2026-04-07T11:54:36+01:00,linuxpc,16,4427,True,31.26,0.00390625,50000,RocksDB/GetMT/real_time/threads:4_mean,aggregate,mean,3,685.3416962154068,681.3035582937168,5840621.58990562,,2483.333333333333,4783.333333333333
bd497cd,2026-04-07T11:54:36+01:00,linuxpc,16,4427,True,31.26,0.00390625,50000,RocksDB/GetMT/real_time/threads:4_median,aggregate,median,3,698.0405769851164,692.4785656368936,5730325.903511606,,2500.0,5120.0
bd497cd,2026-04-07T11:54:36+01:00,linuxpc,16,4427,True,31.26,0.00390625,50000,RocksDB/GetMT/real_time/threads:4_stddev,aggregate,stddev,3,22.076682910827163,21.06957944942529,191707.29195697934,,37.859388972028476,735.2777253074757
bd497cd,2026-04-07T11:54:36+01:00,linuxpc,16,4427,True,31.26,0.00390625,50000,RocksDB/GetMT/real_time/threads:4_cv,aggregate,cv,3,0.03221266564217382,0.030925391762510045,0.0328230975087152,,0.015245391532360462,0.15371659762525627
bd497cd,2026-04-07T11:54:36+01:00,linuxpc,16,4427,True,31.26,0.00390625,50000,RocksDB/GetMT/real_time/threads:8,iteration,,967440,662.1389295816493,658.3177561399169,12082056.56334772,,4900.0,7790.0
bd497cd,2026-04-07T11:54:36+01:00,linuxpc,16,4427,True,31.26,0.00390625,50000,RocksDB/GetMT/real_time/threads:8,iteration,,967440,686.4717781125471,682.8195650376255,11653792.996408366,,4980.0,8640.0
bd497cd,2026-04-07T11:54:36+01:00,linuxpc,16,4427,True,31.26,0.00390625,50000,RocksDB/GetMT/real_time/threads:8,iteration,,967440,692.6910557969087,688.7467925659453,11549160.2396921,,5020.0,8780.0
bd497cd,2026-04-07T11:54:36+01:00,linuxpc,16,4427,True,31.26,0.00390625,50000,RocksDB/GetMT/real_time/threads:8_mean,aggregate,mean,3,680.4339211637018,676.6280379144958,11761669.933149394,,4966.666666666666,8403.333333333332
bd497cd,2026-04-07T11:54:36+01:00,linuxpc,16,4427,True,31.26,0.00390625,50000,RocksDB/GetMT/real_time/threads:8_median,aggregate,median,3,686.4717781125473,682.8195650376256,11653792.996408366,,4980.0,8640.0
bd497cd,2026-04-07T11:54:36+01:00,linuxpc,16,4427,True,31.26,0.00390625,50000,RocksDB/GetMT/real_time/threads:8_stddev,aggregate,stddev,3,16.146203624049548,16.1317333396514,282352.08172051125,,61.10100926611343,535.7549190939368
bd497cd,2026-04-07T11:54:36+01:00,linuxpc,16,4427,True,31.26,0.00390625,50000,RocksDB/GetMT/real_time/threads:8_cv,aggregate,cv,3,0.023729274984462485,0.023841361036963025,0.024006121862400073,,0.012302216630761094,0.06375504788900478
bd497cd,2026-04-07T11:54:36+01:00,linuxpc,16,4427,True,31.26,0.00390625,50000,RocksDB/GetMT/real_time/threads:16,iteration,,687488,1234.16156066158,916.8373338880102,12964267.005223447,,13670.0,24761.0
bd497cd,2026-04-07T11:54:36+01:00,linuxpc,16,4427,True,31.26,0.00390625,50000,RocksDB/GetMT/real_time/threads:16,iteration,,687488,1012.5156425646958,1001.447376536027,15802225.000170963,,15140.0,23371.0
bd497cd,2026-04-07T11:54:36+01:00,linuxpc,16,4427,True,31.26,0.00390625,50000,RocksDB/GetMT/real_time/threads:16,iteration,,687488,1008.7958641834355,938.4725478844737,15860493.255442832,,14110.0,22800.0
bd497cd,2026-04-07T11:54:36+01:00,linuxpc,16,4427,True,31.26,0.00390625,50000,RocksDB/GetMT/real_time/threads:16_mean,aggregate,mean,3,1085.1576891365703,952.2524194361703,14875661.753612414,,14306.666666666666,23644.0
bd497cd,2026-04-07T11:54:36+01:00,linuxpc,16,4427,True,31.26,0.00390625,50000,RocksDB/GetMT/real_time/threads:16_median,aggregate,median,3,1012.5156425646957,938.4725478844738,15802225.000170963,,14110.0,23371.0
bd497cd,2026-04-07T11:54:36+01:00,linuxpc,16,4427,True,31.26,0.00390625,50000,RocksDB/GetMT/real_time/threads:16_stddev,aggregate,stddev,3,129.05454073717277,43.95598337212933,1655572.7741539283,,754.4755352782112,1008.6015070383052
bd497cd,2026-04-07T11:54:36+01:00,linuxpc,16,4427,True,31.26,0.00390625,50000,RocksDB/GetMT/real_time/threads:16_cv,aggregate,cv,3,0.11892699285009707,0.04616001227716043,0.11129405881737585,,0.05273594142205577,0.042657820463470865
bd497cd,2026-04-07T11:54:36+01:00,linuxpc,16,4427,True,31.26,0.00390625,50000,RocksDB/GetMT/real_time/threads:32,iteration,,403168,1601.056289603934,911.564908425275,19986805.09097909,,27260.0,44771.0
bd497cd,2026-04-07T11:54:36+01:00,linuxpc,16,4427,True,31.26,0.00390625,50000,RocksDB/GetMT/real_time/threads:32,iteration,,403168,1647.483884800512,918.719935609975,19423558.734157067,,27480.0,47630.0
bd497cd,2026-04-07T11:54:36+01:00,linuxpc,16,4427,True,31.26,0.00390625,50000,RocksDB/GetMT/real_time/threads:32,iteration,,403168,1675.5585139008867,947.8050415707612,19098109.516629435,,28580.0,46660.0
bd497cd,2026-04-07T11:54:36+01:00,linuxpc,16,4427,True,31.26,0.00390625,50000,RocksDB/GetMT/real_time/threads:32_mean,aggregate,mean,3,1641.3662294351107,926.0299618686704,19502824.447255194,,27773.333333333332,46353.666666666664
bd497cd,2026-04-07T11:54:36+01:00,linuxpc,16,4427,True,31.26,0.00390625,50000,RocksDB/GetMT/real_time/threads:32_median,aggregate,median,3,1647.483884800512,918.7199356099749,19423558.734157067,,27480.0,46660.0
bd497cd,2026-04-07T11:54:36+01:00,linuxpc,16,4427,True,31.26,0.00390625,50000,RocksDB/GetMT/real_time/threads:32_stddev,aggregate,stddev,3,37.625983531007925,19.194118253455567,449619.00084634154,,707.201055806136,1453.9086399542891
bd497cd,2026-04-07T11:54:36+01:00,linuxpc,16,4427,True,31.26,0.00390625,50000,RocksDB/GetMT/real_time/threads:32_cv,aggregate,cv,3,0.022923576016278344,0.02072731881668606,0.02305404543133343,,0.02546331213896313,0.03136555842301485
bd497cd,2026-04-07T11:54:36+01:00,linuxpc,16,4427,True,31.26,0.00390625,50000,ByteCask/ReadAndWriteLoad/Sync/real_time/threads:2,iteration,,783026,805.2994421282554,797.9755129459295,2483548.224886851,,1460.0,2600.0
bd497cd,2026-04-07T11:54:36+01:00,linuxpc,16,4427,True,31.26,0.00390625,50000,ByteCask/ReadAndWriteLoad/Sync/real_time/threads:2,iteration,,783026,787.3617427340591,783.1287364659631,2540128.4967887043,,1450.0,2230.0
bd497cd,2026-04-07T11:54:36+01:00,linuxpc,16,4427,True,31.26,0.00390625,50000,ByteCask/ReadAndWriteLoad/Sync/real_time/threads:2,iteration,,783026,819.8204785116355,813.8135489753855,2439558.4794746186,,1460.0,2740.0
bd497cd,2026-04-07T11:54:36+01:00,linuxpc,16,4427,True,31.26,0.00390625,50000,ByteCask/ReadAndWriteLoad/Sync/real_time/threads:2_mean,aggregate,mean,3,804.1605544579834,798.3059327957593,2487745.0670500575,,1456.6666666666665,2523.333333333333
bd497cd,2026-04-07T11:54:36+01:00,linuxpc,16,4427,True,31.26,0.00390625,50000,ByteCask/ReadAndWriteLoad/Sync/real_time/threads:2_median,aggregate,median,3,805.2994421282555,797.9755129459296,2483548.224886851,,1460.0,2600.0
bd497cd,2026-04-07T11:54:36+01:00,linuxpc,16,4427,True,31.26,0.00390625,50000,ByteCask/ReadAndWriteLoad/Sync/real_time/threads:2_stddev,aggregate,stddev,3,16.259310591598865,15.345074540148547,50416.18994677229,,5.773502691929864,263.50205565296125
bd497cd,2026-04-07T11:54:36+01:00,linuxpc,16,4427,True,31.26,0.00390625,50000,ByteCask/ReadAndWriteLoad/Sync/real_time/threads:2_cv,aggregate,cv,3,0.0202189855016675,0.019222047475468868,0.020265818477355195,,0.003963502992171532,0.10442617793380235
bd497cd,2026-04-07T11:54:36+01:00,linuxpc,16,4427,True,31.26,0.00390625,50000,ByteCask/ReadAndWriteLoad/Sync/real_time/threads:4,iteration,,695896,1021.5169810304232,1013.148802407257,3915744.989344304,,3650.0,6830.0
bd497cd,2026-04-07T11:54:36+01:00,linuxpc,16,4427,True,31.26,0.00390625,50000,ByteCask/ReadAndWriteLoad/Sync/real_time/threads:4,iteration,,695896,963.395105018118,958.0858432869265,4151982.8979458786,,3510.0,5871.0
bd497cd,2026-04-07T11:54:36+01:00,linuxpc,16,4427,True,31.26,0.00390625,50000,ByteCask/ReadAndWriteLoad/Sync/real_time/threads:4,iteration,,695896,959.9597238275874,953.3367687125681,4166841.483777101,,3510.0,5890.0
bd497cd,2026-04-07T11:54:36+01:00,linuxpc,16,4427,True,31.26,0.00390625,50000,ByteCask/ReadAndWriteLoad/Sync/real_time/threads:4_mean,aggregate,mean,3,981.6239366253762,974.857138135584,4078189.790355761,,3556.6666666666665,6197.0
bd497cd,2026-04-07T11:54:36+01:00,linuxpc,16,4427,True,31.26,0.00390625,50000,ByteCask/ReadAndWriteLoad/Sync/real_time/threads:4_median,aggregate,median,3,963.3951050181182,958.0858432869267,4151982.8979458786,,3510.0,5890.0
bd497cd,2026-04-07T11:54:36+01:00,linuxpc,16,4427,True,31.26,0.00390625,50000,ByteCask/ReadAndWriteLoad/Sync/real_time/threads:4_stddev,aggregate,stddev,3,34.59106394588906,33.24645983934605,140877.35596951668,,80.82903768655144,548.2763901537219
bd497cd,2026-04-07T11:54:36+01:00,linuxpc,16,4427,True,31.26,0.00390625,50000,ByteCask/ReadAndWriteLoad/Sync/real_time/threads:4_cv,aggregate,cv,3,0.03523861089289053,0.03410393024656922,0.034544090199693046,,0.022726064954044455,0.0884744860664389
bd497cd,2026-04-07T11:54:36+01:00,linuxpc,16,4427,True,31.26,0.00390625,50000,ByteCask/ReadAndWriteLoad/Sync/real_time/threads:8,iteration,,472320,1648.3064574682987,1636.9909446985132,4853466.395009777,,12430.0,26390.0
bd497cd,2026-04-07T11:54:36+01:00,linuxpc,16,4427,True,31.26,0.00390625,50000,ByteCask/ReadAndWriteLoad/Sync/real_time/threads:8,iteration,,472320,1506.5829312188823,1490.436221205965,5310029.626797709,,11220.0,18970.0
bd497cd,2026-04-07T11:54:36+01:00,linuxpc,16,4427,True,31.26,0.00390625,50000,ByteCask/ReadAndWriteLoad/Sync/real_time/threads:8,iteration,,472320,1499.9821963971626,1489.4709688346904,5333396.635783652,,11240.0,18840.0
bd497cd,2026-04-07T11:54:36+01:00,linuxpc,16,4427,True,31.26,0.00390625,50000,ByteCask/ReadAndWriteLoad/Sync/real_time/threads:8_mean,aggregate,mean,3,1551.623861694781,1538.9660449130558,5165630.885863712,,11630.0,21400.0
bd497cd,2026-04-07T11:54:36+01:00,linuxpc,16,4427,True,31.26,0.00390625,50000,ByteCask/ReadAndWriteLoad/Sync/real_time/threads:8_median,aggregate,median,3,1506.5829312188825,1490.436221205965,5310029.626797709,,11240.0,18970.0
bd497cd,2026-04-07T11:54:36+01:00,linuxpc,16,4427,True,31.26,0.00390625,50000,ByteCask/ReadAndWriteLoad/Sync/real_time/threads:8_stddev,aggregate,stddev,3,83.79460405763511,84.89342531372994,270594.727017757,,692.8924880527895,4321.9555758938495
bd497cd,2026-04-07T11:54:36+01:00,linuxpc,16,4427,True,31.26,0.00390625,50000,ByteCask/ReadAndWriteLoad/Sync/real_time/threads:8_cv,aggregate,cv,3,0.05400445696040623,0.05516263701485759,0.05238367452042842,,0.05957802992715301,0.20196054092961913
bd497cd,2026-04-07T11:54:36+01:00,linuxpc,16,4427,True,31.26,0.00390625,50000,ByteCask/ReadAndWriteLoad/Sync/real_time/threads:16,iteration,,336080,2127.634914850954,1838.753392049516,7520087.15796095,,28181.0,45680.0
bd497cd,2026-04-07T11:54:36+01:00,linuxpc,16,4427,True,31.26,0.00390625,50000,ByteCask/ReadAndWriteLoad/Sync/real_time/threads:16,iteration,,336080,2117.4865473809787,2008.6343638419328,7556128.287941032,,31320.0,49501.0
bd497cd,2026-04-07T11:54:36+01:00,linuxpc,16,4427,True,31.26,0.00390625,50000,ByteCask/ReadAndWriteLoad/Sync/real_time/threads:16,iteration,,336080,2068.5078971176827,1923.2567960009585,7735044.194075763,,29220.0,45662.0
bd497cd,2026-04-07T11:54:36+01:00,linuxpc,16,4427,True,31.26,0.00390625,50000,ByteCask/ReadAndWriteLoad/Sync/real_time/threads:16_mean,aggregate,mean,3,2104.543119783205,1923.5481839641354,7603753.213325915,,29573.666666666664,46947.666666666664
bd497cd,2026-04-07T11:54:36+01:00,linuxpc,16,4427,True,31.26,0.00390625,50000,ByteCask/ReadAndWriteLoad/Sync/real_time/threads:16_median,aggregate,median,3,2117.486547380978,1923.2567960009583,7556128.287941032,,29220.0,45680.0
bd497cd,2026-04-07T11:54:36+01:00,linuxpc,16,4427,True,31.26,0.00390625,50000,ByteCask/ReadAndWriteLoad/Sync/real_time/threads:16_stddev,aggregate,stddev,3,31.61724679651897,84.94086074730586,115120.51069315974,,1599.106104463832,2211.269846340272
bd497cd,2026-04-07T11:54:36+01:00,linuxpc,16,4427,True,31.26,0.00390625,50000,ByteCask/ReadAndWriteLoad/Sync/real_time/threads:16_cv,aggregate,cv,3,0.015023330479337458,0.04415842631623393,0.01513995884182642,,0.05407195943904483,0.047100740107927384
bd497cd,2026-04-07T11:54:36+01:00,linuxpc,16,4427,True,31.26,0.00390625,50000,ByteCask/ReadAndWriteLoad/Sync/BoundedStaleness/real_time/threads:2,iteration,,883846,810.7380244778502,803.3005557529251,2466888.118745985,,1430.0,2600.0
bd497cd,2026-04-07T11:54:36+01:00,linuxpc,16,4427,True,31.26,0.00390625,50000,ByteCask/ReadAndWriteLoad/Sync/BoundedStaleness/real_time/threads:2,iteration,,883846,814.9643670875067,810.374200935455,2454095.026445801,,1460.0,2640.0
bd497cd,2026-04-07T11:54:36+01:00,linuxpc,16,4427,True,31.26,0.00390625,50000,ByteCask/ReadAndWriteLoad/Sync/BoundedStaleness/real_time/threads:2,iteration,,883846,787.2980541769847,782.7281788908942,2540333.98074473,,1420.0,2390.0
bd497cd,2026-04-07T11:54:36+01:00,linuxpc,16,4427,True,31.26,0.00390625,50000,ByteCask/ReadAndWriteLoad/Sync/BoundedStaleness/real_time/threads:2_mean,aggregate,mean,3,804.3334819141138,798.8009785264247,2487105.708645505,,1436.6666666666665,2543.333333333333
bd497cd,2026-04-07T11:54:36+01:00,linuxpc,16,4427,True,31.26,0.00390625,50000,ByteCask/ReadAndWriteLoad/Sync/BoundedStaleness/real_time/threads:2_median,aggregate,median,3,810.7380244778502,803.300555752925,2466888.118745985,,1430.0,2600.0
bd497cd,2026-04-07T11:54:36+01:00,linuxpc,16,4427,True,31.26,0.00390625,50000,ByteCask/ReadAndWriteLoad/Sync/BoundedStaleness/real_time/threads:2_stddev,aggregate,stddev,3,14.903685504058016,14.361764520240696,46538.72060611259,,20.816659994673444,134.2882471898953
bd497cd,2026-04-07T11:54:36+01:00,linuxpc,16,4427,True,31.26,0.00390625,50000,ByteCask/ReadAndWriteLoad/Sync/BoundedStaleness/real_time/threads:2_cv,aggregate,cv,3,0.01852923673970521,0.017979152387537545,0.018711999431442704,,0.01448955452065437,0.05280009719130877
bd497cd,2026-04-07T11:54:36+01:00,linuxpc,16,4427,True,31.26,0.00390625,50000,ByteCask/ReadAndWriteLoad/Sync/BoundedStaleness/real_time/threads:4,iteration,,760088,913.9907905302649,907.4164570418158,4376411.711631517,,3370.0,5290.0
bd497cd,2026-04-07T11:54:36+01:00,linuxpc,16,4427,True,31.26,0.00390625,50000,ByteCask/ReadAndWriteLoad/Sync/BoundedStaleness/real_time/threads:4,iteration,,760088,1000.057176254181,994.37742471924,3999771.3080590246,,3530.0,7950.0
bd497cd,2026-04-07T11:54:36+01:00,linuxpc,16,4427,True,31.26,0.00390625,50000,ByteCask/ReadAndWriteLoad/Sync/BoundedStaleness/real_time/threads:4,iteration,,760088,930.3848566785126,919.9557722263756,4299296.115244241,,3390.0,5610.0
bd497cd,2026-04-07T11:54:36+01:00,linuxpc,16,4427,True,31.26,0.00390625,50000,ByteCask/ReadAndWriteLoad/Sync/BoundedStaleness/real_time/threads:4_mean,aggregate,mean,3,948.1442744876528,940.5832179958103,4225159.711644927,,3430.0,6283.333333333333
bd497cd,2026-04-07T11:54:36+01:00,linuxpc,16,4427,True,31.26,0.00390625,50000,ByteCask/ReadAndWriteLoad/Sync/BoundedStaleness/real_time/threads:4_median,aggregate,median,3,930.3848566785126,919.9557722263758,4299296.115244241,,3390.0,5610.0
bd497cd,2026-04-07T11:54:36+01:00,linuxpc,16,4427,True,31.26,0.00390625,50000,ByteCask/ReadAndWriteLoad/Sync/BoundedStaleness/real_time/threads:4_stddev,aggregate,stddev,3,45.69905227227495,47.00713896927714,198963.94938480394,,87.17797887080813,1452.2166964104663
bd497cd,2026-04-07T11:54:36+01:00,linuxpc,16,4427,True,31.26,0.00390625,50000,ByteCask/ReadAndWriteLoad/Sync/BoundedStaleness/real_time/threads:4_cv,aggregate,cv,3,0.04819841610810683,0.049976586940855376,0.04709027893938331,,0.025416320370498,0.2311220206488806
bd497cd,2026-04-07T11:54:36+01:00,linuxpc,16,4427,True,31.26,0.00390625,50000,ByteCask/ReadAndWriteLoad/Sync/BoundedStaleness/real_time/threads:8,iteration,,477184,1458.6003804601391,1449.720055576047,5484709.936436648,,11010.0,18012.0
bd497cd,2026-04-07T11:54:36+01:00,linuxpc,16,4427,True,31.26,0.00390625,50000,ByteCask/ReadAndWriteLoad/Sync/BoundedStaleness/real_time/threads:8,iteration,,477184,1549.4148253169892,1525.6391580606225,5163239.6110339975,,11710.0,18610.0
bd497cd,2026-04-07T11:54:36+01:00,linuxpc,16,4427,True,31.26,0.00390625,50000,ByteCask/ReadAndWriteLoad/Sync/BoundedStaleness/real_time/threads:8,iteration,,477184,1519.840246574886,1503.1914167281375,5263711.115710228,,11210.0,22681.0
bd497cd,2026-04-07T11:54:36+01:00,linuxpc,16,4427,True,31.26,0.00390625,50000,ByteCask/ReadAndWriteLoad/Sync/BoundedStaleness/real_time/threads:8_mean,aggregate,mean,3,1509.2851507840048,1492.8502101216018,5303886.887726957,,11310.0,19767.666666666664
bd497cd,2026-04-07T11:54:36+01:00,linuxpc,16,4427,True,31.26,0.00390625,50000,ByteCask/ReadAndWriteLoad/Sync/BoundedStaleness/real_time/threads:8_median,aggregate,median,3,1519.840246574886,1503.1914167281375,5263711.115710228,,11210.0,18610.0
bd497cd,2026-04-07T11:54:36+01:00,linuxpc,16,4427,True,31.26,0.00390625,50000,ByteCask/ReadAndWriteLoad/Sync/BoundedStaleness/real_time/threads:8_stddev,aggregate,stddev,3,46.318175525705065,39.001704399621815,164457.78188181407,,360.5551275463783,2540.67595992354
bd497cd,2026-04-07T11:54:36+01:00,linuxpc,16,4427,True,31.26,0.00390625,50000,ByteCask/ReadAndWriteLoad/Sync/BoundedStaleness/real_time/threads:8_cv,aggregate,cv,3,0.030688816822748762,0.02612566494293147,0.031007030384144256,,0.03187932162213778,0.12852685158880026
bd497cd,2026-04-07T11:54:36+01:00,linuxpc,16,4427,True,31.26,0.00390625,50000,ByteCask/ReadAndWriteLoad/Sync/BoundedStaleness/real_time/threads:16,iteration,,353872,1971.6392117444238,1879.7784227065163,8115074.961328178,,29590.0,45821.0
bd497cd,2026-04-07T11:54:36+01:00,linuxpc,16,4427,True,31.26,0.00390625,50000,ByteCask/ReadAndWriteLoad/Sync/BoundedStaleness/real_time/threads:16,iteration,,353872,2019.2851994035825,1893.192337907491,7923595.936188593,,29620.0,43932.0
bd497cd,2026-04-07T11:54:36+01:00,linuxpc,16,4427,True,31.26,0.00390625,50000,ByteCask/ReadAndWriteLoad/Sync/BoundedStaleness/real_time/threads:16,iteration,,353872,2024.741886668893,1561.9788285029665,7902241.814300198,,23810.0,38281.0
bd497cd,2026-04-07T11:54:36+01:00,linuxpc,16,4427,True,31.26,0.00390625,50000,ByteCask/ReadAndWriteLoad/Sync/BoundedStaleness/real_time/threads:16_mean,aggregate,mean,3,2005.2220992722998,1778.3165297056582,7980304.237272322,,27673.333333333332,42678.0
bd497cd,2026-04-07T11:54:36+01:00,linuxpc,16,4427,True,31.26,0.00390625,50000,ByteCask/ReadAndWriteLoad/Sync/BoundedStaleness/real_time/threads:16_median,aggregate,median,3,2019.285199403583,1879.7784227065165,7923595.936188593,,29590.0,43932.0
bd497cd,2026-04-07T11:54:36+01:00,linuxpc,16,4427,True,31.26,0.00390625,50000,ByteCask/ReadAndWriteLoad/Sync/BoundedStaleness/real_time/threads:16_stddev,aggregate,stddev,3,29.211326741682157,187.473955528505,117202.22129854237,,3345.7784345849163,3923.3005237936795
bd497cd,2026-04-07T11:54:36+01:00,linuxpc,16,4427,True,31.26,0.00390625,50000,ByteCask/ReadAndWriteLoad/Sync/BoundedStaleness/real_time/threads:16_cv,aggregate,cv,3,0.014567626574773446,0.10542215201673638,0.014686435230269145,,0.12090261748680739,0.0919279376679713
bd497cd,2026-04-07T11:54:36+01:00,linuxpc,16,4427,True,31.26,0.00390625,50000,RocksDB/ReadAndWriteLoad/Sync/real_time/threads:2,iteration,,1054096,652.8850038462115,648.8883099831521,3063326.6014961256,,1180.0,2290.0
bd497cd,2026-04-07T11:54:36+01:00,linuxpc,16,4427,True,31.26,0.00390625,50000,RocksDB/ReadAndWriteLoad/Sync/real_time/threads:2,iteration,,1054096,622.3316984538218,619.0796777523099,3213720.2796659474,,1140.0,1890.0
bd497cd,2026-04-07T11:54:36+01:00,linuxpc,16,4427,True,31.26,0.00390625,50000,RocksDB/ReadAndWriteLoad/Sync/real_time/threads:2,iteration,,1054096,632.7313546828137,628.7761105250389,3160899.1481109606,,1160.0,1900.0
bd497cd,2026-04-07T11:54:36+01:00,linuxpc,16,4427,True,31.26,0.00390625,50000,RocksDB/ReadAndWriteLoad/Sync/real_time/threads:2_mean,aggregate,mean,3,635.982685660949,632.2480327535003,3145982.0097576776,,1160.0,2026.6666666666665
bd497cd,2026-04-07T11:54:36+01:00,linuxpc,16,4427,True,31.26,0.00390625,50000,RocksDB/ReadAndWriteLoad/Sync/real_time/threads:2_median,aggregate,median,3,632.7313546828137,628.7761105250389,3160899.1481109606,,1160.0,1900.0
bd497cd,2026-04-07T11:54:36+01:00,linuxpc,16,4427,True,31.26,0.00390625,50000,RocksDB/ReadAndWriteLoad/Sync/real_time/threads:2_stddev,aggregate,stddev,3,15.533978320029519,15.20458226452475,76298.4624409402,,19.99999999999418,228.1081614790102
bd497cd,2026-04-07T11:54:36+01:00,linuxpc,16,4427,True,31.26,0.00390625,50000,RocksDB/ReadAndWriteLoad/Sync/real_time/threads:2_cv,aggregate,cv,3,0.024425159159617266,0.024048445351909357,0.024252669660630756,,0.01724137931033981,0.1125533691508274
bd497cd,2026-04-07T11:54:36+01:00,linuxpc,16,4427,True,31.26,0.00390625,50000,RocksDB/ReadAndWriteLoad/Sync/real_time/threads:4,iteration,,1041156,742.318399853252,708.7281598530839,5388523.308583965,,2560.0,5370.0
bd497cd,2026-04-07T11:54:36+01:00,linuxpc,16,4427,True,31.26,0.00390625,50000,RocksDB/ReadAndWriteLoad/Sync/real_time/threads:4,iteration,,1041156,686.1691264661545,678.5830807294979,5829466.593171329,,2510.0,4160.0
bd497cd,2026-04-07T11:54:36+01:00,linuxpc,16,4427,True,31.26,0.00390625,50000,RocksDB/ReadAndWriteLoad/Sync/real_time/threads:4,iteration,,1041156,717.9318555305362,688.7104602960562,5571559.430308447,,2530.0,4550.0
bd497cd,2026-04-07T11:54:36+01:00,linuxpc,16,4427,True,31.26,0.00390625,50000,RocksDB/ReadAndWriteLoad/Sync/real_time/threads:4_mean,aggregate,mean,3,715.4731272833142,692.0072336262127,5596516.444021247,,2533.333333333333,4693.333333333333
bd497cd,2026-04-07T11:54:36+01:00,linuxpc,16,4427,True,31.26,0.00390625,50000,RocksDB/ReadAndWriteLoad/Sync/real_time/threads:4_median,aggregate,median,3,717.9318555305362,688.7104602960563,5571559.430308447,,2530.0,4550.0
bd497cd,2026-04-07T11:54:36+01:00,linuxpc,16,4427,True,31.26,0.00390625,50000,RocksDB/ReadAndWriteLoad/Sync/real_time/threads:4_stddev,aggregate,stddev,3,28.155270091401672,15.340566633423519,221528.51838027043,,25.166114784285174,617.6028929120491
bd497cd,2026-04-07T11:54:36+01:00,linuxpc,16,4427,True,31.26,0.00390625,50000,RocksDB/ReadAndWriteLoad/Sync/real_time/threads:4_cv,aggregate,cv,3,0.03935196028718588,0.022168217163044453,0.03958328731740422,,0.009933992678007307,0.13159152547841957
bd497cd,2026-04-07T11:54:36+01:00,linuxpc,16,4427,True,31.26,0.00390625,50000,RocksDB/ReadAndWriteLoad/Sync/real_time/threads:8,iteration,,821176,689.5487616658398,680.6389227157135,11601790.10498587,,5020.0,8470.0
bd497cd,2026-04-07T11:54:36+01:00,linuxpc,16,4427,True,31.26,0.00390625,50000,RocksDB/ReadAndWriteLoad/Sync/real_time/threads:8,iteration,,821176,700.0735225690172,690.8132397926861,11427371.18616183,,5080.0,8700.0
bd497cd,2026-04-07T11:54:36+01:00,linuxpc,16,4427,True,31.26,0.00390625,50000,RocksDB/ReadAndWriteLoad/Sync/real_time/threads:8,iteration,,821176,694.3995465674391,687.8201700975188,11520744.850058815,,5070.0,8560.0
bd497cd,2026-04-07T11:54:36+01:00,linuxpc,16,4427,True,31.26,0.00390625,50000,RocksDB/ReadAndWriteLoad/Sync/real_time/threads:8_mean,aggregate,mean,3,694.6739436007655,686.4241108686393,11516635.380402172,,5056.666666666666,8576.666666666666
bd497cd,2026-04-07T11:54:36+01:00,linuxpc,16,4427,True,31.26,0.00390625,50000,RocksDB/ReadAndWriteLoad/Sync/real_time/threads:8_median,aggregate,median,3,694.3995465674392,687.8201700975188,11520744.850058815,,5070.0,8560.0
bd497cd,2026-04-07T11:54:36+01:00,linuxpc,16,4427,True,31.26,0.00390625,50000,RocksDB/ReadAndWriteLoad/Sync/real_time/threads:8_stddev,aggregate,stddev,3,5.267743190045528,5.228854370097952,87282.04635874616,,32.14550253671079,115.9022576714033
bd497cd,2026-04-07T11:54:36+01:00,linuxpc,16,4427,True,31.26,0.00390625,50000,RocksDB/ReadAndWriteLoad/Sync/real_time/threads:8_cv,aggregate,cv,3,0.007583044158444703,0.007617527250727058,0.007578780040850628,,0.006357053896514988,0.013513671706731829
bd497cd,2026-04-07T11:54:36+01:00,linuxpc,16,4427,True,31.26,0.00390625,50000,RocksDB/ReadAndWriteLoad/Sync/real_time/threads:16,iteration,,651792,1202.6906730223016,995.3932696320301,13303503.850905236,,15020.0,23470.0
bd497cd,2026-04-07T11:54:36+01:00,linuxpc,16,4427,True,31.26,0.00390625,50000,RocksDB/ReadAndWriteLoad/Sync/real_time/threads:16,iteration,,651792,1109.0710181158558,892.4755182634966,14426488.239843814,,13400.0,22320.0
bd497cd,2026-04-07T11:54:36+01:00,linuxpc,16,4427,True,31.26,0.00390625,50000,RocksDB/ReadAndWriteLoad/Sync/real_time/threads:16,iteration,,651792,1042.874331183403,980.7436743623746,15342212.883736411,,14981.0,23411.0
bd497cd,2026-04-07T11:54:36+01:00,linuxpc,16,4427,True,31.26,0.00390625,50000,RocksDB/ReadAndWriteLoad/Sync/real_time/threads:16_mean,aggregate,mean,3,1118.2120074405202,956.2041540859672,14357401.658161819,,14467.0,23067.0
bd497cd,2026-04-07T11:54:36+01:00,linuxpc,16,4427,True,31.26,0.00390625,50000,RocksDB/ReadAndWriteLoad/Sync/real_time/threads:16_median,aggregate,median,3,1109.0710181158556,980.7436743623745,14426488.239843814,,14981.0,23411.0
bd497cd,2026-04-07T11:54:36+01:00,linuxpc,16,4427,True,31.26,0.00390625,50000,RocksDB/ReadAndWriteLoad/Sync/real_time/threads:16_stddev,aggregate,stddev,3,80.29934024677216,55.67456266766464,1021108.8810519915,,924.254834988706,647.5932365304168
bd497cd,2026-04-07T11:54:36+01:00,linuxpc,16,4427,True,31.26,0.00390625,50000,RocksDB/ReadAndWriteLoad/Sync/real_time/threads:16_cv,aggregate,cv,3,0.07181047932991673,0.05822455636671417,0.07112072959744195,,0.06388711101048634,0.0280744455945904
bd497cd,2026-04-07T11:54:36+01:00,linuxpc,16,4427,True,31.26,0.00390625,50000,ByteCask/PutMT/Sync/real_time/threads:2,iteration,,154,3978810.1362850666,214039.75974024853,502.66283926464484,,7879898.0,14928004.0
bd497cd,2026-04-07T11:54:36+01:00,linuxpc,16,4427,True,31.26,0.00390625,50000,ByteCask/PutMT/Sync/real_time/threads:2,iteration,,154,4214601.480483695,222639.59740259973,474.5407150026596,,7997299.0,13989492.0
bd497cd,2026-04-07T11:54:36+01:00,linuxpc,16,4427,True,31.26,0.00390625,50000,ByteCask/PutMT/Sync/real_time/threads:2,iteration,,154,4375514.181636201,236800.96103896786,457.0891367222378,,8063419.0,14318546.0
bd497cd,2026-04-07T11:54:36+01:00,linuxpc,16,4427,True,31.26,0.00390625,50000,ByteCask/PutMT/Sync/real_time/threads:2_mean,aggregate,mean,3,4189641.932801653,224493.43939393866,478.0975636631807,,7980205.333333333,14412014.0
bd497cd,2026-04-07T11:54:36+01:00,linuxpc,16,4427,True,31.26,0.00390625,50000,ByteCask/PutMT/Sync/real_time/threads:2_median,aggregate,median,3,4214601.480483694,222639.59740259976,474.5407150026596,,7997299.0,14318546.0
bd497cd,2026-04-07T11:54:36+01:00,linuxpc,16,4427,True,31.26,0.00390625,50000,ByteCask/PutMT/Sync/real_time/threads:2_stddev,aggregate,stddev,3,199526.33702061404,11493.285811152557,22.994107291898743,,92946.9442227115,476186.3015711229
bd497cd,2026-04-07T11:54:36+01:00,linuxpc,16,4427,True,31.26,0.00390625,50000,ByteCask/PutMT/Sync/real_time/threads:2_cv,aggregate,cv,3,0.04762372064745611,0.0511965331467182,0.04809501039017649,,0.011647187050998794,0.0330409269357581
bd497cd,2026-04-07T11:54:36+01:00,linuxpc,16,4427,True,31.26,0.00390625,50000,ByteCask/PutMT/Sync/real_time/threads:4,iteration,,148,5034052.581224289,164394.8243243327,794.588442504348,,16414393.0,43348082.0
bd497cd,2026-04-07T11:54:36+01:00,linuxpc,16,4427,True,31.26,0.00390625,50000,ByteCask/PutMT/Sync/real_time/threads:4,iteration,,148,4344021.297387174,169689.0472973134,920.8057986285437,,17321772.0,18763851.0
bd497cd,2026-04-07T11:54:36+01:00,linuxpc,16,4427,True,31.26,0.00390625,50000,ByteCask/PutMT/Sync/real_time/threads:4,iteration,,148,4429504.054290167,167737.71621622107,903.0356335549183,,17043852.0,18504677.0
bd497cd,2026-04-07T11:54:36+01:00,linuxpc,16,4427,True,31.26,0.00390625,50000,ByteCask/PutMT/Sync/real_time/threads:4_mean,aggregate,mean,3,4602525.977633876,167273.8626126224,872.8099582292699,,16926672.333333332,26872203.333333332
bd497cd,2026-04-07T11:54:36+01:00,linuxpc,16,4427,True,31.26,0.00390625,50000,ByteCask/PutMT/Sync/real_time/threads:4_median,aggregate,median,3,4429504.054290167,167737.71621622107,903.0356335549183,,17043852.0,18763851.0
bd497cd,2026-04-07T11:54:36+01:00,linuxpc,16,4427,True,31.26,0.00390625,50000,ByteCask/PutMT/Sync/real_time/threads:4_stddev,aggregate,stddev,3,376149.2159192211,2677.418410724058,68.32202304831453,,464900.4927082515,14269117.918414244
bd497cd,2026-04-07T11:54:36+01:00,linuxpc,16,4427,True,31.26,0.00390625,50000,ByteCask/PutMT/Sync/real_time/threads:4_cv,aggregate,cv,3,0.08172669046239615,0.01600619707649425,0.07827823503174065,,0.027465557526787646,0.5309991793904846
bd497cd,2026-04-07T11:54:36+01:00,linuxpc,16,4427,True,31.26,0.00390625,50000,ByteCask/PutMT/Sync/real_time/threads:8,iteration,,104,5787233.441459158,124905.30769231419,1382.353084755283,,35386599.0,83728159.0
bd497cd,2026-04-07T11:54:36+01:00,linuxpc,16,4427,True,31.26,0.00390625,50000,ByteCask/PutMT/Sync/real_time/threads:8,iteration,,104,5418014.539687787,101358.57692307195,1476.5556536252855,,34833561.0,89493259.0
bd497cd,2026-04-07T11:54:36+01:00,linuxpc,16,4427,True,31.26,0.00390625,50000,ByteCask/PutMT/Sync/real_time/threads:8,iteration,,104,4348048.787505832,101256.54807694122,1839.9057579547157,,34895651.0,35731220.0
bd497cd,2026-04-07T11:54:36+01:00,linuxpc,16,4427,True,31.26,0.00390625,50000,ByteCask/PutMT/Sync/real_time/threads:8_mean,aggregate,mean,3,5184432.256217591,109173.47756410913,1566.271498778428,,35038603.666666664,69650879.33333333
bd497cd,2026-04-07T11:54:36+01:00,linuxpc,16,4427,True,31.26,0.00390625,50000,ByteCask/PutMT/Sync/real_time/threads:8_median,aggregate,median,3,5418014.539687787,101358.57692307195,1476.5556536252855,,34895651.0,83728159.0
bd497cd,2026-04-07T11:54:36+01:00,linuxpc,16,4427,True,31.26,0.00390625,50000,ByteCask/PutMT/Sync/real_time/threads:8_stddev,aggregate,stddev,3,747484.8690154604,13624.260048104783,241.60983390922524,,302967.5824929542,29516377.85144954
bd497cd,2026-04-07T11:54:36+01:00,linuxpc,16,4427,True,31.26,0.00390625,50000,ByteCask/PutMT/Sync/real_time/threads:8_cv,aggregate,cv,3,0.14417873203358303,0.12479459619763701,0.1542579521479274,,0.008646679684361306,0.4237760977889575
bd497cd,2026-04-07T11:54:36+01:00,linuxpc,16,4427,True,31.26,0.00390625,50000,ByteCask/PutMT/Sync/real_time/threads:16,iteration,,64,8225433.19009128,75604.70312497763,1945.1863057223911,,72776295.0,182612240.0
bd497cd,2026-04-07T11:54:36+01:00,linuxpc,16,4427,True,31.26,0.00390625,50000,ByteCask/PutMT/Sync/real_time/threads:16,iteration,,64,11803398.410847876,77875.20312504467,1355.5418061035075,,179858728.0,199105207.0
bd497cd,2026-04-07T11:54:36+01:00,linuxpc,16,4427,True,31.26,0.00390625,50000,ByteCask/PutMT/Sync/real_time/threads:16,iteration,,64,13636036.85877024,79707.70312504454,1173.3614514036267,,191358784.0,293759116.0
bd497cd,2026-04-07T11:54:36+01:00,linuxpc,16,4427,True,31.26,0.00390625,50000,ByteCask/PutMT/Sync/real_time/threads:16_mean,aggregate,mean,3,11221622.819903133,77729.2031250223,1491.3631877431749,,147997935.66666666,225158854.3333333
bd497cd,2026-04-07T11:54:36+01:00,linuxpc,16,4427,True,31.26,0.00390625,50000,ByteCask/PutMT/Sync/real_time/threads:16_median,aggregate,median,3,11803398.410847878,77875.20312504469,1355.5418061035075,,179858728.0,199105207.0
bd497cd,2026-04-07T11:54:36+01:00,linuxpc,16,4427,True,31.26,0.00390625,50000,ByteCask/PutMT/Sync/real_time/threads:16_stddev,aggregate,stddev,3,2751818.515735521,2055.3927240647313,403.4401903862915,,65397127.157388374,59979174.84983547
bd497cd,2026-04-07T11:54:36+01:00,linuxpc,16,4427,True,31.26,0.00390625,50000,ByteCask/PutMT/Sync/real_time/threads:16_cv,aggregate,cv,3,0.24522464886761144,0.026442992355894444,0.27051773417902497,,0.44187864420407363,0.2663860367713549
bd497cd,2026-04-07T11:54:36+01:00,linuxpc,16,4427,True,31.26,0.00390625,50000,RocksDB/PutMT/Sync/real_time/threads:2,iteration,,272,2759953.054919606,252652.59926470715,724.6500067945024,,4285952.0,12003308.0
bd497cd,2026-04-07T11:54:36+01:00,linuxpc,16,4427,True,31.26,0.00390625,50000,RocksDB/PutMT/Sync/real_time/threads:2,iteration,,272,2772444.496419185,232990.5220588203,721.3850457901489,,4409615.0,10900374.0
bd497cd,2026-04-07T11:54:36+01:00,linuxpc,16,4427,True,31.26,0.00390625,50000,RocksDB/PutMT/Sync/real_time/threads:2,iteration,,272,2884098.665484036,247701.9595588288,693.4575518983994,,4365724.0,10988656.0
bd497cd,2026-04-07T11:54:36+01:00,linuxpc,16,4427,True,31.26,0.00390625,50000,RocksDB/PutMT/Sync/real_time/threads:2_mean,aggregate,mean,3,2805498.7389409426,244448.36029411873,713.1642014943501,,4353763.666666666,11297446.0
bd497cd,2026-04-07T11:54:36+01:00,linuxpc,16,4427,True,31.26,0.00390625,50000,RocksDB/PutMT/Sync/real_time/threads:2_median,aggregate,median,3,2772444.4964191853,247701.95955882876,721.3850457901489,,4365724.0,10988656.0
bd497cd,2026-04-07T11:54:36+01:00,linuxpc,16,4427,True,31.26,0.00390625,50000,RocksDB/PutMT/Sync/real_time/threads:2_stddev,aggregate,stddev,3,68355.470645129,10226.864189186099,17.14435829401309,,62693.074357059915,612886.0417434748
bd497cd,2026-04-07T11:54:36+01:00,linuxpc,16,4427,True,31.26,0.00390625,50000,RocksDB/PutMT/Sync/real_time/threads:2_cv,aggregate,cv,3,0.024364819593871122,0.04183650148800835,0.024039847005905713,,0.014399742190200017,0.054249964261256466
bd497cd,2026-04-07T11:54:36+01:00,linuxpc,16,4427,True,31.26,0.00390625,50000,RocksDB/PutMT/Sync/real_time/threads:4,iteration,,136,4120349.448759739,144585.24264706208,970.7914461488297,,11071835.0,71680975.0
bd497cd,2026-04-07T11:54:36+01:00,linuxpc,16,4427,True,31.26,0.00390625,50000,RocksDB/PutMT/Sync/real_time/threads:4,iteration,,136,3420917.60274557,148970.19852939987,1169.2769205518628,,9290245.0,25962318.0
bd497cd,2026-04-07T11:54:36+01:00,linuxpc,16,4427,True,31.26,0.00390625,50000,RocksDB/PutMT/Sync/real_time/threads:4,iteration,,136,3735145.8086050116,141330.42647059658,1070.908661928222,,10940475.0,88422217.0
bd497cd,2026-04-07T11:54:36+01:00,linuxpc,16,4427,True,31.26,0.00390625,50000,RocksDB/PutMT/Sync/real_time/threads:4_mean,aggregate,mean,3,3758804.28670344,144961.95588235284,1070.325676209638,,10434185.0,62021836.666666664
bd497cd,2026-04-07T11:54:36+01:00,linuxpc,16,4427,True,31.26,0.00390625,50000,RocksDB/PutMT/Sync/real_time/threads:4_median,aggregate,median,3,3735145.8086050116,144585.24264706208,1070.908661928222,,10940475.0,71680975.0
bd497cd,2026-04-07T11:54:36+01:00,linuxpc,16,4427,True,31.26,0.00390625,50000,RocksDB/PutMT/Sync/real_time/threads:4_stddev,aggregate,stddev,3,350315.5998441195,3833.7923683814697,99.24402143963535,,992855.9337084028,32330851.53192538
bd497cd,2026-04-07T11:54:36+01:00,linuxpc,16,4427,True,31.26,0.00390625,50000,RocksDB/PutMT/Sync/real_time/threads:4_cv,aggregate,cv,3,0.09319868051745639,0.026446886323007887,0.0927231997190704,,0.0951541432041317,0.5212817496148326
bd497cd,2026-04-07T11:54:36+01:00,linuxpc,16,4427,True,31.26,0.00390625,50000,RocksDB/PutMT/Sync/real_time/threads:8,iteration,,240,6014099.616731983,97502.31666666655,1330.2074308418491,,25200270.0,198690427.0
bd497cd,2026-04-07T11:54:36+01:00,linuxpc,16,4427,True,31.26,0.00390625,50000,RocksDB/PutMT/Sync/real_time/threads:8,iteration,,240,3551353.762304643,92348.39583333669,2252.6620932318547,,24294251.0,50853538.0
bd497cd,2026-04-07T11:54:36+01:00,linuxpc,16,4427,True,31.26,0.00390625,50000,RocksDB/PutMT/Sync/real_time/threads:8,iteration,,240,5195625.7996304585,87656.03749999822,1539.756770121706,,20674486.0,179314542.0
bd497cd,2026-04-07T11:54:36+01:00,linuxpc,16,4427,True,31.26,0.00390625,50000,RocksDB/PutMT/Sync/real_time/threads:8_mean,aggregate,mean,3,4920359.726222361,92502.25000000048,1707.5420980651365,,23389669.0,142952835.66666666
bd497cd,2026-04-07T11:54:36+01:00,linuxpc,16,4427,True,31.26,0.00390625,50000,RocksDB/PutMT/Sync/real_time/threads:8_median,aggregate,median,3,5195625.7996304585,92348.3958333367,1539.756770121706,,24294251.0,179314542.0
bd497cd,2026-04-07T11:54:36+01:00,linuxpc,16,4427,True,31.26,0.00390625,50000,RocksDB/PutMT/Sync/real_time/threads:8_stddev,aggregate,stddev,3,1254235.9603567023,4924.942302752708,483.5748010867385,,2394656.8960306062,80346541.32508294
bd497cd,2026-04-07T11:54:36+01:00,linuxpc,16,4427,True,31.26,0.00390625,50000,RocksDB/PutMT/Sync/real_time/threads:8_cv,aggregate,cv,3,0.2549073706282956,0.05324132442997529,0.28319934345085285,,0.10238096554639599,0.5620493007388305
bd497cd,2026-04-07T11:54:36+01:00,linuxpc,16,4427,True,31.26,0.00390625,50000,RocksDB/PutMT/Sync/real_time/threads:16,iteration,,48,15803660.93791478,101757.72916670218,1012.4236442971376,,279843686.0,279843686.0
bd497cd,2026-04-07T11:54:36+01:00,linuxpc,16,4427,True,31.26,0.00390625,50000,RocksDB/PutMT/Sync/real_time/threads:16,iteration,,48,16539447.91663283,114397.70833338708,967.3841642507102,,288089268.0,288089268.0
bd497cd,2026-04-07T11:54:36+01:00,linuxpc,16,4427,True,31.26,0.00390625,50000,RocksDB/PutMT/Sync/real_time/threads:16,iteration,,48,10898951.45802681,147724.41666667824,1468.0311277298508,,186894109.0,186894109.0
bd497cd,2026-04-07T11:54:36+01:00,linuxpc,16,4427,True,31.26,0.00390625,50000,RocksDB/PutMT/Sync/real_time/threads:16_mean,aggregate,mean,3,14414020.104191473,121293.28472225583,1149.2796454258996,,251609021.0,251609021.0
bd497cd,2026-04-07T11:54:36+01:00,linuxpc,16,4427,True,31.26,0.00390625,50000,RocksDB/PutMT/Sync/real_time/threads:16_median,aggregate,median,3,15803660.93791478,114397.70833338708,1012.4236442971376,,279843686.0,279843686.0
bd497cd,2026-04-07T11:54:36+01:00,linuxpc,16,4427,True,31.26,0.00390625,50000,RocksDB/PutMT/Sync/real_time/threads:16_stddev,aggregate,stddev,3,3066288.6866618097,23746.490692966734,276.963931395294,,56196194.55092567,56196194.55092567
bd497cd,2026-04-07T11:54:36+01:00,linuxpc,16,4427,True,31.26,0.00390625,50000,RocksDB/PutMT/Sync/real_time/threads:16_cv,aggregate,cv,3,0.2127295969130888,0.19577745583642803,0.24098915568339055,,0.22334729624390404,0.22334729624390404
bd497cd,2026-04-07T12:01:01+01:00,linuxpc,16,4427,True,31.26,6.95264,50000,ByteCask/Recovery/threads:/1/real_time,iteration,,49,14026183.447306404,12186202.775510222,,,,
bd497cd,2026-04-07T12:01:01+01:00,linuxpc,16,4427,True,31.26,6.95264,50000,ByteCask/Recovery/threads:/1/real_time,iteration,,49,15296367.510240905,13167934.244897949,,,,
bd497cd,2026-04-07T12:01:01+01:00,linuxpc,16,4427,True,31.26,6.95264,50000,ByteCask/Recovery/threads:/1/real_time,iteration,,49,16628935.341533199,14158169.163265347,,,,
bd497cd,2026-04-07T12:01:01+01:00,linuxpc,16,4427,True,31.26,6.95264,50000,ByteCask/Recovery/threads:/1/real_time_mean,aggregate,mean,3,15317162.099693503,13170768.727891171,,,,
bd497cd,2026-04-07T12:01:01+01:00,linuxpc,16,4427,True,31.26,6.95264,50000,ByteCask/Recovery/threads:/1/real_time_median,aggregate,median,3,15296367.510240905,13167934.244897949,,,,
bd497cd,2026-04-07T12:01:01+01:00,linuxpc,16,4427,True,31.26,6.95264,50000,ByteCask/Recovery/threads:/1/real_time_stddev,aggregate,stddev,3,1301500.544347978,985986.249564068,,,,
bd497cd,2026-04-07T12:01:01+01:00,linuxpc,16,4427,True,31.26,6.95264,50000,ByteCask/Recovery/threads:/1/real_time_cv,aggregate,cv,3,84970083.61451113,74861708.52549309,,,,
bd497cd,2026-04-07T12:01:01+01:00,linuxpc,16,4427,True,31.26,6.95264,50000,ByteCask/Recovery/threads:/2/real_time,iteration,,45,16136040.423427606,4860606.066666682,,,,
bd497cd,2026-04-07T12:01:01+01:00,linuxpc,16,4427,True,31.26,6.95264,50000,ByteCask/Recovery/threads:/2/real_time,iteration,,45,17045745.842107054,5475492.400000033,,,,
bd497cd,2026-04-07T12:01:01+01:00,linuxpc,16,4427,True,31.26,6.95264,50000,ByteCask/Recovery/threads:/2/real_time,iteration,,45,17939213.866419673,6195500.600000011,,,,
bd497cd,2026-04-07T12:01:01+01:00,linuxpc,16,4427,True,31.26,6.95264,50000,ByteCask/Recovery/threads:/2/real_time_mean,aggregate,mean,3,17040333.37731811,5510533.022222242,,,,
bd497cd,2026-04-07T12:01:01+01:00,linuxpc,16,4427,True,31.26,6.95264,50000,ByteCask/Recovery/threads:/2/real_time_median,aggregate,median,3,17045745.842107054,5475492.400000034,,,,
bd497cd,2026-04-07T12:01:01+01:00,linuxpc,16,4427,True,31.26,6.95264,50000,ByteCask/Recovery/threads:/2/real_time_stddev,aggregate,stddev,3,901598.9060881359,668136.7657037644,,,,
bd497cd,2026-04-07T12:01:01+01:00,linuxpc,16,4427,True,31.26,6.95264,50000,ByteCask/Recovery/threads:/2/real_time_cv,aggregate,cv,3,52909698.77902905,121247212.02275342,,,,
bd497cd,2026-04-07T12:01:01+01:00,linuxpc,16,4427,True,31.26,6.95264,50000,ByteCask/Recovery/threads:/4/real_time,iteration,,39,18416445.763507046,7055246.871794898,,,,
bd497cd,2026-04-07T12:01:01+01:00,linuxpc,16,4427,True,31.26,6.95264,50000,ByteCask/Recovery/threads:/4/real_time,iteration,,39,19279597.489796102,7641570.53846151,,,,
bd497cd,2026-04-07T12:01:01+01:00,linuxpc,16,4427,True,31.26,6.95264,50000,ByteCask/Recovery/threads:/4/real_time,iteration,,39,19449832.261157915,8037149.051282072,,,,
bd497cd,2026-04-07T12:01:01+01:00,linuxpc,16,4427,True,31.26,6.95264,50000,ByteCask/Recovery/threads:/4/real_time_mean,aggregate,mean,3,19048625.171487022,7577988.820512826,,,,
bd497cd,2026-04-07T12:01:01+01:00,linuxpc,16,4427,True,31.26,6.95264,50000,ByteCask/Recovery/threads:/4/real_time_median,aggregate,median,3,19279597.489796102,7641570.538461511,,,,
bd497cd,2026-04-07T12:01:01+01:00,linuxpc,16,4427,True,31.26,6.95264,50000,ByteCask/Recovery/threads:/4/real_time_stddev,aggregate,stddev,3,554060.531215415,494029.29939772555,,,,
bd497cd,2026-04-07T12:01:01+01:00,linuxpc,16,4427,True,31.26,6.95264,50000,ByteCask/Recovery/threads:/4/real_time_cv,aggregate,cv,3,29086641.488686632,65192666.69547463,,,,
bd497cd,2026-04-07T12:01:01+01:00,linuxpc,16,4427,True,31.26,6.95264,50000,ByteCask/Recovery/threads:/8/real_time,iteration,,36,20129902.032850724,9178983.305555603,,,,
bd497cd,2026-04-07T12:01:01+01:00,linuxpc,16,4427,True,31.26,6.95264,50000,ByteCask/Recovery/threads:/8/real_time,iteration,,36,20774754.996333893,9665640.055555603,,,,
bd497cd,2026-04-07T12:01:01+01:00,linuxpc,16,4427,True,31.26,6.95264,50000,ByteCask/Recovery/threads:/8/real_time,iteration,,36,21563092.865916487,10180432.722222231,,,,
bd497cd,2026-04-07T12:01:01+01:00,linuxpc,16,4427,True,31.26,6.95264,50000,ByteCask/Recovery/threads:/8/real_time_mean,aggregate,mean,3,20822583.298367035,9675018.694444478,,,,
bd497cd,2026-04-07T12:01:01+01:00,linuxpc,16,4427,True,31.26,6.95264,50000,ByteCask/Recovery/threads:/8/real_time_median,aggregate,median,3,20774754.996333893,9665640.055555603,,,,
bd497cd,2026-04-07T12:01:01+01:00,linuxpc,16,4427,True,31.26,6.95264,50000,ByteCask/Recovery/threads:/8/real_time_stddev,aggregate,stddev,3,717791.5093203431,500790.5776730103,,,,
bd497cd,2026-04-07T12:01:01+01:00,linuxpc,16,4427,True,31.26,6.95264,50000,ByteCask/Recovery/threads:/8/real_time_cv,aggregate,cv,3,34471779.94368424,51761200.00270085,,,,
bd497cd,2026-04-07T12:01:01+01:00,linuxpc,16,4427,True,31.26,6.95264,50000,ByteCask/Recovery/threads:/16/real_time,iteration,,33,21704719.33134126,10988210.878787946,,,,
bd497cd,2026-04-07T12:01:01+01:00,linuxpc,16,4427,True,31.26,6.95264,50000,ByteCask/Recovery/threads:/16/real_time,iteration,,33,22779007.35939373,11555836.030302921,,,,
bd497cd,2026-04-07T12:01:01+01:00,linuxpc,16,4427,True,31.26,6.95264,50000,ByteCask/Recovery/threads:/16/real_time,iteration,,33,22965691.72441113,12012695.727272755,,,,
bd497cd,2026-04-07T12:01:01+01:00,linuxpc,16,4427,True,31.26,6.95264,50000,ByteCask/Recovery/threads:/16/real_time_mean,aggregate,mean,3,22483139.471715376,11518914.212121205,,,,
bd497cd,2026-04-07T12:01:01+01:00,linuxpc,16,4427,True,31.26,6.95264,50000,ByteCask/Recovery/threads:/16/real_time_median,aggregate,median,3,22779007.35939373,11555836.030302921,,,,
bd497cd,2026-04-07T12:01:01+01:00,linuxpc,16,4427,True,31.26,6.95264,50000,ByteCask/Recovery/threads:/16/real_time_stddev,aggregate,stddev,3,680563.148605957,513239.4340726242,,,,
bd497cd,2026-04-07T12:01:01+01:00,linuxpc,16,4427,True,31.26,6.95264,50000,ByteCask/Recovery/threads:/16/real_time_cv,aggregate,cv,3,30269934.030437823,44556233.74055073,,,,
bd497cd,2026-04-07T12:06:25+01:00,linuxpc,16,4427,True,31.26,0.0390625,50000,ByteCask/Recovery/threads:1/real_time,iteration,,55,14047538.999214092,11986227.381818177,,,,
bd497cd,2026-04-07T12:06:25+01:00,linuxpc,16,4427,True,31.26,0.0390625,50000,ByteCask/Recovery/threads:1/real_time,iteration,,55,15297513.511243531,13302580.400000002,,,,
bd497cd,2026-04-07T12:06:25+01:00,linuxpc,16,4427,True,31.26,0.0390625,50000,ByteCask/Recovery/threads:1/real_time,iteration,,55,16710175.89132217,14599178.036363617,,,,
bd497cd,2026-04-07T12:06:25+01:00,linuxpc,16,4427,True,31.26,0.0390625,50000,ByteCask/Recovery/threads:1/real_time_mean,aggregate,mean,3,15351742.800593263,13295995.272727262,,,,
bd497cd,2026-04-07T12:06:25+01:00,linuxpc,16,4427,True,31.26,0.0390625,50000,ByteCask/Recovery/threads:1/real_time_median,aggregate,median,3,15297513.511243531,13302580.400000002,,,,
bd497cd,2026-04-07T12:06:25+01:00,linuxpc,16,4427,True,31.26,0.0390625,50000,ByteCask/Recovery/threads:1/real_time_stddev,aggregate,stddev,3,1332146.5447432213,1306487.774033233,,,,
bd497cd,2026-04-07T12:06:25+01:00,linuxpc,16,4427,True,31.26,0.0390625,50000,ByteCask/Recovery/threads:1/real_time_cv,aggregate,cv,3,86774938.97902855,98261750.79296996,,,,
bd497cd,2026-04-07T12:06:25+01:00,linuxpc,16,4427,True,31.26,0.0390625,50000,ByteCask/Recovery/threads:2/real_time,iteration,,41,16751221.558590217,5062822.926829252,,,,
bd497cd,2026-04-07T12:06:25+01:00,linuxpc,16,4427,True,31.26,0.0390625,50000,ByteCask/Recovery/threads:2/real_time,iteration,,41,18050468.555174585,5773618.756097542,,,,
bd497cd,2026-04-07T12:06:25+01:00,linuxpc,16,4427,True,31.26,0.0390625,50000,ByteCask/Recovery/threads:2/real_time,iteration,,41,18298265.586675305,6269297.634146351,,,,
bd497cd,2026-04-07T12:06:25+01:00,linuxpc,16,4427,True,31.26,0.0390625,50000,ByteCask/Recovery/threads:2/real_time_mean,aggregate,mean,3,17699985.233480033,5701913.105691048,,,,
bd497cd,2026-04-07T12:06:25+01:00,linuxpc,16,4427,True,31.26,0.0390625,50000,ByteCask/Recovery/threads:2/real_time_median,aggregate,median,3,18050468.55517458,5773618.756097541,,,,
bd497cd,2026-04-07T12:06:25+01:00,linuxpc,16,4427,True,31.26,0.0390625,50000,ByteCask/Recovery/threads:2/real_time_stddev,aggregate,stddev,3,830942.3718273137,606425.2468970369,,,,
bd497cd,2026-04-07T12:06:25+01:00,linuxpc,16,4427,True,31.26,0.0390625,50000,ByteCask/Recovery/threads:2/real_time_cv,aggregate,cv,3,46945935.878836915,106354698.0910262,,,,
bd497cd,2026-04-07T12:06:25+01:00,linuxpc,16,4427,True,31.26,0.0390625,50000,ByteCask/Recovery/threads:4/real_time,iteration,,39,18553037.103862524,7024746.358974361,,,,
bd497cd,2026-04-07T12:06:25+01:00,linuxpc,16,4427,True,31.26,0.0390625,50000,ByteCask/Recovery/threads:4/real_time,iteration,,39,19534478.514777638,7710170.564102634,,,,
bd497cd,2026-04-07T12:06:25+01:00,linuxpc,16,4427,True,31.26,0.0390625,50000,ByteCask/Recovery/threads:4/real_time,iteration,,39,19670826.08741923,8130317.512820531,,,,
bd497cd,2026-04-07T12:06:25+01:00,linuxpc,16,4427,True,31.26,0.0390625,50000,ByteCask/Recovery/threads:4/real_time_mean,aggregate,mean,3,19252780.568686467,7621744.811965842,,,,
bd497cd,2026-04-07T12:06:25+01:00,linuxpc,16,4427,True,31.26,0.0390625,50000,ByteCask/Recovery/threads:4/real_time_median,aggregate,median,3,19534478.51477764,7710170.564102635,,,,
bd497cd,2026-04-07T12:06:25+01:00,linuxpc,16,4427,True,31.26,0.0390625,50000,ByteCask/Recovery/threads:4/real_time_stddev,aggregate,stddev,3,609818.2947110134,558064.717828425,,,,
bd497cd,2026-04-07T12:06:25+01:00,linuxpc,16,4427,True,31.26,0.0390625,50000,ByteCask/Recovery/threads:4/real_time_cv,aggregate,cv,3,31674297.254644226,73220073.82775204,,,,
bd497cd,2026-04-07T12:06:25+01:00,linuxpc,16,4427,True,31.26,0.0390625,50000,ByteCask/Recovery/threads:8/real_time,iteration,,35,20836622.567315187,9269628.628571475,,,,
bd497cd,2026-04-07T12:06:25+01:00,linuxpc,16,4427,True,31.26,0.0390625,50000,ByteCask/Recovery/threads:8/real_time,iteration,,35,21434556.23216661,9639298.457142713,,,,
bd497cd,2026-04-07T12:06:25+01:00,linuxpc,16,4427,True,31.26,0.0390625,50000,ByteCask/Recovery/threads:8/real_time,iteration,,35,21883819.679663118,10089887.400000056,,,,
bd497cd,2026-04-07T12:06:25+01:00,linuxpc,16,4427,True,31.26,0.0390625,50000,ByteCask/Recovery/threads:8/real_time_mean,aggregate,mean,3,21384999.493048303,9666271.49523808,,,,
bd497cd,2026-04-07T12:06:25+01:00,linuxpc,16,4427,True,31.26,0.0390625,50000,ByteCask/Recovery/threads:8/real_time_median,aggregate,median,3,21434556.23216661,9639298.457142713,,,,
bd497cd,2026-04-07T12:06:25+01:00,linuxpc,16,4427,True,31.26,0.0390625,50000,ByteCask/Recovery/threads:8/real_time_stddev,aggregate,stddev,3,525354.5001439392,410794.0744636803,,,,
bd497cd,2026-04-07T12:06:25+01:00,linuxpc,16,4427,True,31.26,0.0390625,50000,ByteCask/Recovery/threads:8/real_time_cv,aggregate,cv,3,24566495.796023656,42497676.03424452,,,,
bd497cd,2026-04-07T12:06:25+01:00,linuxpc,16,4427,True,31.26,0.0390625,50000,ByteCask/Recovery/threads:16/real_time,iteration,,32,22188978.09689224,11041991.874999907,,,,
bd497cd,2026-04-07T12:06:25+01:00,linuxpc,16,4427,True,31.26,0.0390625,50000,ByteCask/Recovery/threads:16/real_time,iteration,,32,23184589.22491118,11664975.406250056,,,,
bd497cd,2026-04-07T12:06:25+01:00,linuxpc,16,4427,True,31.26,0.0390625,50000,ByteCask/Recovery/threads:16/real_time,iteration,,32,23360656.6907838,12116431.999999927,,,,
bd497cd,2026-04-07T12:06:25+01:00,linuxpc,16,4427,True,31.26,0.0390625,50000,ByteCask/Recovery/threads:16/real_time_mean,aggregate,mean,3,22911408.00419574,11607799.760416629,,,,
bd497cd,2026-04-07T12:06:25+01:00,linuxpc,16,4427,True,31.26,0.0390625,50000,ByteCask/Recovery/threads:16/real_time_median,aggregate,median,3,23184589.22491118,11664975.406250056,,,,
bd497cd,2026-04-07T12:06:25+01:00,linuxpc,16,4427,True,31.26,0.0390625,50000,ByteCask/Recovery/threads:16/real_time_stddev,aggregate,stddev,3,631805.8771169187,539497.1607060522,,,,
bd497cd,2026-04-07T12:06:25+01:00,linuxpc,16,4427,True,31.26,0.0390625,50000,ByteCask/Recovery/threads:16/real_time_cv,aggregate,cv,3,27576038.844981365,46477125.02293272,,,,
bd497cd,2026-04-07T12:23:52+01:00,linuxpc,16,4427,True,31.26,0.154297,50000,ByteCask/Put/NoSync/real_time,iteration,,107554,5719.110391507614,5686.7027818584165,174852.36890774372,,5160.0,11000.0
bd497cd,2026-04-07T12:23:52+01:00,linuxpc,16,4427,True,31.26,0.154297,50000,ByteCask/Put/NoSync/real_time,iteration,,107554,7440.2614876601665,6100.181136917269,134403.87836617322,,5190.0,10971.0
bd497cd,2026-04-07T12:23:52+01:00,linuxpc,16,4427,True,31.26,0.154297,50000,ByteCask/Put/NoSync/real_time,iteration,,107554,5810.027176768742,5770.736857764472,172116.23449860557,,5180.0,10720.0
bd497cd,2026-04-07T12:23:52+01:00,linuxpc,16,4427,True,31.26,0.154297,50000,ByteCask/Put/NoSync/real_time_mean,aggregate,mean,3,6323.133018645506,5852.540258846719,160457.49392417417,,5176.666666666666,10897.0
bd497cd,2026-04-07T12:23:52+01:00,linuxpc,16,4427,True,31.26,0.154297,50000,ByteCask/Put/NoSync/real_time_median,aggregate,median,3,5810.027176768742,5770.736857764473,172116.23449860557,,5180.0,10971.0
bd497cd,2026-04-07T12:23:52+01:00,linuxpc,16,4427,True,31.26,0.154297,50000,ByteCask/Put/NoSync/real_time_stddev,aggregate,stddev,3,968.5290277905143,218.5404650105124,22604.529869238613,,15.275252316722698,153.97077644795164
bd497cd,2026-04-07T12:23:52+01:00,linuxpc,16,4427,True,31.26,0.154297,50000,ByteCask/Put/NoSync/real_time_cv,aggregate,cv,3,0.15317233164865243,0.037341129722288695,0.14087550114624509,,0.0029507892434106953,0.014129648201151843
bd497cd,2026-04-07T12:23:52+01:00,linuxpc,16,4427,True,31.26,0.154297,50000,ByteCask/Put/Sync/real_time,iteration,,296,2590529.6621400537,244219.00675675782,386.0214436509843,,2516612.0,4535858.0
bd497cd,2026-04-07T12:23:52+01:00,linuxpc,16,4427,True,31.26,0.154297,50000,ByteCask/Put/Sync/real_time,iteration,,296,2428498.1859759805,265935.51351351343,411.777124551614,,2454002.0,4206263.0
bd497cd,2026-04-07T12:23:52+01:00,linuxpc,16,4427,True,31.26,0.154297,50000,ByteCask/Put/Sync/real_time,iteration,,296,2173099.4424590766,251149.16216216216,460.17222243101827,,2048516.0,5263737.0
bd497cd,2026-04-07T12:23:52+01:00,linuxpc,16,4427,True,31.26,0.154297,50000,ByteCask/Put/Sync/real_time_mean,aggregate,mean,3,2397375.7635250366,253767.89414414446,419.3235968778722,,2339710.0,4668619.333333333
bd497cd,2026-04-07T12:23:52+01:00,linuxpc,16,4427,True,31.26,0.154297,50000,ByteCask/Put/Sync/real_time_median,aggregate,median,3,2428498.1859759805,251149.16216216216,411.777124551614,,2454002.0,4535858.0
bd497cd,2026-04-07T12:23:52+01:00,linuxpc,16,4427,True,31.26,0.154297,50000,ByteCask/Put/Sync/real_time_stddev,aggregate,stddev,3,210448.21443798696,11092.56437097169,37.64699764721781,,254117.02471892748,541093.3319588553
bd497cd,2026-04-07T12:23:52+01:00,linuxpc,16,4427,True,31.26,0.154297,50000,ByteCask/Put/Sync/real_time_cv,aggregate,cv,3,0.08778274046140751,0.04371145691373759,0.08978029838416768,,0.10861047938373879,0.11590007523113299
bd497cd,2026-04-07T12:23:52+01:00,linuxpc,16,4427,True,31.26,0.154297,50000,ByteCask/Del/Sync/real_time,iteration,,340,1531100.0382472926,184978.03235294027,653.1251877863823,,2071066.0,3309292.0
bd497cd,2026-04-07T12:23:52+01:00,linuxpc,16,4427,True,31.26,0.154297,50000,ByteCask/Del/Sync/real_time,iteration,,340,136.1501156626379,135.97058823572644,7344834.010114753,,90.0,130.0
bd497cd,2026-04-07T12:23:52+01:00,linuxpc,16,4427,True,31.26,0.154297,50000,ByteCask/Del/Sync/real_time,iteration,,340,131.0617389047847,130.97058823476632,7629991.85236274,,90.0,110.0
bd497cd,2026-04-07T12:23:52+01:00,linuxpc,16,4427,True,31.26,0.154297,50000,ByteCask/Del/Sync/real_time_mean,aggregate,mean,3,510455.7500339533,61748.32450980359,4991826.329221759,,690415.3333333333,1103177.3333333333
bd497cd,2026-04-07T12:23:52+01:00,linuxpc,16,4427,True,31.26,0.154297,50000,ByteCask/Del/Sync/real_time_median,aggregate,median,3,136.1501156626379,135.9705882357264,7344834.010114753,,90.0,130.0
bd497cd,2026-04-07T12:23:52+01:00,linuxpc,16,4427,True,31.26,0.154297,50000,ByteCask/Del/Sync/real_time_stddev,aggregate,stddev,3,883903.8818238996,106720.0575223731,4324833.663072946,,1195678.5510852544,1910551.3450209429
bd497cd,2026-04-07T12:23:52+01:00,linuxpc,16,4427,True,31.26,0.154297,50000,ByteCask/Del/Sync/real_time_cv,aggregate,cv,3,1.731597463178946,1.7283069357684269,0.8663830385595968,,1.7318250238048805,1.7318624008055608
bd497cd,2026-04-07T12:23:52+01:00,linuxpc,16,4427,True,31.26,0.154297,50000,ByteCask/Get/real_time,iteration,,766821,797.5288822279067,793.2423864239503,1253873.085080615,,730.0,1190.0
bd497cd,2026-04-07T12:23:52+01:00,linuxpc,16,4427,True,31.26,0.154297,50000,ByteCask/Get/real_time,iteration,,766821,782.4570766804109,778.4652441704125,1278025.376474987,,720.0,1180.0
bd497cd,2026-04-07T12:23:52+01:00,linuxpc,16,4427,True,31.26,0.154297,50000,ByteCask/Get/real_time,iteration,,766821,738.2154479917805,734.3432913287453,1354618.089773616,,660.0,1230.0
bd497cd,2026-04-07T12:23:52+01:00,linuxpc,16,4427,True,31.26,0.154297,50000,ByteCask/Get/real_time_mean,aggregate,mean,3,772.7338023000328,768.683640641036,1295505.5171097391,,703.3333333333333,1200.0
bd497cd,2026-04-07T12:23:52+01:00,linuxpc,16,4427,True,31.26,0.154297,50000,ByteCask/Get/real_time_median,aggregate,median,3,782.457076680411,778.4652441704126,1278025.376474987,,720.0,1190.0
bd497cd,2026-04-07T12:23:52+01:00,linuxpc,16,4427,True,31.26,0.154297,50000,ByteCask/Get/real_time_stddev,aggregate,stddev,3,30.829002882482047,30.643689015245997,52598.05585862403,,37.8593889720031,26.457513110641507
bd497cd,2026-04-07T12:23:52+01:00,linuxpc,16,4427,True,31.26,0.154297,50000,ByteCask/Get/real_time_cv,aggregate,cv,3,0.03989601954867239,0.03986515049245877,0.04060041054550644,,0.053828515126070765,0.022047927592201255
bd497cd,2026-04-07T12:23:52+01:00,linuxpc,16,4427,True,31.26,0.154297,50000,ByteCask/Range50/real_time,iteration,,19193,34314.166569704495,34174.55749492003,,29142.482536145468,34031.0,40301.0
bd497cd,2026-04-07T12:23:52+01:00,linuxpc,16,4427,True,31.26,0.154297,50000,ByteCask/Range50/real_time,iteration,,19193,32820.88662602948,32695.84603761788,,30468.402983572152,32451.0,39101.0
bd497cd,2026-04-07T12:23:52+01:00,linuxpc,16,4427,True,31.26,0.154297,50000,ByteCask/Range50/real_time,iteration,,19193,33088.17808525203,32943.198718282714,,30222.274475901624,32570.0,39291.0
bd497cd,2026-04-07T12:23:52+01:00,linuxpc,16,4427,True,31.26,0.154297,50000,ByteCask/Range50/real_time_mean,aggregate,mean,3,33407.743760328674,33271.200750273536,,29944.38666520641,33017.33333333333,39564.33333333333
bd497cd,2026-04-07T12:23:52+01:00,linuxpc,16,4427,True,31.26,0.154297,50000,ByteCask/Range50/real_time_median,aggregate,median,3,33088.17808525204,32943.198718282714,,30222.274475901624,32570.0,39291.0
bd497cd,2026-04-07T12:23:52+01:00,linuxpc,16,4427,True,31.26,0.154297,50000,ByteCask/Range50/real_time_stddev,aggregate,stddev,3,796.2806748004318,792.0453858410104,,705.288937050633,879.8751805418154,645.0064599162793
bd497cd,2026-04-07T12:23:52+01:00,linuxpc,16,4427,True,31.26,0.154297,50000,ByteCask/Range50/real_time_cv,aggregate,cv,3,0.02383521259361449,0.023805734929314166,,0.02355329380882383,0.026648886863722555,0.01630272534815733
bd497cd,2026-04-07T12:23:52+01:00,linuxpc,16,4427,True,31.26,0.154297,50000,ByteCask/MixedBatch/Sync/real_time,iteration,,233,2822317.6264451905,883663.9785407705,35431.87310421668,,2775235.0,3541595.0
bd497cd,2026-04-07T12:23:52+01:00,linuxpc,16,4427,True,31.26,0.154297,50000,ByteCask/MixedBatch/Sync/real_time,iteration,,233,2925591.939778463,894728.8712446366,34181.116867437224,,2779855.0,5973736.0
bd497cd,2026-04-07T12:23:52+01:00,linuxpc,16,4427,True,31.26,0.154297,50000,ByteCask/MixedBatch/Sync/real_time,iteration,,233,2830730.60926002,875593.9957081587,35326.56893343198,,2757965.0,4446736.0
bd497cd,2026-04-07T12:23:52+01:00,linuxpc,16,4427,True,31.26,0.154297,50000,ByteCask/MixedBatch/Sync/real_time_mean,aggregate,mean,3,2859546.7251612246,884662.2818311886,34979.85296836196,,2771018.333333333,4654022.333333333
bd497cd,2026-04-07T12:23:52+01:00,linuxpc,16,4427,True,31.26,0.154297,50000,ByteCask/MixedBatch/Sync/real_time_median,aggregate,median,3,2830730.6092600194,883663.9785407706,35326.56893343198,,2775235.0,4446736.0
bd497cd,2026-04-07T12:23:52+01:00,linuxpc,16,4427,True,31.26,0.154297,50000,ByteCask/MixedBatch/Sync/real_time_stddev,aggregate,stddev,3,57351.30643970504,9606.420901851901,693.7267194553333,,11538.120875446997,1229249.0304898913
bd497cd,2026-04-07T12:23:52+01:00,linuxpc,16,4427,True,31.26,0.154297,50000,ByteCask/MixedBatch/Sync/real_time_cv,aggregate,cv,3,0.020056082992129288,0.01085885664975711,0.019832179400033057,,0.004163855841966761,0.26412615635418984
bd497cd,2026-04-07T12:23:52+01:00,linuxpc,16,4427,True,31.26,0.154297,50000,RocksDB/Put/NoSync/real_time,iteration,,121575,6152.281982246989,6118.585465761878,162541.31440749916,,5570.0,11971.0
bd497cd,2026-04-07T12:23:52+01:00,linuxpc,16,4427,True,31.26,0.154297,50000,RocksDB/Put/NoSync/real_time,iteration,,121575,5871.188139235369,5841.745819453005,170323.27635990805,,5550.0,11420.0
bd497cd,2026-04-07T12:23:52+01:00,linuxpc,16,4427,True,31.26,0.154297,50000,RocksDB/Put/NoSync/real_time,iteration,,121575,5774.687641552482,5746.3170388649,173169.53956165107,,5210.0,10840.0
bd497cd,2026-04-07T12:23:52+01:00,linuxpc,16,4427,True,31.26,0.154297,50000,RocksDB/Put/NoSync/real_time_mean,aggregate,mean,3,5932.719254344948,5902.216108026595,168678.04344301941,,5443.333333333333,11410.333333333332
bd497cd,2026-04-07T12:23:52+01:00,linuxpc,16,4427,True,31.26,0.154297,50000,RocksDB/Put/NoSync/real_time_median,aggregate,median,3,5871.188139235369,5841.745819453005,170323.27635990805,,5550.0,11420.0
bd497cd,2026-04-07T12:23:52+01:00,linuxpc,16,4427,True,31.26,0.154297,50000,RocksDB/Put/NoSync/real_time_stddev,aggregate,stddev,3,196.17321459896723,193.3608990106841,5501.807520711094,,202.3198787399105,565.5619624173646
bd497cd,2026-04-07T12:23:52+01:00,linuxpc,16,4427,True,31.26,0.154297,50000,RocksDB/Put/NoSync/real_time_cv,aggregate,cv,3,0.033066323584298354,0.03276072842329969,0.032617212106622766,,0.03716837943782802,0.04956577042014823
bd497cd,2026-04-07T12:23:52+01:00,linuxpc,16,4427,True,31.26,0.154297,50000,RocksDB/Put/Sync/real_time,iteration,,267,2622026.0486652036,271310.1835206041,381.3844643187548,,2538562.0,4200883.0
bd497cd,2026-04-07T12:23:52+01:00,linuxpc,16,4427,True,31.26,0.154297,50000,RocksDB/Put/Sync/real_time,iteration,,267,2460644.0037973784,271866.8277153587,406.3976741278926,,2541282.0,3832669.0
bd497cd,2026-04-07T12:23:52+01:00,linuxpc,16,4427,True,31.26,0.154297,50000,RocksDB/Put/Sync/real_time,iteration,,267,2207888.4082274293,307862.2659176034,452.9214412619862,,2124156.0,3812448.0
bd497cd,2026-04-07T12:23:52+01:00,linuxpc,16,4427,True,31.26,0.154297,50000,RocksDB/Put/Sync/real_time_mean,aggregate,mean,3,2430186.153563337,283679.7590511887,413.5678599028779,,2401333.333333333,3948666.6666666665
bd497cd,2026-04-07T12:23:52+01:00,linuxpc,16,4427,True,31.26,0.154297,50000,RocksDB/Put/Sync/real_time_median,aggregate,median,3,2460644.003797378,271866.82771535876,406.3976741278926,,2538562.0,3832669.0
bd497cd,2026-04-07T12:23:52+01:00,linuxpc,16,4427,True,31.26,0.154297,50000,RocksDB/Put/Sync/real_time_stddev,aggregate,stddev,3,208742.0819755889,20944.51460282732,36.30349074923625,,240046.46463827573,218659.62432587775
bd497cd,2026-04-07T12:23:52+01:00,linuxpc,16,4427,True,31.26,0.154297,50000,RocksDB/Put/Sync/real_time_cv,aggregate,cv,3,0.08589551120168892,0.07383154396661758,0.08778121868019857,,0.09996382480772173,0.05537555908978839
bd497cd,2026-04-07T12:23:52+01:00,linuxpc,16,4427,True,31.26,0.154297,50000,RocksDB/Del/Sync/real_time,iteration,,271,2434970.907878983,263990.3542435418,410.6825246922825,,2444541.0,3794348.0
bd497cd,2026-04-07T12:23:52+01:00,linuxpc,16,4427,True,31.26,0.154297,50000,RocksDB/Del/Sync/real_time,iteration,,271,2558472.882045564,259787.86715866922,390.8581587937234,,2490432.0,4442006.0
bd497cd,2026-04-07T12:23:52+01:00,linuxpc,16,4427,True,31.26,0.154297,50000,RocksDB/Del/Sync/real_time,iteration,,271,2573400.9631012473,274395.4243542453,388.59082371481037,,2496601.0,5539560.0
bd497cd,2026-04-07T12:23:52+01:00,linuxpc,16,4427,True,31.26,0.154297,50000,RocksDB/Del/Sync/real_time_mean,aggregate,mean,3,2522281.584341931,266057.88191881875,396.71050240027205,,2477191.333333333,4591971.333333333
bd497cd,2026-04-07T12:23:52+01:00,linuxpc,16,4427,True,31.26,0.154297,50000,RocksDB/Del/Sync/real_time_median,aggregate,median,3,2558472.8820455633,263990.3542435417,390.8581587937234,,2490432.0,4442006.0
bd497cd,2026-04-07T12:23:52+01:00,linuxpc,16,4427,True,31.26,0.154297,50000,RocksDB/Del/Sync/real_time_stddev,aggregate,stddev,3,75980.77104974522,7520.052182101648,12.153117183930588,,28443.757493252557,882217.9051330414
bd497cd,2026-04-07T12:23:52+01:00,linuxpc,16,4427,True,31.26,0.154297,50000,RocksDB/Del/Sync/real_time_cv,aggregate,cv,3,0.03012382579384719,0.028264722427566398,0.030634725096509705,,0.011482261023002352,0.19212182330690541
bd497cd,2026-04-07T12:23:52+01:00,linuxpc,16,4427,True,31.26,0.154297,50000,RocksDB/Get/real_time,iteration,,1043504,689.1246770549635,685.2903295052054,1451116.2251126897,,630.0,1120.0
bd497cd,2026-04-07T12:23:52+01:00,linuxpc,16,4427,True,31.26,0.154297,50000,RocksDB/Get/real_time,iteration,,1043504,679.1460061416508,675.8130443199067,1472437.4301796719,,630.0,1050.0
bd497cd,2026-04-07T12:23:52+01:00,linuxpc,16,4427,True,31.26,0.154297,50000,RocksDB/Get/real_time,iteration,,1043504,685.6139506399492,681.9174962434262,1458546.750786801,,630.0,1120.0
bd497cd,2026-04-07T12:23:52+01:00,linuxpc,16,4427,True,31.26,0.154297,50000,RocksDB/Get/real_time_mean,aggregate,mean,3,684.6282112788546,681.0069566895127,1460700.1353597208,,630.0,1096.6666666666665
bd497cd,2026-04-07T12:23:52+01:00,linuxpc,16,4427,True,31.26,0.154297,50000,RocksDB/Get/real_time_median,aggregate,median,3,685.6139506399492,681.9174962434263,1458546.750786801,,630.0,1120.0
bd497cd,2026-04-07T12:23:52+01:00,linuxpc,16,4427,True,31.26,0.154297,50000,RocksDB/Get/real_time_stddev,aggregate,stddev,3,5.06184056100163,4.803805296884899,10822.487940207759,,0.0,40.41451884327572
bd497cd,2026-04-07T12:23:52+01:00,linuxpc,16,4427,True,31.26,0.154297,50000,RocksDB/Get/real_time_cv,aggregate,cv,3,0.00739356117321888,0.007053973898059706,0.007409109972829946,,0.0,0.03685214484189276
bd497cd,2026-04-07T12:23:52+01:00,linuxpc,16,4427,True,31.26,0.154297,50000,RocksDB/Range50/real_time,iteration,,108787,6453.784836396476,6407.212644893236,,154947.83686627494,6320.0,8620.0
bd497cd,2026-04-07T12:23:52+01:00,linuxpc,16,4427,True,31.26,0.154297,50000,RocksDB/Range50/real_time,iteration,,108787,6551.1639716053905,6508.169983545826,,152644.62992138264,6330.0,10460.0
bd497cd,2026-04-07T12:23:52+01:00,linuxpc,16,4427,True,31.26,0.154297,50000,RocksDB/Range50/real_time,iteration,,108787,6440.634653159707,6405.54500997362,,155264.20203161356,6280.0,10350.0
bd497cd,2026-04-07T12:23:52+01:00,linuxpc,16,4427,True,31.26,0.154297,50000,RocksDB/Range50/real_time_mean,aggregate,mean,3,6481.861153720524,6440.309212804226,,154285.55627309036,6310.0,9810.0
bd497cd,2026-04-07T12:23:52+01:00,linuxpc,16,4427,True,31.26,0.154297,50000,RocksDB/Range50/real_time_median,aggregate,median,3,6453.784836396476,6407.212644893236,,154947.83686627494,6320.0,10350.0
bd497cd,2026-04-07T12:23:52+01:00,linuxpc,16,4427,True,31.26,0.154297,50000,RocksDB/Range50/real_time_stddev,aggregate,stddev,3,60.3770838553419,58.775066191283,,1429.8605520347346,26.457513110575505,1032.0368210485444
bd497cd,2026-04-07T12:23:52+01:00,linuxpc,16,4427,True,31.26,0.154297,50000,RocksDB/Range50/real_time_cv,aggregate,cv,3,0.009314775868144916,0.009126124887673101,,0.009267624180605965,0.004192949779805943,0.10520253017824102
bd497cd,2026-04-07T12:23:52+01:00,linuxpc,16,4427,True,31.26,0.154297,50000,RocksDB/MixedBatch/Sync/real_time,iteration,,290,2499107.1963650654,567025.9793103484,40014.289961410745,,2406670.0,4365275.0
bd497cd,2026-04-07T12:23:52+01:00,linuxpc,16,4427,True,31.26,0.154297,50000,RocksDB/MixedBatch/Sync/real_time,iteration,,290,2495772.879297749,547552.7172413871,40067.748483643125,,2406350.0,4314165.0
bd497cd,2026-04-07T12:23:52+01:00,linuxpc,16,4427,True,31.26,0.154297,50000,RocksDB/MixedBatch/Sync/real_time,iteration,,290,2575767.9276184402,569581.2310344856,38823.37338226747,,2395560.0,6216619.0
bd497cd,2026-04-07T12:23:52+01:00,linuxpc,16,4427,True,31.26,0.154297,50000,RocksDB/MixedBatch/Sync/real_time_mean,aggregate,mean,3,2523549.334427085,561386.6425287403,39635.13727577378,,2402860.0,4965353.0
bd497cd,2026-04-07T12:23:52+01:00,linuxpc,16,4427,True,31.26,0.154297,50000,RocksDB/MixedBatch/Sync/real_time_median,aggregate,median,3,2499107.1963650654,567025.9793103485,40014.289961410745,,2406350.0,4365275.0
bd497cd,2026-04-07T12:23:52+01:00,linuxpc,16,4427,True,31.26,0.154297,50000,RocksDB/MixedBatch/Sync/real_time_stddev,aggregate,stddev,3,45253.34820475864,12048.462328673502,703.5161103348909,,6324.009803836759,1083929.4304021809
bd497cd,2026-04-07T12:23:52+01:00,linuxpc,16,4427,True,31.26,0.154297,50000,RocksDB/MixedBatch/Sync/real_time_cv,aggregate,cv,3,0.01793242065348106,0.021461968304770766,0.017749808848647578,,0.002631867775832449,0.21829856415086316
bd497cd,2026-04-07T12:23:52+01:00,linuxpc,16,4427,True,31.26,0.154297,50000,ByteCask/GetMT/real_time/threads:2,iteration,,729488,817.556247699257,813.7975552716391,2446314.8628957844,,1520.0,2280.0
bd497cd,2026-04-07T12:23:52+01:00,linuxpc,16,4427,True,31.26,0.154297,50000,ByteCask/GetMT/real_time/threads:2,iteration,,729488,838.6724360404062,834.8626666922528,2384721.273829539,,1520.0,2680.0
bd497cd,2026-04-07T12:23:52+01:00,linuxpc,16,4427,True,31.26,0.154297,50000,ByteCask/GetMT/real_time/threads:2,iteration,,729488,826.3539948366622,823.2143297765006,2420270.262498485,,1520.0,2240.0
bd497cd,2026-04-07T12:23:52+01:00,linuxpc,16,4427,True,31.26,0.154297,50000,ByteCask/GetMT/real_time/threads:2_mean,aggregate,mean,3,827.5275595254416,823.958183913464,2417102.1330746026,,1520.0,2400.0
bd497cd,2026-04-07T12:23:52+01:00,linuxpc,16,4427,True,31.26,0.154297,50000,ByteCask/GetMT/real_time/threads:2_median,aggregate,median,3,826.353994836662,823.2143297765006,2420270.262498485,,1520.0,2280.0
bd497cd,2026-04-07T12:23:52+01:00,linuxpc,16,4427,True,31.26,0.154297,50000,ByteCask/GetMT/real_time/threads:2_stddev,aggregate,stddev,3,10.606898372009741,10.552237631112797,30918.769971496164,,0.0,243.31050121192686
bd497cd,2026-04-07T12:23:52+01:00,linuxpc,16,4427,True,31.26,0.154297,50000,ByteCask/GetMT/real_time/threads:2_cv,aggregate,cv,3,0.012817577191136001,0.012806763543501671,0.012791668812176698,,0.0,0.10137937550496953
bd497cd,2026-04-07T12:23:52+01:00,linuxpc,16,4427,True,31.26,0.154297,50000,ByteCask/GetMT/real_time/threads:4,iteration,,610176,1036.7723428102947,1028.7689502700846,3858127.6089575505,,3940.0,6260.0
bd497cd,2026-04-07T12:23:52+01:00,linuxpc,16,4427,True,31.26,0.154297,50000,ByteCask/GetMT/real_time/threads:4,iteration,,610176,923.5041315531745,919.193452380953,4331328.754612815,,3400.0,5810.0
bd497cd,2026-04-07T12:23:52+01:00,linuxpc,16,4427,True,31.26,0.154297,50000,ByteCask/GetMT/real_time/threads:4,iteration,,610176,1062.1268566255228,1057.0988501678175,3766028.4880738044,,3690.0,7930.0
bd497cd,2026-04-07T12:23:52+01:00,linuxpc,16,4427,True,31.26,0.154297,50000,ByteCask/GetMT/real_time/threads:4_mean,aggregate,mean,3,1007.4677769963306,1001.6870842729517,3985161.617214723,,3676.6666666666665,6666.666666666666
bd497cd,2026-04-07T12:23:52+01:00,linuxpc,16,4427,True,31.26,0.154297,50000,ByteCask/GetMT/real_time/threads:4_median,aggregate,median,3,1036.7723428102947,1028.7689502700848,3858127.6089575505,,3690.0,6260.0
bd497cd,2026-04-07T12:23:52+01:00,linuxpc,16,4427,True,31.26,0.154297,50000,ByteCask/GetMT/real_time/threads:4_stddev,aggregate,stddev,3,73.81147038082855,72.83230934210236,303305.666412091,,270.2468007827935,1116.9750817871234
bd497cd,2026-04-07T12:23:52+01:00,linuxpc,16,4427,True,31.26,0.154297,50000,ByteCask/GetMT/real_time/threads:4_cv,aggregate,cv,3,0.07326434856397138,0.07270964204851038,0.07610874929184804,,0.07350320964173894,0.1675462622680685
bd497cd,2026-04-07T12:23:52+01:00,linuxpc,16,4427,True,31.26,0.154297,50000,ByteCask/GetMT/real_time/threads:8,iteration,,456992,1461.8000008817846,1454.970734717457,5472704.881087873,,11090.0,18080.0
bd497cd,2026-04-07T12:23:52+01:00,linuxpc,16,4427,True,31.26,0.154297,50000,ByteCask/GetMT/real_time/threads:8,iteration,,456992,1466.5085362794323,1456.0322237588393,5455133.6061747,,11060.0,18151.0
bd497cd,2026-04-07T12:23:52+01:00,linuxpc,16,4427,True,31.26,0.154297,50000,ByteCask/GetMT/real_time/threads:8,iteration,,456992,1474.970903207007,1467.4494214340764,5423835.807612014,,11150.0,18290.0
bd497cd,2026-04-07T12:23:52+01:00,linuxpc,16,4427,True,31.26,0.154297,50000,ByteCask/GetMT/real_time/threads:8_mean,aggregate,mean,3,1467.7598134560747,1459.484126636791,5450558.098291528,,11100.0,18173.666666666664
bd497cd,2026-04-07T12:23:52+01:00,linuxpc,16,4427,True,31.26,0.154297,50000,ByteCask/GetMT/real_time/threads:8_median,aggregate,median,3,1466.5085362794325,1456.0322237588396,5455133.6061747,,11090.0,18151.0
bd497cd,2026-04-07T12:23:52+01:00,linuxpc,16,4427,True,31.26,0.154297,50000,ByteCask/GetMT/real_time/threads:8_stddev,aggregate,stddev,3,6.674012132498504,6.918535296634423,24753.747996989012,,45.8257569495584,106.81916182704616
bd497cd,2026-04-07T12:23:52+01:00,linuxpc,16,4427,True,31.26,0.154297,50000,ByteCask/GetMT/real_time/threads:8_cv,aggregate,cv,3,0.004547073759148288,0.004740397768201406,0.00454150704397556,,0.004128446572032288,0.005877689064418087
bd497cd,2026-04-07T12:23:52+01:00,linuxpc,16,4427,True,31.26,0.154297,50000,ByteCask/GetMT/real_time/threads:16,iteration,,341248,2354.3507211897604,1841.4448143285842,6795928.8546077255,,28040.0,53210.0
bd497cd,2026-04-07T12:23:52+01:00,linuxpc,16,4427,True,31.26,0.154297,50000,ByteCask/GetMT/real_time/threads:16,iteration,,341248,2088.1686281057587,1632.5075282492467,7662216.443944034,,24701.0,41560.0
bd497cd,2026-04-07T12:23:52+01:00,linuxpc,16,4427,True,31.26,0.154297,50000,ByteCask/GetMT/real_time/threads:16,iteration,,341248,2017.1248123542362,1993.4396655804549,7932082.289606068,,30860.0,45681.0
bd497cd,2026-04-07T12:23:52+01:00,linuxpc,16,4427,True,31.26,0.154297,50000,ByteCask/GetMT/real_time/threads:16_mean,aggregate,mean,3,2153.214720549918,1822.4640027194282,7463409.196052609,,27867.0,46817.0
bd497cd,2026-04-07T12:23:52+01:00,linuxpc,16,4427,True,31.26,0.154297,50000,ByteCask/GetMT/real_time/threads:16_median,aggregate,median,3,2088.1686281057587,1841.4448143285842,7662216.443944034,,28040.0,45681.0
bd497cd,2026-04-07T12:23:52+01:00,linuxpc,16,4427,True,31.26,0.154297,50000,ByteCask/GetMT/real_time/threads:16_stddev,aggregate,stddev,3,177.77394073423213,181.21314893413773,593594.4729571505,,3083.142390484098,5907.494985186171
bd497cd,2026-04-07T12:23:52+01:00,linuxpc,16,4427,True,31.26,0.154297,50000,ByteCask/GetMT/real_time/threads:16_cv,aggregate,cv,3,0.08256210541270577,0.09943304705263681,0.07953395792248698,,0.1106377575800803,0.12618268973206678
bd497cd,2026-04-07T12:23:52+01:00,linuxpc,16,4427,True,31.26,0.154297,50000,ByteCask/GetMT/real_time/threads:32,iteration,,407200,2558.923555346625,1873.0402873280934,12505258.288446747,,57830.0,88391.0
bd497cd,2026-04-07T12:23:52+01:00,linuxpc,16,4427,True,31.26,0.154297,50000,ByteCask/GetMT/real_time/threads:32,iteration,,407200,2780.5627901475304,1872.5103659135546,11508461.565186288,,57551.0,89341.0
bd497cd,2026-04-07T12:23:52+01:00,linuxpc,16,4427,True,31.26,0.154297,50000,ByteCask/GetMT/real_time/threads:32,iteration,,407200,2773.0768788441255,1956.3887328094281,11539528.61679704,,60821.0,91441.0
bd497cd,2026-04-07T12:23:52+01:00,linuxpc,16,4427,True,31.26,0.154297,50000,ByteCask/GetMT/real_time/threads:32_mean,aggregate,mean,3,2704.1877414460932,1900.6464620170254,11851082.82347669,,58734.0,89724.33333333333
bd497cd,2026-04-07T12:23:52+01:00,linuxpc,16,4427,True,31.26,0.154297,50000,ByteCask/GetMT/real_time/threads:32_median,aggregate,median,3,2773.0768788441255,1873.0402873280934,11539528.61679704,,57830.0,89341.0
bd497cd,2026-04-07T12:23:52+01:00,linuxpc,16,4427,True,31.26,0.154297,50000,ByteCask/GetMT/real_time/threads:32_stddev,aggregate,stddev,3,125.85814450946862,48.2749497047352,566745.4848965219,,1812.770531534535,1560.7156478147995
bd497cd,2026-04-07T12:23:52+01:00,linuxpc,16,4427,True,31.26,0.154297,50000,ByteCask/GetMT/real_time/threads:32_cv,aggregate,cv,3,0.046541940332206606,0.025399226352440272,0.047822253319655623,,0.03086407415695398,0.0173945638806433
bd497cd,2026-04-07T12:23:52+01:00,linuxpc,16,4427,True,31.26,0.154297,50000,RocksDB/GetMT/real_time/threads:2,iteration,,1093392,646.4617730822124,642.2955509094647,3093763.7510480518,,1190.0,1981.0
bd497cd,2026-04-07T12:23:52+01:00,linuxpc,16,4427,True,31.26,0.154297,50000,RocksDB/GetMT/real_time/threads:2,iteration,,1093392,632.9297946545048,630.1737080571268,3159908.1239203364,,1170.0,1880.0
bd497cd,2026-04-07T12:23:52+01:00,linuxpc,16,4427,True,31.26,0.154297,50000,RocksDB/GetMT/real_time/threads:2,iteration,,1093392,641.4210384217989,638.3137557253034,3118076.7081181994,,1180.0,1930.0
bd497cd,2026-04-07T12:23:52+01:00,linuxpc,16,4427,True,31.26,0.154297,50000,RocksDB/GetMT/real_time/threads:2_mean,aggregate,mean,3,640.2708687195053,636.927671563965,3123916.1943621957,,1180.0,1930.3333333333333
bd497cd,2026-04-07T12:23:52+01:00,linuxpc,16,4427,True,31.26,0.154297,50000,RocksDB/GetMT/real_time/threads:2_median,aggregate,median,3,641.4210384217989,638.3137557253034,3118076.7081181994,,1180.0,1930.0
bd497cd,2026-04-07T12:23:52+01:00,linuxpc,16,4427,True,31.26,0.154297,50000,RocksDB/GetMT/real_time/threads:2_stddev,aggregate,stddev,3,6.838916420021046,6.1786479516747095,33456.60196979416,,9.999999999988358,50.50082507577199
bd497cd,2026-04-07T12:23:52+01:00,linuxpc,16,4427,True,31.26,0.154297,50000,RocksDB/GetMT/real_time/threads:2_cv,aggregate,cv,3,0.010681286240147666,0.009700705790507023,0.010709826989012723,,0.008474576271176574,0.02616171217878017
bd497cd,2026-04-07T12:23:52+01:00,linuxpc,16,4427,True,31.26,0.154297,50000,RocksDB/GetMT/real_time/threads:4,iteration,,1024224,738.0265194803305,714.3066214031301,5419859.441929722,,2630.0,4600.0
bd497cd,2026-04-07T12:23:52+01:00,linuxpc,16,4427,True,31.26,0.154297,50000,RocksDB/GetMT/real_time/threads:4,iteration,,1024224,692.5115512353651,689.4879313509525,5776076.937437991,,2581.0,4050.0
bd497cd,2026-04-07T12:23:52+01:00,linuxpc,16,4427,True,31.26,0.154297,50000,RocksDB/GetMT/real_time/threads:4,iteration,,1024224,742.5915443870908,738.7928724575884,5386541.269199962,,2670.0,6021.0
bd497cd,2026-04-07T12:23:52+01:00,linuxpc,16,4427,True,31.26,0.154297,50000,RocksDB/GetMT/real_time/threads:4_mean,aggregate,mean,3,724.3765383675953,714.1958084038902,5527492.549522558,,2627.0,4890.333333333333
bd497cd,2026-04-07T12:23:52+01:00,linuxpc,16,4427,True,31.26,0.154297,50000,RocksDB/GetMT/real_time/threads:4_median,aggregate,median,3,738.0265194803305,714.3066214031301,5419859.441929722,,2630.0,4600.0
bd497cd,2026-04-07T12:23:52+01:00,linuxpc,16,4427,True,31.26,0.154297,50000,RocksDB/GetMT/real_time/threads:4_stddev,aggregate,stddev,3,27.69012309114534,24.652657342014347,215923.99958081677,,44.575778176034895,1017.069483041024
bd497cd,2026-04-07T12:23:52+01:00,linuxpc,16,4427,True,31.26,0.154297,50000,RocksDB/GetMT/real_time/threads:4_cv,aggregate,cv,3,0.03822614569150166,0.03451806500672269,0.03906364371300101,,0.016968320584710657,0.20797549240836155
bd497cd,2026-04-07T12:23:52+01:00,linuxpc,16,4427,True,31.26,0.154297,50000,RocksDB/GetMT/real_time/threads:8,iteration,,993456,715.1352418757567,706.9944184744994,11186695.231263505,,5190.0,9150.0
bd497cd,2026-04-07T12:23:52+01:00,linuxpc,16,4427,True,31.26,0.154297,50000,RocksDB/GetMT/real_time/threads:8,iteration,,993456,714.6253975230353,710.9644453302394,11194676.298559802,,5260.0,8860.0
bd497cd,2026-04-07T12:23:52+01:00,linuxpc,16,4427,True,31.26,0.154297,50000,RocksDB/GetMT/real_time/threads:8,iteration,,993456,718.0463795159615,712.4189667182059,11141341.601628628,,5231.0,8960.0
bd497cd,2026-04-07T12:23:52+01:00,linuxpc,16,4427,True,31.26,0.154297,50000,RocksDB/GetMT/real_time/threads:8_mean,aggregate,mean,3,715.9356729715845,710.1259435076481,11174237.710483978,,5227.0,8990.0
bd497cd,2026-04-07T12:23:52+01:00,linuxpc,16,4427,True,31.26,0.154297,50000,RocksDB/GetMT/real_time/threads:8_median,aggregate,median,3,715.1352418757566,710.9644453302395,11186695.231263505,,5231.0,8960.0
bd497cd,2026-04-07T12:23:52+01:00,linuxpc,16,4427,True,31.26,0.154297,50000,RocksDB/GetMT/real_time/threads:8_stddev,aggregate,stddev,3,1.845615589250751,2.807800721578315,28766.992233938883,,35.17101079008499,147.30919862651177
bd497cd,2026-04-07T12:23:52+01:00,linuxpc,16,4427,True,31.26,0.154297,50000,RocksDB/GetMT/real_time/threads:8_cv,aggregate,cv,3,0.0025779070088661495,0.003953947531770574,0.002574403102857647,,0.006728718345147311,0.016385895286597528
bd497cd,2026-04-07T12:23:52+01:00,linuxpc,16,4427,True,31.26,0.154297,50000,RocksDB/GetMT/real_time/threads:16,iteration,,414352,1322.7671833257857,974.132800131286,12095854.963510493,,14130.0,29160.0
bd497cd,2026-04-07T12:23:52+01:00,linuxpc,16,4427,True,31.26,0.154297,50000,RocksDB/GetMT/real_time/threads:16,iteration,,414352,1070.2311222731676,902.1556430281503,14950041.787250634,,13410.0,22511.0
bd497cd,2026-04-07T12:23:52+01:00,linuxpc,16,4427,True,31.26,0.154297,50000,RocksDB/GetMT/real_time/threads:16,iteration,,414352,1087.0360925494404,976.3314355909932,14718922.499137066,,14800.0,23101.0
bd497cd,2026-04-07T12:23:52+01:00,linuxpc,16,4427,True,31.26,0.154297,50000,RocksDB/GetMT/real_time/threads:16_mean,aggregate,mean,3,1160.0114660494644,950.8732929168096,13921606.41663273,,14113.333333333332,24924.0
bd497cd,2026-04-07T12:23:52+01:00,linuxpc,16,4427,True,31.26,0.154297,50000,RocksDB/GetMT/real_time/threads:16_median,aggregate,median,3,1087.0360925494404,974.132800131286,14718922.499137066,,14130.0,23101.0
bd497cd,2026-04-07T12:23:52+01:00,linuxpc,16,4427,True,31.26,0.154297,50000,RocksDB/GetMT/real_time/threads:16_stddev,aggregate,stddev,3,141.20081227136762,42.205041849012964,1585364.4085092768,,695.149863938254,3680.325664937811
bd497cd,2026-04-07T12:23:52+01:00,linuxpc,16,4427,True,31.26,0.154297,50000,RocksDB/GetMT/real_time/threads:16_cv,aggregate,cv,3,0.12172363498461025,0.04438555816364212,0.11387797938427387,,0.04925483211655084,0.14766191883075794
bd497cd,2026-04-07T12:23:52+01:00,linuxpc,16,4427,True,31.26,0.154297,50000,RocksDB/GetMT/real_time/threads:32,iteration,,427136,1422.9599380564398,944.8815576303537,22488335.15559646,,28211.0,46831.0
bd497cd,2026-04-07T12:23:52+01:00,linuxpc,16,4427,True,31.26,0.154297,50000,RocksDB/GetMT/real_time/threads:32,iteration,,427136,1498.232396547586,918.8562308023663,21358502.241533685,,27480.0,45300.0
bd497cd,2026-04-07T12:23:52+01:00,linuxpc,16,4427,True,31.26,0.154297,50000,RocksDB/GetMT/real_time/threads:32,iteration,,427136,1674.4002120476882,945.7415670886965,19111321.038872764,,28270.0,46850.0
bd497cd,2026-04-07T12:23:52+01:00,linuxpc,16,4427,True,31.26,0.154297,50000,RocksDB/GetMT/real_time/threads:32_mean,aggregate,mean,3,1531.8641822172383,936.493118507139,20986052.812000968,,27987.0,46327.0
bd497cd,2026-04-07T12:23:52+01:00,linuxpc,16,4427,True,31.26,0.154297,50000,RocksDB/GetMT/real_time/threads:32_median,aggregate,median,3,1498.232396547586,944.8815576303537,21358502.241533685,,28211.0,46831.0
bd497cd,2026-04-07T12:23:52+01:00,linuxpc,16,4427,True,31.26,0.154297,50000,RocksDB/GetMT/real_time/threads:32_stddev,aggregate,stddev,3,129.04989578335932,15.280044502542998,1719038.9813228222,,440.064767960286,889.4588242295208
bd497cd,2026-04-07T12:23:52+01:00,linuxpc,16,4427,True,31.26,0.154297,50000,RocksDB/GetMT/real_time/threads:32_cv,aggregate,cv,3,0.08424369293403741,0.016316237888539826,0.0819134020447991,,0.015723899237513345,0.019199577443597057
bd497cd,2026-04-07T12:23:52+01:00,linuxpc,16,4427,True,31.26,0.154297,50000,ByteCask/ReadAndWriteLoad/Sync/real_time/threads:2,iteration,,864908,800.3001185917179,794.4964088666103,2499062.4811094427,,1430.0,2650.0
bd497cd,2026-04-07T12:23:52+01:00,linuxpc,16,4427,True,31.26,0.154297,50000,ByteCask/ReadAndWriteLoad/Sync/real_time/threads:2,iteration,,864908,773.823130281891,770.2241452270052,2584569.938186563,,1430.0,2270.0
bd497cd,2026-04-07T12:23:52+01:00,linuxpc,16,4427,True,31.26,0.154297,50000,ByteCask/ReadAndWriteLoad/Sync/real_time/threads:2,iteration,,864908,799.7414615163706,793.1749712108104,2500808.193947889,,1440.0,2690.0
bd497cd,2026-04-07T12:23:52+01:00,linuxpc,16,4427,True,31.26,0.154297,50000,ByteCask/ReadAndWriteLoad/Sync/real_time/threads:2_mean,aggregate,mean,3,791.2882367966598,785.9651751014753,2528146.871081298,,1433.3333333333333,2536.6666666666665
bd497cd,2026-04-07T12:23:52+01:00,linuxpc,16,4427,True,31.26,0.154297,50000,ByteCask/ReadAndWriteLoad/Sync/real_time/threads:2_median,aggregate,median,3,799.7414615163706,793.1749712108104,2500808.193947889,,1430.0,2650.0
bd497cd,2026-04-07T12:23:52+01:00,linuxpc,16,4427,True,31.26,0.154297,50000,ByteCask/ReadAndWriteLoad/Sync/real_time/threads:2_stddev,aggregate,stddev,3,15.127804983250323,13.64813413992165,48871.60478746276,,5.773502691899618,231.8045153428518
bd497cd,2026-04-07T12:23:52+01:00,linuxpc,16,4427,True,31.26,0.154297,50000,ByteCask/ReadAndWriteLoad/Sync/real_time/threads:2_cv,aggregate,cv,3,0.019117944991185014,0.017364807719578098,0.019330999059623537,,0.004028025133883455,0.09138154349915315
bd497cd,2026-04-07T12:23:52+01:00,linuxpc,16,4427,True,31.26,0.154297,50000,ByteCask/ReadAndWriteLoad/Sync/real_time/threads:4,iteration,,694420,990.6182584377011,961.9266625385203,4037882.368843452,,3460.0,7710.0
bd497cd,2026-04-07T12:23:52+01:00,linuxpc,16,4427,True,31.26,0.154297,50000,ByteCask/ReadAndWriteLoad/Sync/real_time/threads:4,iteration,,694420,933.5968261835703,926.2133881512609,4284504.711044821,,3430.0,5830.0
bd497cd,2026-04-07T12:23:52+01:00,linuxpc,16,4427,True,31.26,0.154297,50000,ByteCask/ReadAndWriteLoad/Sync/real_time/threads:4,iteration,,694420,1012.4556939434524,1003.7331168457137,3950790.166846953,,3590.0,8290.0
bd497cd,2026-04-07T12:23:52+01:00,linuxpc,16,4427,True,31.26,0.154297,50000,ByteCask/ReadAndWriteLoad/Sync/real_time/threads:4_mean,aggregate,mean,3,978.8902595215746,963.9577225118315,4091059.082245075,,3493.333333333333,7276.666666666666
bd497cd,2026-04-07T12:23:52+01:00,linuxpc,16,4427,True,31.26,0.154297,50000,ByteCask/ReadAndWriteLoad/Sync/real_time/threads:4_median,aggregate,median,3,990.6182584377012,961.9266625385203,4037882.368843452,,3460.0,7710.0
bd497cd,2026-04-07T12:23:52+01:00,linuxpc,16,4427,True,31.26,0.154297,50000,ByteCask/ReadAndWriteLoad/Sync/real_time/threads:4_stddev,aggregate,stddev,3,40.7165780122192,38.799754995063886,173095.84451525466,,85.04900548116842,1285.9756348132507
bd497cd,2026-04-07T12:23:52+01:00,linuxpc,16,4427,True,31.26,0.154297,50000,ByteCask/ReadAndWriteLoad/Sync/real_time/threads:4_cv,aggregate,cv,3,0.041594629853727555,0.040250473738580025,0.04231076624301984,,0.024346089355296308,0.17672592324506425
bd497cd,2026-04-07T12:23:52+01:00,linuxpc,16,4427,True,31.26,0.154297,50000,ByteCask/ReadAndWriteLoad/Sync/real_time/threads:8,iteration,,458688,1524.9261589395267,1503.5758794649087,5246155.660129411,,11420.0,22220.0
bd497cd,2026-04-07T12:23:52+01:00,linuxpc,16,4427,True,31.26,0.154297,50000,ByteCask/ReadAndWriteLoad/Sync/real_time/threads:8,iteration,,458688,1520.8319665750766,1504.6973236709919,5260278.699964502,,11430.0,19450.0
bd497cd,2026-04-07T12:23:52+01:00,linuxpc,16,4427,True,31.26,0.154297,50000,ByteCask/ReadAndWriteLoad/Sync/real_time/threads:8,iteration,,458688,1499.064285480179,1490.1167373029211,5336662.394993585,,11250.0,19020.0
bd497cd,2026-04-07T12:23:52+01:00,linuxpc,16,4427,True,31.26,0.154297,50000,ByteCask/ReadAndWriteLoad/Sync/real_time/threads:8_mean,aggregate,mean,3,1514.9408036649274,1499.463313479607,5281032.251695832,,11366.666666666666,20230.0
bd497cd,2026-04-07T12:23:52+01:00,linuxpc,16,4427,True,31.26,0.154297,50000,ByteCask/ReadAndWriteLoad/Sync/real_time/threads:8_median,aggregate,median,3,1520.8319665750762,1503.575879464909,5260278.699964502,,11420.0,19450.0
bd497cd,2026-04-07T12:23:52+01:00,linuxpc,16,4427,True,31.26,0.154297,50000,ByteCask/ReadAndWriteLoad/Sync/real_time/threads:8_stddev,aggregate,stddev,3,13.901024243996078,8.113770636820313,48691.885320296664,,101.15993936996907,1736.7498380595694
bd497cd,2026-04-07T12:23:52+01:00,linuxpc,16,4427,True,31.26,0.154297,50000,ByteCask/ReadAndWriteLoad/Sync/real_time/threads:8_cv,aggregate,cv,3,0.009175952096852154,0.005411116473394573,0.009220145418475876,,0.008899701410847718,0.08585021443695351
bd497cd,2026-04-07T12:23:52+01:00,linuxpc,16,4427,True,31.26,0.154297,50000,ByteCask/ReadAndWriteLoad/Sync/real_time/threads:16,iteration,,359648,2227.0670601584984,1728.632410023135,7184336.873475778,,26530.0,45460.0
bd497cd,2026-04-07T12:23:52+01:00,linuxpc,16,4427,True,31.26,0.154297,50000,ByteCask/ReadAndWriteLoad/Sync/real_time/threads:16,iteration,,359648,2132.5278965302527,1818.8459855191752,7502832.683236142,,27780.0,52192.0
bd497cd,2026-04-07T12:23:52+01:00,linuxpc,16,4427,True,31.26,0.154297,50000,ByteCask/ReadAndWriteLoad/Sync/real_time/threads:16,iteration,,359648,2050.589582034095,2002.6658872008188,7802634.0034989845,,31120.0,51211.0
bd497cd,2026-04-07T12:23:52+01:00,linuxpc,16,4427,True,31.26,0.154297,50000,ByteCask/ReadAndWriteLoad/Sync/real_time/threads:16_mean,aggregate,mean,3,2136.7281795742815,1850.0480942477097,7496601.186736968,,28476.666666666664,49621.0
bd497cd,2026-04-07T12:23:52+01:00,linuxpc,16,4427,True,31.26,0.154297,50000,ByteCask/ReadAndWriteLoad/Sync/real_time/threads:16_median,aggregate,median,3,2132.5278965302523,1818.8459855191752,7502832.683236142,,27780.0,51211.0
bd497cd,2026-04-07T12:23:52+01:00,linuxpc,16,4427,True,31.26,0.154297,50000,ByteCask/ReadAndWriteLoad/Sync/real_time/threads:16_stddev,aggregate,stddev,3,88.31368441259006,139.6558818859858,309195.6644427274,,2372.979842588953,3636.7610589644187
bd497cd,2026-04-07T12:23:52+01:00,linuxpc,16,4427,True,31.26,0.154297,50000,ByteCask/ReadAndWriteLoad/Sync/real_time/threads:16_cv,aggregate,cv,3,0.04133126770958089,0.07548770343874464,0.041244779699600165,,0.08333067456124148,0.07329076517934784
bd497cd,2026-04-07T12:23:52+01:00,linuxpc,16,4427,True,31.26,0.154297,50000,ByteCask/ReadAndWriteLoad/Sync/BoundedStaleness/real_time/threads:2,iteration,,766044,751.9508069942019,748.2070860159484,2659748.458804994,,1380.0,2150.0
bd497cd,2026-04-07T12:23:52+01:00,linuxpc,16,4427,True,31.26,0.154297,50000,ByteCask/ReadAndWriteLoad/Sync/BoundedStaleness/real_time/threads:2,iteration,,766044,802.8370407158621,793.2706071713894,2491165.5772841135,,1390.0,2910.0
bd497cd,2026-04-07T12:23:52+01:00,linuxpc,16,4427,True,31.26,0.154297,50000,ByteCask/ReadAndWriteLoad/Sync/BoundedStaleness/real_time/threads:2,iteration,,766044,757.9166130780064,752.4662173452185,2638812.7209373573,,1380.0,2160.0
bd497cd,2026-04-07T12:23:52+01:00,linuxpc,16,4427,True,31.26,0.154297,50000,ByteCask/ReadAndWriteLoad/Sync/BoundedStaleness/real_time/threads:2_mean,aggregate,mean,3,770.9014869293568,764.6479701775189,2596575.585675488,,1383.3333333333333,2406.6666666666665
bd497cd,2026-04-07T12:23:52+01:00,linuxpc,16,4427,True,31.26,0.154297,50000,ByteCask/ReadAndWriteLoad/Sync/BoundedStaleness/real_time/threads:2_median,aggregate,median,3,757.9166130780063,752.4662173452184,2638812.7209373573,,1380.0,2160.0
bd497cd,2026-04-07T12:23:52+01:00,linuxpc,16,4427,True,31.26,0.154297,50000,ByteCask/ReadAndWriteLoad/Sync/BoundedStaleness/real_time/threads:2_stddev,aggregate,stddev,3,27.817393970236697,24.87923956398247,91885.95475815058,,5.773502691899618,435.9281286328441
bd497cd,2026-04-07T12:23:52+01:00,linuxpc,16,4427,True,31.26,0.154297,50000,ByteCask/ReadAndWriteLoad/Sync/BoundedStaleness/real_time/threads:2_cv,aggregate,cv,3,0.03608423961022377,0.032536854257530515,0.03538735990011507,,0.004173616403782857,0.18113357145409037
bd497cd,2026-04-07T12:23:52+01:00,linuxpc,16,4427,True,31.26,0.154297,50000,ByteCask/ReadAndWriteLoad/Sync/BoundedStaleness/real_time/threads:4,iteration,,745756,903.6489737524089,898.4999637951291,4426497.584996939,,3380.0,5620.0
bd497cd,2026-04-07T12:23:52+01:00,linuxpc,16,4427,True,31.26,0.154297,50000,ByteCask/ReadAndWriteLoad/Sync/BoundedStaleness/real_time/threads:4,iteration,,745756,959.8013343632143,952.413869952105,4167529.1091919797,,3440.0,6070.0
bd497cd,2026-04-07T12:23:52+01:00,linuxpc,16,4427,True,31.26,0.154297,50000,ByteCask/ReadAndWriteLoad/Sync/BoundedStaleness/real_time/threads:4,iteration,,745756,919.2015082035891,896.8885748153534,4351602.95571889,,3290.0,5550.0
bd497cd,2026-04-07T12:23:52+01:00,linuxpc,16,4427,True,31.26,0.154297,50000,ByteCask/ReadAndWriteLoad/Sync/BoundedStaleness/real_time/threads:4_mean,aggregate,mean,3,927.5506054397374,915.9341361875294,4315209.883302603,,3370.0,5746.666666666666
bd497cd,2026-04-07T12:23:52+01:00,linuxpc,16,4427,True,31.26,0.154297,50000,ByteCask/ReadAndWriteLoad/Sync/BoundedStaleness/real_time/threads:4_median,aggregate,median,3,919.2015082035891,898.4999637951292,4351602.95571889,,3380.0,5620.0
bd497cd,2026-04-07T12:23:52+01:00,linuxpc,16,4427,True,31.26,0.154297,50000,ByteCask/ReadAndWriteLoad/Sync/BoundedStaleness/real_time/threads:4_stddev,aggregate,stddev,3,28.99228292211009,31.602648231781007,133264.81026551427,,75.49834435270749,282.19378684396594
bd497cd,2026-04-07T12:23:52+01:00,linuxpc,16,4427,True,31.26,0.154297,50000,ByteCask/ReadAndWriteLoad/Sync/BoundedStaleness/real_time/threads:4_cv,aggregate,cv,3,0.03125682065440008,0.03450318858441438,0.030882579033101716,,0.02240306954086276,0.04910564736263909
bd497cd,2026-04-07T12:23:52+01:00,linuxpc,16,4427,True,31.26,0.154297,50000,ByteCask/ReadAndWriteLoad/Sync/BoundedStaleness/real_time/threads:8,iteration,,479008,1462.4960876409557,1442.3331593626783,5470100.1032448625,,10892.0,18521.0
bd497cd,2026-04-07T12:23:52+01:00,linuxpc,16,4427,True,31.26,0.154297,50000,ByteCask/ReadAndWriteLoad/Sync/BoundedStaleness/real_time/threads:8,iteration,,479008,1490.9749587131146,1479.2492526220856,5365616.607608845,,11140.0,18820.0
bd497cd,2026-04-07T12:23:52+01:00,linuxpc,16,4427,True,31.26,0.154297,50000,ByteCask/ReadAndWriteLoad/Sync/BoundedStaleness/real_time/threads:8,iteration,,479008,1616.6354446824942,1601.7991661934668,4948549.177437585,,12081.0,25600.0
bd497cd,2026-04-07T12:23:52+01:00,linuxpc,16,4427,True,31.26,0.154297,50000,ByteCask/ReadAndWriteLoad/Sync/BoundedStaleness/real_time/threads:8_mean,aggregate,mean,3,1523.3688303455212,1507.7938593927436,5261421.962763764,,11371.0,20980.333333333332
bd497cd,2026-04-07T12:23:52+01:00,linuxpc,16,4427,True,31.26,0.154297,50000,ByteCask/ReadAndWriteLoad/Sync/BoundedStaleness/real_time/threads:8_median,aggregate,median,3,1490.9749587131146,1479.2492526220858,5365616.607608845,,11140.0,18820.0
bd497cd,2026-04-07T12:23:52+01:00,linuxpc,16,4427,True,31.26,0.154297,50000,ByteCask/ReadAndWriteLoad/Sync/BoundedStaleness/real_time/threads:8_stddev,aggregate,stddev,3,82.01681252522359,83.47722902329866,275946.07274503156,,627.2567257510956,4003.540974354253
bd497cd,2026-04-07T12:23:52+01:00,linuxpc,16,4427,True,31.26,0.154297,50000,ByteCask/ReadAndWriteLoad/Sync/BoundedStaleness/real_time/threads:8_cv,aggregate,cv,3,0.053839103762298335,0.05536382079239843,0.05244705227939564,,0.05516284634166701,0.19082351603982714
bd497cd,2026-04-07T12:23:52+01:00,linuxpc,16,4427,True,31.26,0.154297,50000,ByteCask/ReadAndWriteLoad/Sync/BoundedStaleness/real_time/threads:16,iteration,,349952,1997.536176298339,1826.714875182888,8009867.450636021,,28420.0,42570.0
bd497cd,2026-04-07T12:23:52+01:00,linuxpc,16,4427,True,31.26,0.154297,50000,ByteCask/ReadAndWriteLoad/Sync/BoundedStaleness/real_time/threads:16,iteration,,349952,1945.712297451602,1644.511330125274,8223209.577775713,,25060.0,44701.0
bd497cd,2026-04-07T12:23:52+01:00,linuxpc,16,4427,True,31.26,0.154297,50000,ByteCask/ReadAndWriteLoad/Sync/BoundedStaleness/real_time/threads:16,iteration,,349952,2009.1855196899176,1929.6040771305861,7963425.897310528,,30022.0,44001.0
bd497cd,2026-04-07T12:23:52+01:00,linuxpc,16,4427,True,31.26,0.154297,50000,ByteCask/ReadAndWriteLoad/Sync/BoundedStaleness/real_time/threads:16_mean,aggregate,mean,3,1984.1446644799526,1800.2767608129159,8065500.975240754,,27834.0,43757.33333333333
bd497cd,2026-04-07T12:23:52+01:00,linuxpc,16,4427,True,31.26,0.154297,50000,ByteCask/ReadAndWriteLoad/Sync/BoundedStaleness/real_time/threads:16_median,aggregate,median,3,1997.5361762983387,1826.714875182888,8009867.450636021,,28420.0,44001.0
bd497cd,2026-04-07T12:23:52+01:00,linuxpc,16,4427,True,31.26,0.154297,50000,ByteCask/ReadAndWriteLoad/Sync/BoundedStaleness/real_time/threads:16_stddev,aggregate,stddev,3,33.78922797158027,144.37347061471544,138539.5501434913,,2532.3720105861225,1086.1953476856588
bd497cd,2026-04-07T12:23:52+01:00,linuxpc,16,4427,True,31.26,0.154297,50000,ByteCask/ReadAndWriteLoad/Sync/BoundedStaleness/real_time/threads:16_cv,aggregate,cv,3,0.017029619148479013,0.08019515318829286,0.017176806570202655,,0.09098124633851126,0.024823161398142612
bd497cd,2026-04-07T12:23:52+01:00,linuxpc,16,4427,True,31.26,0.154297,50000,RocksDB/ReadAndWriteLoad/Sync/real_time/threads:2,iteration,,1058464,675.4493237201631,671.2124247966873,2960991.9349458036,,1220.0,2300.0
bd497cd,2026-04-07T12:23:52+01:00,linuxpc,16,4427,True,31.26,0.154297,50000,RocksDB/ReadAndWriteLoad/Sync/real_time/threads:2,iteration,,1058464,651.3855275126892,648.5624650436844,3070378.317487318,,1200.0,2010.0
bd497cd,2026-04-07T12:23:52+01:00,linuxpc,16,4427,True,31.26,0.154297,50000,RocksDB/ReadAndWriteLoad/Sync/real_time/threads:2,iteration,,1058464,662.8999248358872,657.6024342821278,3017046.6537541635,,1210.0,2100.0
bd497cd,2026-04-07T12:23:52+01:00,linuxpc,16,4427,True,31.26,0.154297,50000,RocksDB/ReadAndWriteLoad/Sync/real_time/threads:2_mean,aggregate,mean,3,663.2449253562464,659.1257747074998,3016138.9687290946,,1210.0,2136.6666666666665
bd497cd,2026-04-07T12:23:52+01:00,linuxpc,16,4427,True,31.26,0.154297,50000,RocksDB/ReadAndWriteLoad/Sync/real_time/threads:2_median,aggregate,median,3,662.8999248358872,657.6024342821278,3017046.6537541635,,1210.0,2100.0
bd497cd,2026-04-07T12:23:52+01:00,linuxpc,16,4427,True,31.26,0.154297,50000,RocksDB/ReadAndWriteLoad/Sync/real_time/threads:2_stddev,aggregate,stddev,3,12.035607213516153,11.401561022157393,54698.839937058634,,9.999999999988358,148.43629385474932
bd497cd,2026-04-07T12:23:52+01:00,linuxpc,16,4427,True,31.26,0.154297,50000,RocksDB/ReadAndWriteLoad/Sync/real_time/threads:2_cv,aggregate,cv,3,0.018146550020042007,0.017298005114755318,0.01813538451118086,,0.008264462809907733,0.0694709643625972
bd497cd,2026-04-07T12:23:52+01:00,linuxpc,16,4427,True,31.26,0.154297,50000,RocksDB/ReadAndWriteLoad/Sync/real_time/threads:4,iteration,,942700,798.1676334049702,749.8313270393534,5011478.582432697,,2720.0,5380.0
bd497cd,2026-04-07T12:23:52+01:00,linuxpc,16,4427,True,31.26,0.154297,50000,RocksDB/ReadAndWriteLoad/Sync/real_time/threads:4,iteration,,942700,716.9547034623134,712.9563477246198,5579153.02135996,,2641.0,4500.0
bd497cd,2026-04-07T12:23:52+01:00,linuxpc,16,4427,True,31.26,0.154297,50000,RocksDB/ReadAndWriteLoad/Sync/real_time/threads:4,iteration,,942700,780.6321301213883,764.9295003712764,5124052.477032939,,2740.0,5780.0
bd497cd,2026-04-07T12:23:52+01:00,linuxpc,16,4427,True,31.26,0.154297,50000,RocksDB/ReadAndWriteLoad/Sync/real_time/threads:4_mean,aggregate,mean,3,765.2514889962239,742.5723917117498,5238228.026941865,,2700.333333333333,5220.0
bd497cd,2026-04-07T12:23:52+01:00,linuxpc,16,4427,True,31.26,0.154297,50000,RocksDB/ReadAndWriteLoad/Sync/real_time/threads:4_median,aggregate,median,3,780.6321301213884,749.8313270393534,5124052.477032939,,2720.0,5380.0
bd497cd,2026-04-07T12:23:52+01:00,linuxpc,16,4427,True,31.26,0.154297,50000,RocksDB/ReadAndWriteLoad/Sync/real_time/threads:4_stddev,aggregate,stddev,3,42.735326002425296,26.736141374104253,300567.14607655554,,52.34819321940618,654.8282217497931
bd497cd,2026-04-07T12:23:52+01:00,linuxpc,16,4427,True,31.26,0.154297,50000,RocksDB/ReadAndWriteLoad/Sync/real_time/threads:4_cv,aggregate,cv,3,0.05584481260987938,0.0360047608455697,0.057379546008811295,,0.01938582639899007,0.12544601949229753
bd497cd,2026-04-07T12:23:52+01:00,linuxpc,16,4427,True,31.26,0.154297,50000,RocksDB/ReadAndWriteLoad/Sync/real_time/threads:8,iteration,,842960,753.8974233867415,744.2623742526362,10611523.201739453,,5401.0,10130.0
bd497cd,2026-04-07T12:23:52+01:00,linuxpc,16,4427,True,31.26,0.154297,50000,RocksDB/ReadAndWriteLoad/Sync/real_time/threads:8,iteration,,842960,735.0494556169062,730.6174077061753,10883621.420120401,,5340.0,9770.0
bd497cd,2026-04-07T12:23:52+01:00,linuxpc,16,4427,True,31.26,0.154297,50000,RocksDB/ReadAndWriteLoad/Sync/real_time/threads:8,iteration,,842960,747.8388832541364,743.1114453829356,10697491.370318837,,5430.0,10020.0
bd497cd,2026-04-07T12:23:52+01:00,linuxpc,16,4427,True,31.26,0.154297,50000,RocksDB/ReadAndWriteLoad/Sync/real_time/threads:8_mean,aggregate,mean,3,745.5952540859279,739.3304091139154,10730878.664059564,,5390.333333333333,9973.333333333332
bd497cd,2026-04-07T12:23:52+01:00,linuxpc,16,4427,True,31.26,0.154297,50000,RocksDB/ReadAndWriteLoad/Sync/real_time/threads:8_median,aggregate,median,3,747.8388832541362,743.1114453829356,10697491.370318837,,5401.0,10020.0
bd497cd,2026-04-07T12:23:52+01:00,linuxpc,16,4427,True,31.26,0.154297,50000,RocksDB/ReadAndWriteLoad/Sync/real_time/threads:8_stddev,aggregate,stddev,3,9.622207446668805,7.567592382299069,139087.71926024102,,45.938364504384346,184.48125469371033
bd497cd,2026-04-07T12:23:52+01:00,linuxpc,16,4427,True,31.26,0.154297,50000,RocksDB/ReadAndWriteLoad/Sync/real_time/threads:8_cv,aggregate,cv,3,0.012905403292118957,0.010235738025937278,0.012961447390704461,,0.008522360615493973,0.018497452008059193
bd497cd,2026-04-07T12:23:52+01:00,linuxpc,16,4427,True,31.26,0.154297,50000,RocksDB/ReadAndWriteLoad/Sync/real_time/threads:16,iteration,,531232,1478.8311319159507,993.4167595325582,10819355.67536413,,14810.0,26341.0
bd497cd,2026-04-07T12:23:52+01:00,linuxpc,16,4427,True,31.26,0.154297,50000,RocksDB/ReadAndWriteLoad/Sync/real_time/threads:16,iteration,,531232,1086.8137590288825,925.2415272423361,14721933.603690045,,13610.0,25810.0
bd497cd,2026-04-07T12:23:52+01:00,linuxpc,16,4427,True,31.26,0.154297,50000,RocksDB/ReadAndWriteLoad/Sync/real_time/threads:16,iteration,,531232,1077.3779064862729,983.6332111017404,14850870.714605525,,14770.0,25750.0
bd497cd,2026-04-07T12:23:52+01:00,linuxpc,16,4427,True,31.26,0.154297,50000,RocksDB/ReadAndWriteLoad/Sync/real_time/threads:16_mean,aggregate,mean,3,1214.3409324770353,967.4304992922116,13464053.331219899,,14396.666666666666,25967.0
bd497cd,2026-04-07T12:23:52+01:00,linuxpc,16,4427,True,31.26,0.154297,50000,RocksDB/ReadAndWriteLoad/Sync/real_time/threads:16_median,aggregate,median,3,1086.8137590288825,983.6332111017404,14721933.603690045,,14770.0,25810.0
bd497cd,2026-04-07T12:23:52+01:00,linuxpc,16,4427,True,31.26,0.154297,50000,RocksDB/ReadAndWriteLoad/Sync/real_time/threads:16_stddev,aggregate,stddev,3,229.10381495673406,36.86273832670535,2291282.493017731,,681.566822353717,325.27987948841843
bd497cd,2026-04-07T12:23:52+01:00,linuxpc,16,4427,True,31.26,0.154297,50000,RocksDB/ReadAndWriteLoad/Sync/real_time/threads:16_cv,aggregate,cv,3,0.18866515064217085,0.03810375872341708,0.1701777642030575,,0.047341988123666384,0.012526663822868196
bd497cd,2026-04-07T12:23:52+01:00,linuxpc,16,4427,True,31.26,0.154297,50000,ByteCask/PutMT/Sync/real_time/threads:2,iteration,,156,4002509.211437801,246795.97435898634,499.6865452013664,,7907420.0,11386073.0
bd497cd,2026-04-07T12:23:52+01:00,linuxpc,16,4427,True,31.26,0.154297,50000,ByteCask/PutMT/Sync/real_time/threads:2,iteration,,156,4021243.2306874786,228065.10897436604,497.3586240039692,,7969470.0,10354351.0
bd497cd,2026-04-07T12:23:52+01:00,linuxpc,16,4427,True,31.26,0.154297,50000,ByteCask/PutMT/Sync/real_time/threads:2,iteration,,156,4130012.166943067,222138.95512820972,484.2600745848046,,7882520.0,19682529.0
bd497cd,2026-04-07T12:23:52+01:00,linuxpc,16,4427,True,31.26,0.154297,50000,ByteCask/PutMT/Sync/real_time/threads:2_mean,aggregate,mean,3,4051254.869689449,232333.34615385404,493.76841459671346,,7919803.333333333,13807651.0
bd497cd,2026-04-07T12:23:52+01:00,linuxpc,16,4427,True,31.26,0.154297,50000,ByteCask/PutMT/Sync/real_time/threads:2_median,aggregate,median,3,4021243.2306874786,228065.10897436607,497.3586240039692,,7907420.0,11386073.0
bd497cd,2026-04-07T12:23:52+01:00,linuxpc,16,4427,True,31.26,0.154297,50000,ByteCask/PutMT/Sync/real_time/threads:2_stddev,aggregate,stddev,3,68846.02219687813,12870.723981269262,8.316321399021088,,44778.18479277535,5113878.783026049
bd497cd,2026-04-07T12:23:52+01:00,linuxpc,16,4427,True,31.26,0.154297,50000,ByteCask/PutMT/Sync/real_time/threads:2_cv,aggregate,cv,3,0.016993752407918873,0.055397661137915645,0.016842554430731387,,0.005653951608155508,0.3703655881095234
bd497cd,2026-04-07T12:23:52+01:00,linuxpc,16,4427,True,31.26,0.154297,50000,ByteCask/PutMT/Sync/real_time/threads:4,iteration,,128,4926413.874272839,171299.6562500116,811.9496457431559,,16070445.0,46362276.0
bd497cd,2026-04-07T12:23:52+01:00,linuxpc,16,4427,True,31.26,0.154297,50000,ByteCask/PutMT/Sync/real_time/threads:4,iteration,,128,5067318.695637369,135079.17187500306,789.372099971478,,15907411.0,50409388.0
bd497cd,2026-04-07T12:23:52+01:00,linuxpc,16,4427,True,31.26,0.154297,50000,ByteCask/PutMT/Sync/real_time/threads:4,iteration,,128,4290486.375339242,152981.92968751112,932.2952341699784,,16755004.0,17775304.0
bd497cd,2026-04-07T12:23:52+01:00,linuxpc,16,4427,True,31.26,0.154297,50000,ByteCask/PutMT/Sync/real_time/threads:4_mean,aggregate,mean,3,4761406.31508315,153120.25260417524,844.5389932948707,,16244286.666666666,38182322.666666664
bd497cd,2026-04-07T12:23:52+01:00,linuxpc,16,4427,True,31.26,0.154297,50000,ByteCask/PutMT/Sync/real_time/threads:4_median,aggregate,median,3,4926413.874272839,152981.92968751112,811.9496457431559,,16070445.0,46362276.0
bd497cd,2026-04-07T12:23:52+01:00,linuxpc,16,4427,True,31.26,0.154297,50000,ByteCask/PutMT/Sync/real_time/threads:4_stddev,aggregate,stddev,3,413869.2237981009,18110.638365668132,76.83296657467753,,449743.4459937444,17788467.810112182
bd497cd,2026-04-07T12:23:52+01:00,linuxpc,16,4427,True,31.26,0.154297,50000,ByteCask/PutMT/Sync/real_time/threads:4_cv,aggregate,cv,3,0.08692163541831095,0.11827722366998167,0.09097622156547519,,0.027686253956390683,0.4658822870836402
bd497cd,2026-04-07T12:23:52+01:00,linuxpc,16,4427,True,31.26,0.154297,50000,ByteCask/PutMT/Sync/real_time/threads:8,iteration,,96,6044160.582556893,93262.93750001847,1323.5915708605671,,33842386.0,91984003.0
bd497cd,2026-04-07T12:23:52+01:00,linuxpc,16,4427,True,31.26,0.154297,50000,ByteCask/PutMT/Sync/real_time/threads:8,iteration,,96,6084092.270612019,144811.20833332,1314.9044498622068,,36244380.0,92769217.0
bd497cd,2026-04-07T12:23:52+01:00,linuxpc,16,4427,True,31.26,0.154297,50000,ByteCask/PutMT/Sync/real_time/threads:8,iteration,,96,4961505.844524558,104702.62500001879,1612.4137007373838,,35137336.0,37125851.0
bd497cd,2026-04-07T12:23:52+01:00,linuxpc,16,4427,True,31.26,0.154297,50000,ByteCask/PutMT/Sync/real_time/threads:8_mean,aggregate,mean,3,5696586.232564489,114258.92361111908,1416.969907153386,,35074700.666666664,73959690.33333333
bd497cd,2026-04-07T12:23:52+01:00,linuxpc,16,4427,True,31.26,0.154297,50000,ByteCask/PutMT/Sync/real_time/threads:8_median,aggregate,median,3,6044160.582556893,104702.62500001879,1323.5915708605671,,35137336.0,91984003.0
bd497cd,2026-04-07T12:23:52+01:00,linuxpc,16,4427,True,31.26,0.154297,50000,ByteCask/PutMT/Sync/real_time/threads:8_stddev,aggregate,stddev,3,636911.3106143042,27070.245452050116,169.31501367477162,,1202221.3534725,31901456.554236062
bd497cd,2026-04-07T12:23:52+01:00,linuxpc,16,4427,True,31.26,0.154297,50000,ByteCask/PutMT/Sync/real_time/threads:8_cv,aggregate,cv,3,0.1118057876440816,0.23692018615704674,0.11949090296131701,,0.034276026042184715,0.4313357236956711
bd497cd,2026-04-07T12:23:52+01:00,linuxpc,16,4427,True,31.26,0.154297,50000,ByteCask/PutMT/Sync/real_time/threads:16,iteration,,64,11491223.516713943,75926.89062500405,1392.3669639467073,,177061442.0,192415980.0
bd497cd,2026-04-07T12:23:52+01:00,linuxpc,16,4427,True,31.26,0.154297,50000,ByteCask/PutMT/Sync/real_time/threads:16,iteration,,64,9669206.689068232,75161.7187500011,1654.7376133855125,,66422618.0,188303805.0
bd497cd,2026-04-07T12:23:52+01:00,linuxpc,16,4427,True,31.26,0.154297,50000,ByteCask/PutMT/Sync/real_time/threads:16,iteration,,64,7846650.920328102,74371.10937501639,2039.086504861487,,65660853.0,175279839.0
bd497cd,2026-04-07T12:23:52+01:00,linuxpc,16,4427,True,31.26,0.154297,50000,ByteCask/PutMT/Sync/real_time/threads:16_mean,aggregate,mean,3,9669027.042036759,75153.2395833405,1695.3970273979023,,103048304.33333333,185333208.0
bd497cd,2026-04-07T12:23:52+01:00,linuxpc,16,4427,True,31.26,0.154297,50000,ByteCask/PutMT/Sync/real_time/threads:16_median,aggregate,median,3,9669206.689068234,75161.7187500011,1654.7376133855125,,66422618.0,188303805.0
bd497cd,2026-04-07T12:23:52+01:00,linuxpc,16,4427,True,31.26,0.154297,50000,ByteCask/PutMT/Sync/real_time/threads:16_stddev,aggregate,stddev,3,1822286.3048342457,777.9252834654536,325.2713207633399,,64098389.074356,8945958.137353428
bd497cd,2026-04-07T12:23:52+01:00,linuxpc,16,4427,True,31.26,0.154297,50000,ByteCask/PutMT/Sync/real_time/threads:16_cv,aggregate,cv,3,0.18846635725722255,0.010351187623825324,0.19185554504750238,,0.6220227444695751,0.0482695909378174
bd497cd,2026-04-07T12:23:52+01:00,linuxpc,16,4427,True,31.26,0.154297,50000,RocksDB/PutMT/Sync/real_time/threads:2,iteration,,226,2670542.761195138,222544.84513274106,748.9114306879503,,4228684.0,8704000.0
bd497cd,2026-04-07T12:23:52+01:00,linuxpc,16,4427,True,31.26,0.154297,50000,RocksDB/PutMT/Sync/real_time/threads:2,iteration,,226,2897200.628185842,182040.2212389395,690.3215402284211,,4125552.0,11950911.0
bd497cd,2026-04-07T12:23:52+01:00,linuxpc,16,4427,True,31.26,0.154297,50000,RocksDB/PutMT/Sync/real_time/threads:2,iteration,,226,2642859.5754993763,193822.56637168696,756.7560601936611,,4054851.0,9680973.0
bd497cd,2026-04-07T12:23:52+01:00,linuxpc,16,4427,True,31.26,0.154297,50000,RocksDB/PutMT/Sync/real_time/threads:2_mean,aggregate,mean,3,2736867.654960119,199469.21091445582,731.9963437033441,,4136362.333333333,10111961.333333332
bd497cd,2026-04-07T12:23:52+01:00,linuxpc,16,4427,True,31.26,0.154297,50000,RocksDB/PutMT/Sync/real_time/threads:2_median,aggregate,median,3,2670542.7611951376,193822.5663716869,748.9114306879503,,4125552.0,9680973.0
bd497cd,2026-04-07T12:23:52+01:00,linuxpc,16,4427,True,31.26,0.154297,50000,RocksDB/PutMT/Sync/real_time/threads:2_stddev,aggregate,stddev,3,139540.6264143809,20834.336685838334,36.30394588093487,,87419.25103965923,1665809.403287891
bd497cd,2026-04-07T12:23:52+01:00,linuxpc,16,4427,True,31.26,0.154297,50000,RocksDB/PutMT/Sync/real_time/threads:2_cv,aggregate,cv,3,0.050985522139328394,0.10444888507015415,0.04959580221024677,,0.02113433108487173,0.16473652819425583
bd497cd,2026-04-07T12:23:52+01:00,linuxpc,16,4427,True,31.26,0.154297,50000,RocksDB/PutMT/Sync/real_time/threads:4,iteration,,264,4232860.461784047,133440.29924242536,944.9874466955847,,11354924.0,83456356.0
bd497cd,2026-04-07T12:23:52+01:00,linuxpc,16,4427,True,31.26,0.154297,50000,RocksDB/PutMT/Sync/real_time/threads:4,iteration,,264,3587366.034370268,138713.03787878755,1115.024216005927,,10229020.0,83220663.0
bd497cd,2026-04-07T12:23:52+01:00,linuxpc,16,4427,True,31.26,0.154297,50000,RocksDB/PutMT/Sync/real_time/threads:4,iteration,,264,3631712.6855878583,116564.64772727905,1101.4087143715026,,8573598.0,88306828.0
bd497cd,2026-04-07T12:23:52+01:00,linuxpc,16,4427,True,31.26,0.154297,50000,RocksDB/PutMT/Sync/real_time/threads:4_mean,aggregate,mean,3,3817313.060580725,129572.66161616401,1053.8067923576714,,10052514.0,84994615.66666666
bd497cd,2026-04-07T12:23:52+01:00,linuxpc,16,4427,True,31.26,0.154297,50000,RocksDB/PutMT/Sync/real_time/threads:4_median,aggregate,median,3,3631712.6855878583,133440.2992424254,1101.4087143715026,,10229020.0,83456356.0
bd497cd,2026-04-07T12:23:52+01:00,linuxpc,16,4427,True,31.26,0.154297,50000,RocksDB/PutMT/Sync/real_time/threads:4_stddev,aggregate,stddev,3,360557.0528414038,11569.648317123285,94.48588764430788,,1399038.7255526504,2870879.7786354623
bd497cd,2026-04-07T12:23:52+01:00,linuxpc,16,4427,True,31.26,0.154297,50000,RocksDB/PutMT/Sync/real_time/threads:4_cv,aggregate,cv,3,0.0944531001569341,0.08929081314541733,0.08966149044543123,,0.13917301936139062,0.033777195839022646
bd497cd,2026-04-07T12:23:52+01:00,linuxpc,16,4427,True,31.26,0.154297,50000,RocksDB/PutMT/Sync/real_time/threads:8,iteration,,240,4710231.553811657,108547.6458333379,1698.4303019086535,,34149730.0,89942280.0
bd497cd,2026-04-07T12:23:52+01:00,linuxpc,16,4427,True,31.26,0.154297,50000,RocksDB/PutMT/Sync/real_time/threads:8,iteration,,240,3648813.958473814,95879.8833333288,2192.4932569996395,,33261832.0,37459635.0
bd497cd,2026-04-07T12:23:52+01:00,linuxpc,16,4427,True,31.26,0.154297,50000,RocksDB/PutMT/Sync/real_time/threads:8,iteration,,240,3578677.1251878235,96373.4041666655,2235.462915526398,,32812946.0,36584073.0
bd497cd,2026-04-07T12:23:52+01:00,linuxpc,16,4427,True,31.26,0.154297,50000,RocksDB/PutMT/Sync/real_time/threads:8_mean,aggregate,mean,3,3979240.879157765,100266.97777777741,2042.1288248115634,,33408169.333333332,54661996.0
bd497cd,2026-04-07T12:23:52+01:00,linuxpc,16,4427,True,31.26,0.154297,50000,RocksDB/PutMT/Sync/real_time/threads:8_median,aggregate,median,3,3648813.9584738147,96373.40416666551,2192.4932569996395,,33261832.0,37459635.0
bd497cd,2026-04-07T12:23:52+01:00,linuxpc,16,4427,True,31.26,0.154297,50000,RocksDB/PutMT/Sync/real_time/threads:8_stddev,aggregate,stddev,3,634027.0646187443,7175.513102769767,298.4260442265517,,680300.5416794661,30556758.361194853
bd497cd,2026-04-07T12:23:52+01:00,linuxpc,16,4427,True,31.26,0.154297,50000,RocksDB/PutMT/Sync/real_time/threads:8_cv,aggregate,cv,3,0.1593336728971634,0.07156407086162427,0.14613477886444742,,0.020363299015031318,0.5590128534859
bd497cd,2026-04-07T12:23:52+01:00,linuxpc,16,4427,True,31.26,0.154297,50000,RocksDB/PutMT/Sync/real_time/threads:16,iteration,,64,16278581.611004483,79370.87499999814,982.8866164349258,,278732568.0,289333433.0
bd497cd,2026-04-07T12:23:52+01:00,linuxpc,16,4427,True,31.26,0.154297,50000,RocksDB/PutMT/Sync/real_time/threads:16,iteration,,64,15125369.095585484,113770.46874996119,1057.825425540841,,187226128.0,299771755.0
bd497cd,2026-04-07T12:23:52+01:00,linuxpc,16,4427,True,31.26,0.154297,50000,RocksDB/PutMT/Sync/real_time/threads:16,iteration,,64,6575246.563443216,131253.03125000861,2433.368824365635,,85262740.0,97521887.0
bd497cd,2026-04-07T12:23:52+01:00,linuxpc,16,4427,True,31.26,0.154297,50000,RocksDB/PutMT/Sync/real_time/threads:16_mean,aggregate,mean,3,12659732.423344394,108131.45833332265,1491.3602887804673,,183740478.66666666,228875691.66666666
bd497cd,2026-04-07T12:23:52+01:00,linuxpc,16,4427,True,31.26,0.154297,50000,RocksDB/PutMT/Sync/real_time/threads:16_median,aggregate,median,3,15125369.095585482,113770.46874996119,1057.825425540841,,187226128.0,289333433.0
bd497cd,2026-04-07T12:23:52+01:00,linuxpc,16,4427,True,31.26,0.154297,50000,RocksDB/PutMT/Sync/real_time/threads:16_stddev,aggregate,stddev,3,5300773.614382413,26396.74910186572,816.6633438045552,,96782001.94273533,113875397.4388259
bd497cd,2026-04-07T12:23:52+01:00,linuxpc,16,4427,True,31.26,0.154297,50000,RocksDB/PutMT/Sync/real_time/threads:16_cv,aggregate,cv,3,0.41871134690081213,0.24411720241944704,0.5475962783428857,,0.5267320660370799,0.4975425594985134
07e94d8,2026-04-09T11:41:58+01:00,linuxpc,16,4427,True,31.26,0.00488281,1000000,ByteCaskDB/Put/NoSync/real_time,iteration,,125218,5630.526306213641,5601.03926751745,177603.2906366918,,5020.0,11370.0
07e94d8,2026-04-09T11:41:58+01:00,linuxpc,16,4427,True,31.26,0.00488281,1000000,ByteCaskDB/Put/Sync/real_time,iteration,,405,1780720.1679255583,134359.5456790129,561.5705476986568,,1711302.0,4731051.0
07e94d8,2026-04-09T11:41:58+01:00,linuxpc,16,4427,True,31.26,0.00488281,1000000,ByteCaskDB/Del/Sync/real_time,iteration,,380,1513400.0184173745,151152.6947368435,660.7638349613222,,1992016.0,2306419.0
07e94d8,2026-04-09T11:41:58+01:00,linuxpc,16,4427,True,31.26,0.00488281,1000000,ByteCaskDB/Get/real_time,iteration,,959642,728.3368964800817,725.0205951802859,1372990.9947344642,,680.0,1040.0
07e94d8,2026-04-09T11:41:58+01:00,linuxpc,16,4427,True,31.26,0.00488281,1000000,ByteCaskDB/Range50/real_time,iteration,,21086,32807.12482105153,32684.98918713827,,30481.183750620057,32520.0,37291.0
07e94d8,2026-04-09T11:41:58+01:00,linuxpc,16,4427,True,31.26,0.00488281,1000000,ByteCaskDB/MixedBatch/Sync/real_time,iteration,,253,2870599.1067916243,911169.9486166042,34835.933643052915,,2823516.0,3143940.0
07e94d8,2026-04-09T11:41:58+01:00,linuxpc,16,4427,True,31.26,0.00488281,1000000,RocksDB/Put/NoSync/real_time,iteration,,120354,5810.014615402127,5781.627390863628,172116.6066173118,,5240.0,11330.0
07e94d8,2026-04-09T11:41:58+01:00,linuxpc,16,4427,True,31.26,0.00488281,1000000,RocksDB/Put/Sync/real_time,iteration,,322,2092559.8913190528,263692.9347826067,477.88357415645885,,2048376.0,2450442.0
07e94d8,2026-04-09T11:41:58+01:00,linuxpc,16,4427,True,31.26,0.00488281,1000000,RocksDB/Del/Sync/real_time,iteration,,200,2829361.6449809633,195360.74499999502,353.43661414719156,,1893204.0,23417608.0
07e94d8,2026-04-09T11:41:58+01:00,linuxpc,16,4427,True,31.26,0.00488281,1000000,RocksDB/Get/real_time,iteration,,406418,1616.228314218378,1607.3774291493053,618724.4655985429,,1420.0,3850.0
07e94d8,2026-04-09T11:41:58+01:00,linuxpc,16,4427,True,31.26,0.00488281,1000000,RocksDB/Range50/real_time,iteration,,57479,12024.623357631843,11939.803354268473,,83162.68794941634,11450.0,18161.0
07e94d8,2026-04-09T11:41:58+01:00,linuxpc,16,4427,True,31.26,0.00488281,1000000,RocksDB/MixedBatch/Sync/real_time,iteration,,200,3341914.580087178,446133.3100000075,29922.967090736172,,2308509.0,31319988.0
07e94d8,2026-04-09T11:41:58+01:00,linuxpc,16,4427,True,31.26,0.00488281,1000000,ByteCaskDB/Recovery/threads:1/real_time,iteration,,3,224958893.0280879,222128015.00000033,,,,
07e94d8,2026-04-09T11:41:58+01:00,linuxpc,16,4427,True,31.26,0.00488281,1000000,ByteCaskDB/Recovery/threads:2/real_time,iteration,,4,133636854.99643907,24033541.75000416,,,,
07e94d8,2026-04-09T11:41:58+01:00,linuxpc,16,4427,True,31.26,0.00488281,1000000,ByteCaskDB/Recovery/threads:4/real_time,iteration,,8,85608154.38249847,27534787.37499826,,,,
07e94d8,2026-04-09T11:41:58+01:00,linuxpc,16,4427,True,31.26,0.00488281,1000000,ByteCaskDB/Recovery/threads:8/real_time,iteration,,11,62294462.73275905,28911185.545454223,,,,
07e94d8,2026-04-09T11:41:58+01:00,linuxpc,16,4427,True,31.26,0.00488281,1000000,ByteCaskDB/Recovery/threads:16/real_time,iteration,,10,55757694.31889057,30959460.599999033,,,,
07e94d8,2026-04-09T11:41:58+01:00,linuxpc,16,4427,True,31.26,0.00488281,1000000,ByteCaskDB/GetMT/real_time/threads:2,iteration,,881944,770.0921759238993,766.7787501247175,2597091.702172599,,1410.0,2150.0
07e94d8,2026-04-09T11:41:58+01:00,linuxpc,16,4427,True,31.26,0.00488281,1000000,ByteCaskDB/GetMT/real_time/threads:4,iteration,,709912,966.0904562246607,961.7864608571307,4140399.0425818004,,3520.0,5890.0
07e94d8,2026-04-09T11:41:58+01:00,linuxpc,16,4427,True,31.26,0.00488281,1000000,ByteCaskDB/GetMT/real_time/threads:8,iteration,,537760,1249.4432257461838,1243.6486536745083,6402851.954495408,,9420.0,15120.0
07e94d8,2026-04-09T11:41:58+01:00,linuxpc,16,4427,True,31.26,0.00488281,1000000,ByteCaskDB/GetMT/real_time/threads:16,iteration,,408032,1812.988936822265,1797.7448092306363,8825205.534924094,,27571.0,42642.0
07e94d8,2026-04-09T11:41:58+01:00,linuxpc,16,4427,True,31.26,0.00488281,1000000,ByteCaskDB/GetMT/real_time/threads:32,iteration,,320000,2514.9082895950414,1749.4996687499922,12724122.041505037,,53704.0,83372.0
07e94d8,2026-04-09T11:41:58+01:00,linuxpc,16,4427,True,31.26,0.00488281,1000000,RocksDB/GetMT/real_time/threads:2,iteration,,344820,1780.0308307475611,1743.5506554144195,1123576.0445565195,,3080.0,8540.0
07e94d8,2026-04-09T11:41:58+01:00,linuxpc,16,4427,True,31.26,0.00488281,1000000,RocksDB/GetMT/real_time/threads:4,iteration,,419180,1815.125902893299,1793.1223722505622,2203703.882812771,,6340.0,19931.0
07e94d8,2026-04-09T11:41:58+01:00,linuxpc,16,4427,True,31.26,0.00488281,1000000,RocksDB/GetMT/real_time/threads:8,iteration,,420176,1733.2290706453234,1718.060431819055,4615662.254627084,,12040.0,37061.0
07e94d8,2026-04-09T11:41:58+01:00,linuxpc,16,4427,True,31.26,0.00488281,1000000,RocksDB/GetMT/real_time/threads:16,iteration,,277872,2378.1269898363644,2259.7814317383663,6727983.858044913,,35180.0,73880.0
07e94d8,2026-04-09T11:41:58+01:00,linuxpc,16,4427,True,31.26,0.00488281,1000000,RocksDB/GetMT/real_time/threads:32,iteration,,184320,3763.0030217567564,2175.230967881897,8503846.479788585,,67803.0,96442.0
07e94d8,2026-04-09T11:41:58+01:00,linuxpc,16,4427,True,31.26,0.00488281,1000000,ByteCaskDB/ReadAndWriteLoad/Sync/real_time/threads:2,iteration,,893036,778.1981958198298,774.2356971051581,2570039.368817869,,1420.0,2210.0
07e94d8,2026-04-09T11:41:58+01:00,linuxpc,16,4427,True,31.26,0.00488281,1000000,ByteCaskDB/ReadAndWriteLoad/Sync/real_time/threads:4,iteration,,720628,957.7940421434952,924.1012866555252,4176263.1881152657,,3400.0,5560.0
07e94d8,2026-04-09T11:41:58+01:00,linuxpc,16,4427,True,31.26,0.00488281,1000000,ByteCaskDB/ReadAndWriteLoad/Sync/real_time/threads:8,iteration,,543656,1275.9563218388157,1261.3154090086284,6269807.095332997,,9491.0,15720.0
07e94d8,2026-04-09T11:41:58+01:00,linuxpc,16,4427,True,31.26,0.00488281,1000000,ByteCaskDB/ReadAndWriteLoad/Sync/real_time/threads:16,iteration,,409664,1850.3816423089545,1564.839619785982,8646864.85974579,,23731.0,38970.0
07e94d8,2026-04-09T11:41:58+01:00,linuxpc,16,4427,True,31.26,0.00488281,1000000,ByteCaskDB/ReadAndWriteLoad/Sync/real_time/threads:32,iteration,,417024,2499.8672448338407,1710.9250306936842,12800679.74254647,,52432.0,81391.0
07e94d8,2026-04-09T11:41:58+01:00,linuxpc,16,4427,True,31.26,0.00488281,1000000,ByteCaskDB/ReadAndWriteLoad/Sync/BoundedStaleness/real_time/threads:2,iteration,,922502,753.3830321722094,748.8018248198936,2654692.121527416,,1380.0,2070.0
07e94d8,2026-04-09T11:41:58+01:00,linuxpc,16,4427,True,31.26,0.00488281,1000000,ByteCaskDB/ReadAndWriteLoad/Sync/BoundedStaleness/real_time/threads:4,iteration,,739496,867.9010002734831,863.2205975420925,4608820.589836359,,3260.0,4810.0
07e94d8,2026-04-09T11:41:58+01:00,linuxpc,16,4427,True,31.26,0.00488281,1000000,ByteCaskDB/ReadAndWriteLoad/Sync/BoundedStaleness/real_time/threads:8,iteration,,568152,1265.180038193581,1254.1573381771123,6323210.735621761,,9410.0,15611.0
07e94d8,2026-04-09T11:41:58+01:00,linuxpc,16,4427,True,31.26,0.00488281,1000000,ByteCaskDB/ReadAndWriteLoad/Sync/BoundedStaleness/real_time/threads:16,iteration,,413136,1752.552505513446,1644.4508491150625,9129541.026397081,,25662.0,38570.0
07e94d8,2026-04-09T11:41:58+01:00,linuxpc,16,4427,True,31.26,0.00488281,1000000,ByteCaskDB/ReadAndWriteLoad/Sync/BoundedStaleness/real_time/threads:32,iteration,,407392,2539.018122038339,1645.1834793024761,12603297.20463366,,50701.0,77893.0
07e94d8,2026-04-09T11:41:58+01:00,linuxpc,16,4427,True,31.26,0.00488281,1000000,RocksDB/ReadAndWriteLoad/Sync/real_time/threads:2,iteration,,303024,1899.2052213476816,1887.2883302973012,1053072.0837955545,,3540.0,8710.0
07e94d8,2026-04-09T11:41:58+01:00,linuxpc,16,4427,True,31.26,0.00488281,1000000,RocksDB/ReadAndWriteLoad/Sync/real_time/threads:4,iteration,,430096,1870.3850512543875,1838.38757858711,2138597.075140956,,6630.0,18320.0
07e94d8,2026-04-09T11:41:58+01:00,linuxpc,16,4427,True,31.26,0.00488281,1000000,RocksDB/ReadAndWriteLoad/Sync/real_time/threads:8,iteration,,341752,1732.6650844824592,1715.7779442402878,4617164.662488464,,12070.0,36230.0
07e94d8,2026-04-09T11:41:58+01:00,linuxpc,16,4427,True,31.26,0.00488281,1000000,RocksDB/ReadAndWriteLoad/Sync/real_time/threads:16,iteration,,244384,2365.371067808248,2228.262873183222,6764266.384143099,,35032.0,78630.0
07e94d8,2026-04-09T11:41:58+01:00,linuxpc,16,4427,True,31.26,0.00488281,1000000,RocksDB/ReadAndWriteLoad/Sync/real_time/threads:32,iteration,,173504,3494.143028856094,2144.995129795301,9158182.63183007,,67190.0,101623.0
07e94d8,2026-04-09T11:41:58+01:00,linuxpc,16,4427,True,31.26,0.00488281,1000000,ByteCaskDB/PutMT/Sync/real_time/threads:2,iteration,,146,4490368.794219262,265811.732876705,445.3977148992144,,8196715.0,23290848.0
07e94d8,2026-04-09T11:41:58+01:00,linuxpc,16,4427,True,31.26,0.00488281,1000000,ByteCaskDB/PutMT/Sync/real_time/threads:4,iteration,,168,4548220.92260223,151531.13095239937,879.4647551358237,,16521832.0,18131512.0
07e94d8,2026-04-09T11:41:58+01:00,linuxpc,16,4427,True,31.26,0.00488281,1000000,ByteCaskDB/PutMT/Sync/real_time/threads:8,iteration,,72,8183208.820507086,100996.43055553532,977.611616112256,,54869146.0,97779585.0
07e94d8,2026-04-09T11:41:58+01:00,linuxpc,16,4427,True,31.26,0.00488281,1000000,ByteCaskDB/PutMT/Sync/real_time/threads:16,iteration,,64,14618167.749176791,77738.32812488664,1094.5284165931826,,181681732.0,303246879.0
07e94d8,2026-04-09T11:41:58+01:00,linuxpc,16,4427,True,31.26,0.00488281,1000000,RocksDB/PutMT/Sync/real_time/threads:2,iteration,,260,2483852.9961506044,224954.84999998528,805.2006310758065,,4424956.0,8961914.0
07e94d8,2026-04-09T11:41:58+01:00,linuxpc,16,4427,True,31.26,0.00488281,1000000,RocksDB/PutMT/Sync/real_time/threads:4,iteration,,264,3609607.1668329057,111199.24242424057,1108.1538281379321,,8546359.0,89348599.0
07e94d8,2026-04-09T11:41:58+01:00,linuxpc,16,4427,True,31.26,0.00488281,1000000,RocksDB/PutMT/Sync/real_time/threads:8,iteration,,208,3632335.7551457146,96764.44711542208,2202.439570369252,,28364513.0,43404564.0
07e94d8,2026-04-09T11:41:58+01:00,linuxpc,16,4427,True,31.26,0.00488281,1000000,RocksDB/PutMT/Sync/real_time/threads:16,iteration,,160,7511520.863408806,86107.44375002212,2130.0613139399625,,56000402.0,378971342.0
6f29e73,2026-04-15T15:25:21+01:00,linuxpc,16,4427,True,31.26,0.0844727,10000000,ByteCaskDB/Recovery/threads:1/real_time,iteration,,1,3433394297.026098,3411661894.9999804,,,,
6f29e73,2026-04-15T15:25:21+01:00,linuxpc,16,4427,True,31.26,0.0844727,10000000,ByteCaskDB/Recovery/threads:2/real_time,iteration,,1,3105389568.0233836,1443967127.9999971,,,,
6f29e73,2026-04-15T15:25:21+01:00,linuxpc,16,4427,True,31.26,0.0844727,10000000,ByteCaskDB/Recovery/threads:4/real_time,iteration,,1,1870051260.9211729,1018737134.0000055,,,,
6f29e73,2026-04-15T15:25:21+01:00,linuxpc,16,4427,True,31.26,0.0844727,10000000,ByteCaskDB/Recovery/threads:8/real_time,iteration,,1,1364248348.0507507,894920137.9999892,,,,
6f29e73,2026-04-15T15:25:21+01:00,linuxpc,16,4427,True,31.26,0.0844727,10000000,ByteCaskDB/Recovery/threads:16/real_time,iteration,,1,1269226965.0287926,896620034.999998,,,,
0c48349,2026-04-15T15:37:57+01:00,linuxpc,16,4427,True,31.26,0.272461,50000,ByteCaskDB/Put/NoSync/real_time,iteration,,114736,6202.649465079138,6171.61096778692,161221.42733197982,,5700.0,11840.0
0c48349,2026-04-15T15:37:57+01:00,linuxpc,16,4427,True,31.26,0.272461,50000,ByteCaskDB/Put/Sync/real_time,iteration,,412,1832171.7233121286,172952.4417475729,545.8003675508314,,1749482.0,2229858.0
0c48349,2026-04-15T15:37:57+01:00,linuxpc,16,4427,True,31.26,0.272461,50000,ByteCaskDB/Del/Sync/real_time,iteration,,370,1506723.5110453458,163311.4189189187,663.6917740177909,,2008215.0,2283098.0
0c48349,2026-04-15T15:37:57+01:00,linuxpc,16,4427,True,31.26,0.272461,50000,ByteCaskDB/Get/real_time,iteration,,793420,888.675615629384,884.1486287212322,1125269.9887481139,,820.0,1260.0
0c48349,2026-04-15T15:37:57+01:00,linuxpc,16,4427,True,31.26,0.272461,50000,ByteCaskDB/Range50/real_time,iteration,,17284,40238.43780524203,40072.31965980096,,24851.85942953595,40071.0,44730.0
0c48349,2026-04-15T15:37:57+01:00,linuxpc,16,4427,True,31.26,0.272461,50000,ByteCaskDB/MixedBatch/Sync/real_time,iteration,,249,2794974.192745056,888072.3212851416,35778.505669058075,,2764164.0,3066808.0
0c48349,2026-04-15T15:37:57+01:00,linuxpc,16,4427,True,31.26,0.272461,50000,RocksDB/Put/NoSync/real_time,iteration,,120175,6070.301875964951,6040.124734761805,164736.4530517747,,5560.0,11770.0
0c48349,2026-04-15T15:37:57+01:00,linuxpc,16,4427,True,31.26,0.272461,50000,RocksDB/Put/Sync/real_time,iteration,,322,2078258.4968017219,254391.4627329194,481.17209747436243,,2029165.0,2403730.0
0c48349,2026-04-15T15:37:57+01:00,linuxpc,16,4427,True,31.26,0.272461,50000,RocksDB/Del/Sync/real_time,iteration,,343,2101509.244678102,257499.79591836687,475.84848961879044,,2024055.0,3328001.0
0c48349,2026-04-15T15:37:57+01:00,linuxpc,16,4427,True,31.26,0.272461,50000,RocksDB/Get/real_time,iteration,,1024362,676.501986614593,672.7054420214727,1478192.2592781766,,630.0,1000.0
0c48349,2026-04-15T15:37:57+01:00,linuxpc,16,4427,True,31.26,0.272461,50000,RocksDB/Range50/real_time,iteration,,115831,5878.146428686349,5854.772979599598,,170121.65520746994,5810.0,6840.0
0c48349,2026-04-15T15:37:57+01:00,linuxpc,16,4427,True,31.26,0.272461,50000,RocksDB/MixedBatch/Sync/real_time,iteration,,286,2474299.82169655,541162.6538461592,40415.47395474212,,2402309.0,5344066.0
0c48349,2026-04-15T15:37:57+01:00,linuxpc,16,4427,True,31.26,0.272461,50000,ByteCaskDB/Recovery/threads:1/real_time,iteration,,54,14075765.69882049,11990307.12962969,,,,
0c48349,2026-04-15T15:37:57+01:00,linuxpc,16,4427,True,31.26,0.272461,50000,ByteCaskDB/Recovery/threads:2/real_time,iteration,,47,15518455.823110614,3050910.148936375,,,,
0c48349,2026-04-15T15:37:57+01:00,linuxpc,16,4427,True,31.26,0.272461,50000,ByteCaskDB/Recovery/threads:4/real_time,iteration,,45,16001729.395550987,3908439.288889001,,,,
0c48349,2026-04-15T15:37:57+01:00,linuxpc,16,4427,True,31.26,0.272461,50000,ByteCaskDB/Recovery/threads:8/real_time,iteration,,43,16667943.602146279,4908098.558139536,,,,
0c48349,2026-04-15T15:37:57+01:00,linuxpc,16,4427,True,31.26,0.272461,50000,ByteCaskDB/Recovery/threads:16/real_time,iteration,,41,17548628.724975195,5996084.024390236,,,,
0c48349,2026-04-15T15:37:57+01:00,linuxpc,16,4427,True,31.26,0.272461,50000,ByteCaskDB/GetMT/real_time/threads:2,iteration,,755394,923.5179852200077,917.8158470943623,2165631.890237139,,1670.0,2660.0
0c48349,2026-04-15T15:37:57+01:00,linuxpc,16,4427,True,31.26,0.272461,50000,ByteCaskDB/GetMT/real_time/threads:4,iteration,,747568,930.8446200540664,926.6386388930503,4297172.604132006,,3480.0,5090.0
0c48349,2026-04-15T15:37:57+01:00,linuxpc,16,4427,True,31.26,0.272461,50000,ByteCaskDB/GetMT/real_time/threads:8,iteration,,469672,1492.58500204672,1485.518772675399,5359828.746121615,,11410.0,17830.0
0c48349,2026-04-15T15:37:57+01:00,linuxpc,16,4427,True,31.26,0.272461,50000,ByteCaskDB/GetMT/real_time/threads:16,iteration,,343392,2153.952238426144,1955.3427977355311,7428205.563040212,,30560.0,47031.0
0c48349,2026-04-15T15:37:57+01:00,linuxpc,16,4427,True,31.26,0.272461,50000,ByteCaskDB/GetMT/real_time/threads:32,iteration,,320000,2797.438502602745,1410.8133093750014,11439036.093278587,,43120.0,66751.0
0c48349,2026-04-15T15:37:57+01:00,linuxpc,16,4427,True,31.26,0.272461,50000,RocksDB/GetMT/real_time/threads:2,iteration,,1038674,692.0419852209523,688.6509617069466,2889998.0676193344,,1290.0,2100.0
0c48349,2026-04-15T15:37:57+01:00,linuxpc,16,4427,True,31.26,0.272461,50000,RocksDB/GetMT/real_time/threads:4,iteration,,1036224,686.0461917810062,682.8128725063312,5830511.192862718,,2570.0,4160.0
0c48349,2026-04-15T15:37:57+01:00,linuxpc,16,4427,True,31.26,0.272461,50000,RocksDB/GetMT/real_time/threads:8,iteration,,763104,701.004232901707,690.5770484756978,11412199.27715007,,5140.0,8830.0
0c48349,2026-04-15T15:37:57+01:00,linuxpc,16,4427,True,31.26,0.272461,50000,RocksDB/GetMT/real_time/threads:16,iteration,,656800,1125.9126399309644,924.4760063946414,14210694.002850028,,14020.0,23250.0
0c48349,2026-04-15T15:37:57+01:00,linuxpc,16,4427,True,31.26,0.272461,50000,RocksDB/GetMT/real_time/threads:32,iteration,,320000,1577.6588661537971,942.2941187500024,20283218.816507127,,28571.0,45761.0
0c48349,2026-04-15T15:37:57+01:00,linuxpc,16,4427,True,31.26,0.272461,50000,ByteCaskDB/ReadAndWriteLoad/Sync/real_time/threads:2,iteration,,715738,892.0380460160235,887.702375729666,2242056.8370736,,1640.0,2620.0
0c48349,2026-04-15T15:37:57+01:00,linuxpc,16,4427,True,31.26,0.272461,50000,ByteCaskDB/ReadAndWriteLoad/Sync/real_time/threads:4,iteration,,550888,1039.1197539867323,1027.3791551095667,3849411.951465098,,3890.0,6240.0
0c48349,2026-04-15T15:37:57+01:00,linuxpc,16,4427,True,31.26,0.272461,50000,ByteCaskDB/ReadAndWriteLoad/Sync/real_time/threads:8,iteration,,486120,1551.2392867484057,1538.2569447872947,5157166.962144838,,11710.0,19360.0
0c48349,2026-04-15T15:37:57+01:00,linuxpc,16,4427,True,31.26,0.272461,50000,ByteCaskDB/ReadAndWriteLoad/Sync/real_time/threads:16,iteration,,359200,2085.2212299943335,1858.848663697105,7673046.758709377,,28970.0,49632.0
0c48349,2026-04-15T15:37:57+01:00,linuxpc,16,4427,True,31.26,0.272461,50000,ByteCaskDB/ReadAndWriteLoad/Sync/real_time/threads:32,iteration,,409728,2996.6479904971084,2077.491674964858,10678598.254275296,,63921.0,101420.0
0c48349,2026-04-15T15:37:57+01:00,linuxpc,16,4427,True,31.26,0.272461,50000,ByteCaskDB/ReadAndWriteLoad/Sync/BoundedStaleness/real_time/threads:2,iteration,,771484,839.6316461386327,835.1497218348012,2381996.92591122,,1540.0,2390.0
0c48349,2026-04-15T15:37:57+01:00,linuxpc,16,4427,True,31.26,0.272461,50000,ByteCaskDB/ReadAndWriteLoad/Sync/BoundedStaleness/real_time/threads:4,iteration,,639696,1015.8994837321482,1010.5592828468506,3937397.4138711537,,3750.0,6100.0
0c48349,2026-04-15T15:37:57+01:00,linuxpc,16,4427,True,31.26,0.272461,50000,ByteCaskDB/ReadAndWriteLoad/Sync/BoundedStaleness/real_time/threads:8,iteration,,507664,1534.5077787994062,1520.1649004065707,5213398.140124889,,11620.0,18651.0
0c48349,2026-04-15T15:37:57+01:00,linuxpc,16,4427,True,31.26,0.272461,50000,ByteCaskDB/ReadAndWriteLoad/Sync/BoundedStaleness/real_time/threads:16,iteration,,407776,2248.7811941876143,1982.5965603664729,7114965.227099427,,30720.0,49781.0
0c48349,2026-04-15T15:37:57+01:00,linuxpc,16,4427,True,31.26,0.272461,50000,ByteCaskDB/ReadAndWriteLoad/Sync/BoundedStaleness/real_time/threads:32,iteration,,362336,3201.871638071516,2162.8763992537292,9994154.549953654,,67381.0,103461.0
0c48349,2026-04-15T15:37:57+01:00,linuxpc,16,4427,True,31.26,0.272461,50000,RocksDB/ReadAndWriteLoad/Sync/real_time/threads:2,iteration,,1116936,636.1696417813636,631.533432533289,3143815.5307124075,,1170.0,1940.0
0c48349,2026-04-15T15:37:57+01:00,linuxpc,16,4427,True,31.26,0.272461,50000,RocksDB/ReadAndWriteLoad/Sync/real_time/threads:4,iteration,,984748,702.5349763293904,692.629515368398,5693666.699555982,,2600.0,4290.0
0c48349,2026-04-15T15:37:57+01:00,linuxpc,16,4427,True,31.26,0.272461,50000,RocksDB/ReadAndWriteLoad/Sync/real_time/threads:8,iteration,,740144,727.5166548239425,722.0486594500529,10996311.83280056,,5320.0,9840.0
0c48349,2026-04-15T15:37:57+01:00,linuxpc,16,4427,True,31.26,0.272461,50000,RocksDB/ReadAndWriteLoad/Sync/real_time/threads:16,iteration,,680016,1043.957926126684,977.7267064304367,15326288.157381551,,14960.0,24110.0
0c48349,2026-04-15T15:37:57+01:00,linuxpc,16,4427,True,31.26,0.272461,50000,RocksDB/ReadAndWriteLoad/Sync/real_time/threads:32,iteration,,565952,1271.1730046167968,959.1498554647712,25173599.41076361,,29270.0,47040.0
0c48349,2026-04-15T15:37:57+01:00,linuxpc,16,4427,True,31.26,0.272461,50000,ByteCaskDB/PutMT/Sync/real_time/threads:2,iteration,,232,3096811.995231386,241562.86206896266,645.8254498754501,,4015239.0,7270599.0
0c48349,2026-04-15T15:37:57+01:00,linuxpc,16,4427,True,31.26,0.272461,50000,ByteCaskDB/PutMT/Sync/real_time/threads:4,iteration,,108,5210270.138276327,248031.54629630415,767.7145126535203,,7911818.0,14725121.0
0c48349,2026-04-15T15:37:57+01:00,linuxpc,16,4427,True,31.26,0.272461,50000,ByteCaskDB/PutMT/Sync/real_time/threads:8,iteration,,72,9283408.99958534,252300.05555554002,861.7524015539265,,16431292.0,17348862.0
0c48349,2026-04-15T15:37:57+01:00,linuxpc,16,4427,True,31.26,0.272461,50000,ByteCaskDB/PutMT/Sync/real_time/threads:16,iteration,,16,72874434.61245857,286443.7500000062,219.55573425834373,,1165966514.0,1165966514.0
0c48349,2026-04-15T15:37:57+01:00,linuxpc,16,4427,True,31.26,0.272461,50000,RocksDB/PutMT/Sync/real_time/threads:2,iteration,,262,2747934.851048955,272994.9427480895,727.8192928178593,,4380464.0,9111443.0
0c48349,2026-04-15T15:37:57+01:00,linuxpc,16,4427,True,31.26,0.272461,50000,RocksDB/PutMT/Sync/real_time/threads:4,iteration,,140,4673427.513833823,132177.20714284945,855.9028653294806,,11209958.0,92536860.0
0c48349,2026-04-15T15:37:57+01:00,linuxpc,16,4427,True,31.26,0.272461,50000,RocksDB/PutMT/Sync/real_time/threads:8,iteration,,32,19687075.135152556,117774.71875000086,406.3579757317774,,111208380.0,186244674.0
0c48349,2026-04-15T15:37:57+01:00,linuxpc,16,4427,True,31.26,0.272461,50000,RocksDB/PutMT/Sync/real_time/threads:16,iteration,,64,9164456.592770875,83526.10937501412,1745.875474233917,,111198231.0,172627235.0
0c48349,2026-04-15T15:39:03+01:00,linuxpc,16,4427,True,31.26,0.42041,10000000,ByteCaskDB/Recovery/threads:1/real_time,iteration,,1,2643474129.0286183,2623941244.9999976,,,,
0c48349,2026-04-15T15:39:03+01:00,linuxpc,16,4427,True,31.26,0.42041,10000000,ByteCaskDB/Recovery/threads:2/real_time,iteration,,1,1887594806.9617152,229420482.99998417,,,,
0c48349,2026-04-15T15:39:03+01:00,linuxpc,16,4427,True,31.26,0.42041,10000000,ByteCaskDB/Recovery/threads:4/real_time,iteration,,1,1074458508.0537944,233248293.99999204,,,,
0c48349,2026-04-15T15:39:03+01:00,linuxpc,16,4427,True,31.26,0.42041,10000000,ByteCaskDB/Recovery/threads:8/real_time,iteration,,1,677907973.062247,235677944.00000253,,,,
0c48349,2026-04-15T15:39:03+01:00,linuxpc,16,4427,True,31.26,0.42041,10000000,ByteCaskDB/Recovery/threads:16/real_time,iteration,,1,572699155.8913141,243027417.0000075,,,,
5e7d1e1,2026-04-15T17:28:53+01:00,linuxpc,16,4427,True,31.26,0.376953,100000,ByteCaskDB/GetMT/real_time/threads:2,iteration,,748206,932.5015822599016,928.1053800691252,2144768.478733338,,1730.0,2600.0
5e7d1e1,2026-04-15T17:28:53+01:00,linuxpc,16,4427,True,31.26,0.376953,100000,ByteCaskDB/GetMT/real_time/threads:4,iteration,,546580,1273.3087853786428,1267.9608529401005,3141421.8184401537,,4890.0,7370.0
5e7d1e1,2026-04-15T17:28:53+01:00,linuxpc,16,4427,True,31.26,0.376953,100000,ByteCaskDB/GetMT/real_time/threads:8,iteration,,430576,1659.192405305213,1646.5395586377315,4821622.841582606,,12601.0,20341.0
5e7d1e1,2026-04-15T17:28:53+01:00,linuxpc,16,4427,True,31.26,0.376953,100000,ByteCaskDB/GetMT/real_time/threads:16,iteration,,311376,2299.9270235423855,2025.4853264220753,6956742.468879094,,31450.0,51792.0
5e7d1e1,2026-04-15T17:28:53+01:00,linuxpc,16,4427,True,31.26,0.376953,100000,ByteCaskDB/GetMT/real_time/threads:32,iteration,,419776,3363.9154988341566,1962.6529220346085,9512724.08926156,,60150.0,98731.0
5e7d1e1,2026-04-15T17:28:53+01:00,linuxpc,16,4427,True,31.26,0.376953,100000,RocksDB/GetMT/real_time/threads:2,iteration,,1085254,634.3158956653784,631.4622715051041,3153003.1229976662,,1170.0,1920.0
5e7d1e1,2026-04-15T17:28:53+01:00,linuxpc,16,4427,True,31.26,0.376953,100000,RocksDB/GetMT/real_time/threads:4,iteration,,1008864,699.877615937788,696.7689797633774,5715284.942554241,,2600.0,4272.0
5e7d1e1,2026-04-15T17:28:53+01:00,linuxpc,16,4427,True,31.26,0.376953,100000,RocksDB/GetMT/real_time/threads:8,iteration,,762616,730.3095359946144,721.8400007343147,10954259.263648713,,5340.0,9340.0
5e7d1e1,2026-04-15T17:28:53+01:00,linuxpc,16,4427,True,31.26,0.376953,100000,RocksDB/GetMT/real_time/threads:16,iteration,,680096,1047.0161052197118,879.9739713216952,15281522.337846436,,13270.0,21880.0
5e7d1e1,2026-04-15T17:28:53+01:00,linuxpc,16,4427,True,31.26,0.376953,100000,RocksDB/GetMT/real_time/threads:32,iteration,,320000,1594.6479063131846,943.205043750001,20067125.71051737,,28730.0,47100.0
5e7d1e1,2026-04-15T17:29:06+01:00,linuxpc,16,4427,True,31.26,0.318848,1000000,ByteCaskDB/GetMT/real_time/threads:2,iteration,,747142,939.5607823618627,931.1458611616005,2128654.1941144145,,1650.0,3560.0
5e7d1e1,2026-04-15T17:29:06+01:00,linuxpc,16,4427,True,31.26,0.318848,1000000,ByteCaskDB/GetMT/real_time/threads:4,iteration,,489480,1099.933245392586,1092.2974462695106,3636584.326144563,,4070.0,7140.0
5e7d1e1,2026-04-15T17:29:06+01:00,linuxpc,16,4427,True,31.26,0.318848,1000000,ByteCaskDB/GetMT/real_time/threads:8,iteration,,433584,1561.946368141513,1551.4679439278202,5121814.783896087,,11770.0,20280.0
5e7d1e1,2026-04-15T17:29:06+01:00,linuxpc,16,4427,True,31.26,0.318848,1000000,ByteCaskDB/GetMT/real_time/threads:16,iteration,,314208,2268.581184559187,1901.4972534117524,7052866.394600287,,28300.0,53161.0
5e7d1e1,2026-04-15T17:29:06+01:00,linuxpc,16,4427,True,31.26,0.318848,1000000,ByteCaskDB/GetMT/real_time/threads:32,iteration,,399872,2921.8558005020423,1950.176661531691,10951943.6224408,,59471.0,99931.0
5e7d1e1,2026-04-15T17:29:06+01:00,linuxpc,16,4427,True,31.26,0.318848,1000000,RocksDB/GetMT/real_time/threads:2,iteration,,332144,2103.6932472871054,2091.9615016378475,950708.9508316735,,3700.0,10240.0
5e7d1e1,2026-04-15T17:29:06+01:00,linuxpc,16,4427,True,31.26,0.318848,1000000,RocksDB/GetMT/real_time/threads:4,iteration,,341256,1905.448633415066,1889.8679232013521,2099243.1545273126,,6710.0,24350.0
5e7d1e1,2026-04-15T17:29:06+01:00,linuxpc,16,4427,True,31.26,0.318848,1000000,RocksDB/GetMT/real_time/threads:8,iteration,,330424,1928.18147005121,1902.5682274895275,4148987.0762981297,,12860.0,53671.0
5e7d1e1,2026-04-15T17:29:06+01:00,linuxpc,16,4427,True,31.26,0.318848,1000000,RocksDB/GetMT/real_time/threads:16,iteration,,160000,3482.218006683979,2368.850468750006,4594772.63321499,,34722.0,98582.0
5e7d1e1,2026-04-15T17:29:06+01:00,linuxpc,16,4427,True,31.26,0.318848,1000000,RocksDB/GetMT/real_time/threads:32,iteration,,348352,3689.088519374222,2202.2969525078083,8674229.374530744,,69212.0,88114.0
5e7d1e1,2026-04-15T17:29:32+01:00,linuxpc,16,4427,True,31.26,0.584961,1000000,ByteCaskDB/PutMT/Sync/real_time/threads:2,iteration,,266,2831357.402142305,193233.41353383448,706.3749700008657,,3749927.0,4345114.0
5e7d1e1,2026-04-15T17:29:32+01:00,linuxpc,16,4427,True,31.26,0.584961,1000000,ByteCaskDB/PutMT/Sync/real_time/threads:4,iteration,,136,5805980.315712718,260654.94852941192,688.9448090574479,,8038270.0,82965212.0
5e7d1e1,2026-04-15T17:29:32+01:00,linuxpc,16,4427,True,31.26,0.584961,1000000,ByteCaskDB/PutMT/Sync/real_time/threads:8,iteration,,72,10203698.12775041,290137.29166666715,784.0294665561362,,16155871.0,23148790.0
5e7d1e1,2026-04-15T17:29:32+01:00,linuxpc,16,4427,True,31.26,0.584961,1000000,ByteCaskDB/PutMT/Sync/real_time/threads:16,iteration,,16,73124313.9525759,344010.7499999973,218.80547160246388,,1169969303.0,1169969303.0
5e7d1e1,2026-04-15T17:29:32+01:00,linuxpc,16,4427,True,31.26,0.584961,1000000,RocksDB/PutMT/Sync/real_time/threads:2,iteration,,200,2618554.3701285496,182677.96500000003,763.7802074362949,,4021671.0,8323894.0
5e7d1e1,2026-04-15T17:29:32+01:00,linuxpc,16,4427,True,31.26,0.584961,1000000,RocksDB/PutMT/Sync/real_time/threads:4,iteration,,144,5167619.34058094,136912.95833333273,774.0508223174045,,12470036.0,90176782.0
5e7d1e1,2026-04-15T17:29:32+01:00,linuxpc,16,4427,True,31.26,0.584961,1000000,RocksDB/PutMT/Sync/real_time/threads:8,iteration,,192,3595473.7559222854,96917.0572916664,2225.0197173106326,,26044772.0,36928664.0
5e7d1e1,2026-04-15T17:29:32+01:00,linuxpc,16,4427,True,31.26,0.584961,1000000,RocksDB/PutMT/Sync/real_time/threads:16,iteration,,64,14686033.124235108,72378.92187500001,1089.4705101540703,,188780318.0,284214183.0
0b118c2,2026-04-15T18:14:58+01:00,linuxpc,16,4427,True,31.26,0.491211,50000,ByteCaskDB/Put/NoSync/real_time,iteration,,117000,5953.524359223297,5924.970452991453,167967.73468320217,,5510.0,10560.0
0b118c2,2026-04-15T18:14:58+01:00,linuxpc,16,4427,True,31.26,0.491211,50000,ByteCaskDB/Put/Sync/real_time,iteration,,365,2029189.5506750434,239273.3150684933,492.8075840265063,,1977964.0,3610654.0
0b118c2,2026-04-15T18:14:58+01:00,linuxpc,16,4427,True,31.26,0.491211,50000,ByteCaskDB/Del/Sync/real_time,iteration,,380,1501964.502906623,161696.65263157868,665.794696255994,,1982424.0,2352349.0
0b118c2,2026-04-15T18:14:58+01:00,linuxpc,16,4427,True,31.26,0.491211,50000,ByteCaskDB/Get/real_time,iteration,,797791,873.070465836557,868.5629694995303,1145382.9205433286,,800.0,1240.0
0b118c2,2026-04-15T18:14:58+01:00,linuxpc,16,4427,True,31.26,0.491211,50000,ByteCaskDB/Range50/real_time,iteration,,19227,35946.107713967045,35820.59816924117,,27819.42367605616,35761.0,40071.0
0b118c2,2026-04-15T18:14:58+01:00,linuxpc,16,4427,True,31.26,0.491211,50000,ByteCaskDB/MixedBatch/Sync/real_time,iteration,,292,2351769.47939031,471839.61301369965,42521.174322716666,,2322469.0,2617462.0
0b118c2,2026-04-15T18:14:58+01:00,linuxpc,16,4427,True,31.26,0.491211,50000,RocksDB/Put/NoSync/real_time,iteration,,117070,6054.838404296159,6023.4381652003085,165157.17401978202,,5510.0,11860.0
0b118c2,2026-04-15T18:14:58+01:00,linuxpc,16,4427,True,31.26,0.491211,50000,RocksDB/Put/Sync/real_time,iteration,,327,2072347.1742704373,260893.47706421913,482.5446297877413,,2032045.0,2316258.0
0b118c2,2026-04-15T18:14:58+01:00,linuxpc,16,4427,True,31.26,0.491211,50000,RocksDB/Del/Sync/real_time,iteration,,341,2019239.3898565182,219845.74486803566,495.2359809458043,,1986985.0,2332189.0
0b118c2,2026-04-15T18:14:58+01:00,linuxpc,16,4427,True,31.26,0.491211,50000,RocksDB/Get/real_time,iteration,,964339,719.905106957995,716.269280823445,1389071.9628668337,,670.0,1050.0
0b118c2,2026-04-15T18:14:58+01:00,linuxpc,16,4427,True,31.26,0.491211,50000,RocksDB/Range50/real_time,iteration,,114809,5896.798404364664,5875.176144727328,,169583.54880503035,5820.0,6731.0
0b118c2,2026-04-15T18:14:58+01:00,linuxpc,16,4427,True,31.26,0.491211,50000,RocksDB/MixedBatch/Sync/real_time,iteration,,294,2448024.2757316753,545880.1870748334,40849.268118516346,,2415799.0,2707574.0
0b118c2,2026-04-15T18:14:58+01:00,linuxpc,16,4427,True,31.26,0.491211,50000,ByteCaskDB/Recovery/threads:1/real_time,iteration,,49,15197277.154621422,12891228.632653035,,,,
0b118c2,2026-04-15T18:14:58+01:00,linuxpc,16,4427,True,31.26,0.491211,50000,ByteCaskDB/Recovery/threads:2/real_time,iteration,,47,15737123.401003316,3014350.0638296036,,,,
0b118c2,2026-04-15T18:14:58+01:00,linuxpc,16,4427,True,31.26,0.491211,50000,ByteCaskDB/Recovery/threads:4/real_time,iteration,,45,16120653.508955404,3878233.666666691,,,,
0b118c2,2026-04-15T18:14:58+01:00,linuxpc,16,4427,True,31.26,0.491211,50000,ByteCaskDB/Recovery/threads:8/real_time,iteration,,42,17027913.426448192,4862599.095238028,,,,
0b118c2,2026-04-15T18:14:58+01:00,linuxpc,16,4427,True,31.26,0.491211,50000,ByteCaskDB/Recovery/threads:16/real_time,iteration,,41,17727132.832699616,5903890.1951219,,,,
0b118c2,2026-04-15T18:14:58+01:00,linuxpc,16,4427,True,31.26,0.491211,50000,ByteCaskDB/GetMT/real_time/threads:2,iteration,,779906,898.0010115827461,893.8985236682381,2227168.983334392,,1660.0,2491.0
0b118c2,2026-04-15T18:14:58+01:00,linuxpc,16,4427,True,31.26,0.491211,50000,ByteCaskDB/GetMT/real_time/threads:4,iteration,,579164,986.9523174797314,981.7771632905362,4052880.700674931,,3580.0,5890.0
0b118c2,2026-04-15T18:14:58+01:00,linuxpc,16,4427,True,31.26,0.491211,50000,ByteCaskDB/GetMT/real_time/threads:8,iteration,,474720,1460.6223944655424,1452.1563321536892,5477117.173003011,,11040.0,17170.0
0b118c2,2026-04-15T18:14:58+01:00,linuxpc,16,4427,True,31.26,0.491211,50000,ByteCaskDB/GetMT/real_time/threads:16,iteration,,343680,1995.8070847331555,1596.5727246275637,8016806.896012818,,24450.0,39271.0
0b118c2,2026-04-15T18:14:58+01:00,linuxpc,16,4427,True,31.26,0.491211,50000,ByteCaskDB/GetMT/real_time/threads:32,iteration,,320000,2697.4961245286977,1755.9237937499986,11862853.002463901,,54030.0,87290.0
0b118c2,2026-04-15T18:14:58+01:00,linuxpc,16,4427,True,31.26,0.491211,50000,RocksDB/GetMT/real_time/threads:2,iteration,,1027296,697.373489264919,694.1570443182894,2867903.685452886,,1290.0,2140.0
0b118c2,2026-04-15T18:14:58+01:00,linuxpc,16,4427,True,31.26,0.491211,50000,RocksDB/GetMT/real_time/threads:4,iteration,,1024972,689.8420941853647,685.5521877670798,5798428.413858399,,2540.0,4340.0
0b118c2,2026-04-15T18:14:58+01:00,linuxpc,16,4427,True,31.26,0.491211,50000,RocksDB/GetMT/real_time/threads:8,iteration,,784888,698.533016008853,691.218734392678,11452572.486421471,,5110.0,8820.0
0b118c2,2026-04-15T18:14:58+01:00,linuxpc,16,4427,True,31.26,0.491211,50000,RocksDB/GetMT/real_time/threads:16,iteration,,510464,1024.1443354206674,876.5321883619579,15622797.926649662,,13090.0,22661.0
0b118c2,2026-04-15T18:14:58+01:00,linuxpc,16,4427,True,31.26,0.491211,50000,RocksDB/GetMT/real_time/threads:32,iteration,,476608,1439.2535327976561,963.5661633879416,22233747.75241831,,29180.0,48350.0
0b118c2,2026-04-15T18:14:58+01:00,linuxpc,16,4427,True,31.26,0.491211,50000,ByteCaskDB/ReadAndWriteLoad/Sync/real_time/threads:2,iteration,,784224,893.4839166654648,889.5216073468796,2238428.6529343687,,1630.0,2770.0
0b118c2,2026-04-15T18:14:58+01:00,linuxpc,16,4427,True,31.26,0.491211,50000,ByteCaskDB/ReadAndWriteLoad/Sync/real_time/threads:4,iteration,,551900,1022.8001176862074,1016.9636093495203,3910832.5574393324,,3760.0,6421.0
0b118c2,2026-04-15T18:14:58+01:00,linuxpc,16,4427,True,31.26,0.491211,50000,ByteCaskDB/ReadAndWriteLoad/Sync/real_time/threads:8,iteration,,496128,1557.7658912519053,1544.5669585268324,5135559.871304388,,11760.0,19400.0
0b118c2,2026-04-15T18:14:58+01:00,linuxpc,16,4427,True,31.26,0.491211,50000,ByteCaskDB/ReadAndWriteLoad/Sync/real_time/threads:16,iteration,,324768,2135.8395348093477,1857.379824982754,7491199.474134753,,28461.0,50070.0
0b118c2,2026-04-15T18:14:58+01:00,linuxpc,16,4427,True,31.26,0.491211,50000,ByteCaskDB/ReadAndWriteLoad/Sync/real_time/threads:32,iteration,,364672,2929.6845519704502,2127.32870908652,10922677.657728512,,65970.0,103862.0
0b118c2,2026-04-15T18:14:58+01:00,linuxpc,16,4427,True,31.26,0.491211,50000,ByteCaskDB/ReadAndWriteLoad/Sync/BoundedStaleness/real_time/threads:2,iteration,,819854,838.6927293514792,834.2936437463255,2384663.572255484,,1530.0,2420.0
0b118c2,2026-04-15T18:14:58+01:00,linuxpc,16,4427,True,31.26,0.491211,50000,ByteCaskDB/ReadAndWriteLoad/Sync/BoundedStaleness/real_time/threads:4,iteration,,719060,1190.3399646677385,1181.462544154868,3360384.5277231587,,4490.0,6910.0
0b118c2,2026-04-15T18:14:58+01:00,linuxpc,16,4427,True,31.26,0.491211,50000,ByteCaskDB/ReadAndWriteLoad/Sync/BoundedStaleness/real_time/threads:8,iteration,,454408,1546.956941427723,1525.1020162497132,5171443.228805458,,11680.0,18650.0
0b118c2,2026-04-15T18:14:58+01:00,linuxpc,16,4427,True,31.26,0.491211,50000,ByteCaskDB/ReadAndWriteLoad/Sync/BoundedStaleness/real_time/threads:16,iteration,,374688,2138.503321552325,1958.0030825646932,7481868.201348272,,30370.0,48770.0
0b118c2,2026-04-15T18:14:58+01:00,linuxpc,16,4427,True,31.26,0.491211,50000,ByteCaskDB/ReadAndWriteLoad/Sync/BoundedStaleness/real_time/threads:32,iteration,,354368,2931.2059786116265,1953.5137060908442,10917008.300848542,,60710.0,94381.0
0b118c2,2026-04-15T18:14:58+01:00,linuxpc,16,4427,True,31.26,0.491211,50000,RocksDB/ReadAndWriteLoad/Sync/real_time/threads:2,iteration,,1091394,634.0492828659529,630.4342803790396,3154328.9363247002,,1170.0,1911.0
0b118c2,2026-04-15T18:14:58+01:00,linuxpc,16,4427,True,31.26,0.491211,50000,RocksDB/ReadAndWriteLoad/Sync/real_time/threads:4,iteration,,1011560,694.6120090853203,684.967801217924,5758610.487122565,,2540.0,4230.0
0b118c2,2026-04-15T18:14:58+01:00,linuxpc,16,4427,True,31.26,0.491211,50000,RocksDB/ReadAndWriteLoad/Sync/real_time/threads:8,iteration,,840272,762.7567299538813,750.4077810518512,10488271.929745812,,5430.0,10620.0
0b118c2,2026-04-15T18:14:58+01:00,linuxpc,16,4427,True,31.26,0.491211,50000,RocksDB/ReadAndWriteLoad/Sync/real_time/threads:16,iteration,,695728,1041.4843165411512,881.0102166363846,15362689.332794966,,13210.0,21901.0
0b118c2,2026-04-15T18:14:58+01:00,linuxpc,16,4427,True,31.26,0.491211,50000,RocksDB/ReadAndWriteLoad/Sync/real_time/threads:32,iteration,,550816,1218.9694195671846,975.9135065067074,26251683.99332129,,29591.0,47210.0
0b118c2,2026-04-15T18:14:58+01:00,linuxpc,16,4427,True,31.26,0.491211,50000,ByteCaskDB/PutMT/Sync/real_time/threads:2,iteration,,160,4025525.625183946,211394.9937500059,496.8295289161426,,8012890.0,8689588.0
0b118c2,2026-04-15T18:14:58+01:00,linuxpc,16,4427,True,31.26,0.491211,50000,ByteCaskDB/PutMT/Sync/real_time/threads:4,iteration,,176,4114888.022410345,107901.88636363792,972.0799152286414,,15851726.0,29204824.0
0b118c2,2026-04-15T18:14:58+01:00,linuxpc,16,4427,True,31.26,0.491211,50000,ByteCaskDB/PutMT/Sync/real_time/threads:8,iteration,,176,4043890.6580675393,61424.892045453475,1978.292856173063,,31999956.0,33417676.0
0b118c2,2026-04-15T18:14:58+01:00,linuxpc,16,4427,True,31.26,0.491211,50000,ByteCaskDB/PutMT/Sync/real_time/threads:16,iteration,,176,3616775.3000468523,47836.27840907733,4423.8302555850605,,49835359.0,62638785.0
0b118c2,2026-04-15T18:14:58+01:00,linuxpc,16,4427,True,31.26,0.491211,50000,RocksDB/PutMT/Sync/real_time/threads:2,iteration,,270,3118132.114738088,212449.21851852434,641.4096409022724,,4235382.0,44722624.0
0b118c2,2026-04-15T18:14:58+01:00,linuxpc,16,4427,True,31.26,0.491211,50000,RocksDB/PutMT/Sync/real_time/threads:4,iteration,,224,3483062.164637626,126503.3392857147,1148.41476003807,,10610162.0,66004516.0
0b118c2,2026-04-15T18:14:58+01:00,linuxpc,16,4427,True,31.26,0.491211,50000,RocksDB/PutMT/Sync/real_time/threads:8,iteration,,64,10701733.610403609,95603.14062500301,747.5424348278359,,77601592.0,106043274.0
0b118c2,2026-04-15T18:14:58+01:00,linuxpc,16,4427,True,31.26,0.491211,50000,RocksDB/PutMT/Sync/real_time/threads:16,iteration,,64,14774864.912396878,94239.71874999368,1082.9202226123346,,237457604.0,255294351.0
0b118c2,2026-04-15T18:16:01+01:00,linuxpc,16,4427,True,31.26,1.24902,10000,ByteCaskDB/PutMT/Sync/real_time/threads:2,iteration,,162,3477056.9634727305,137975.21604938273,575.1990896354164,,6892076.0,7513954.0
0b118c2,2026-04-15T18:16:01+01:00,linuxpc,16,4427,True,31.26,1.24902,10000,ByteCaskDB/PutMT/Sync/real_time/threads:4,iteration,,196,3532872.1783209443,91732.92857142857,1132.223244459715,,14057306.0,15199198.0
0b118c2,2026-04-15T18:16:01+01:00,linuxpc,16,4427,True,31.26,1.24902,10000,ByteCaskDB/PutMT/Sync/real_time/threads:8,iteration,,192,4076654.769960442,54960.43750000001,1962.3932982869749,,28492264.0,52880180.0
0b118c2,2026-04-15T18:16:01+01:00,linuxpc,16,4427,True,31.26,1.24902,10000,ByteCaskDB/PutMT/Sync/real_time/threads:16,iteration,,192,3081758.781869818,44791.51562500004,5191.840482171743,,39674619.0,61921357.0
0b118c2,2026-04-15T18:16:01+01:00,linuxpc,16,4427,True,31.26,1.24902,10000,RocksDB/PutMT/Sync/real_time/threads:2,iteration,,212,2680188.0141544454,218722.68867924533,746.2163062582632,,4224472.0,8601596.0
0b118c2,2026-04-15T18:16:01+01:00,linuxpc,16,4427,True,31.26,1.24902,10000,RocksDB/PutMT/Sync/real_time/threads:4,iteration,,156,3279883.7301715347,120708.57051282052,1219.555426067132,,8594425.0,34790672.0
0b118c2,2026-04-15T18:16:01+01:00,linuxpc,16,4427,True,31.26,1.24902,10000,RocksDB/PutMT/Sync/real_time/threads:8,iteration,,32,17780014.939489774,92258.12500000019,449.9433789693752,,104194392.0,178218147.0
0b118c2,2026-04-15T18:16:01+01:00,linuxpc,16,4427,True,31.26,1.24902,10000,RocksDB/PutMT/Sync/real_time/threads:16,iteration,,64,13546092.828619294,69713.35937500006,1181.1523959289761,,194680430.0,221120353.0
0b118c2,2026-04-15T18:17:38+01:00,linuxpc,16,4427,True,31.26,1.06396,10000,ByteCaskDB/PutMT/Sync/real_time/threads:2,iteration,,208,4156523.076884556,174126.28365384616,481.17139325473505,,7812856.0,13589618.0
0b118c2,2026-04-15T18:17:38+01:00,linuxpc,16,4427,True,31.26,1.06396,10000,ByteCaskDB/PutMT/Sync/real_time/threads:4,iteration,,164,4433074.44007454,113929.79268292683,902.3083311754049,,16713808.0,21042290.0
0b118c2,2026-04-15T18:17:38+01:00,linuxpc,16,4427,True,31.26,1.06396,10000,ByteCaskDB/PutMT/Sync/real_time/threads:8,iteration,,168,4290253.202530689,71596.03571428571,1864.6918077658088,,34094634.0,36438854.0
0b118c2,2026-04-15T18:17:38+01:00,linuxpc,16,4427,True,31.26,1.06396,10000,ByteCaskDB/PutMT/Sync/real_time/threads:16,iteration,,160,3931639.5501373336,59952.50624999999,4069.549050965548,,57967931.0,67926859.0
0b118c2,2026-04-15T18:17:38+01:00,linuxpc,16,4427,True,31.26,1.06396,10000,ByteCaskDB/PutMT/Sync/real_time/threads:32,iteration,,160,3246383.916120976,33761.19375,9857.121285345698,,94063805.0,107911316.0
0b118c2,2026-04-15T18:17:38+01:00,linuxpc,16,4427,True,31.26,1.06396,10000,ByteCaskDB/PutMT/Sync/real_time/threads:64,iteration,,192,3212500.4023934403,22484.744791666675,19922.176492901748,,162291021.0,162291021.0
0b118c2,2026-04-15T18:17:38+01:00,linuxpc,16,4427,True,31.26,1.06396,10000,RocksDB/PutMT/Sync/real_time/threads:2,iteration,,274,2711291.29194471,194866.25547445257,737.6558933162336,,4281563.0,12502264.0
0b118c2,2026-04-15T18:17:38+01:00,linuxpc,16,4427,True,31.26,1.06396,10000,RocksDB/PutMT/Sync/real_time/threads:4,iteration,,140,4525268.414623236,121017.37857142862,883.9254677300795,,11024105.0,86517931.0
0b118c2,2026-04-15T18:17:38+01:00,linuxpc,16,4427,True,31.26,1.06396,10000,RocksDB/PutMT/Sync/real_time/threads:8,iteration,,88,7387390.295414001,97687.51136363643,1082.926402977016,,69467082.0,88422988.0
0b118c2,2026-04-15T18:17:38+01:00,linuxpc,16,4427,True,31.26,1.06396,10000,RocksDB/PutMT/Sync/real_time/threads:16,iteration,,64,14129326.391412178,77787.96875000016,1132.3965174818823,,211792492.0,242254819.0
0b118c2,2026-04-15T18:17:38+01:00,linuxpc,16,4427,True,31.26,1.06396,10000,RocksDB/PutMT/Sync/real_time/threads:32,iteration,,64,14738682.850293117,50384.85937499989,2171.157377157593,,360010907.0,360010907.0
0b118c2,2026-04-15T18:17:38+01:00,linuxpc,16,4427,True,31.26,1.06396,10000,RocksDB/PutMT/Sync/real_time/threads:64,iteration,,64,11489307.933516102,46986.09375000003,5570.39643904939,,735254667.0,735254667.0
0b118c2,2026-04-15T21:39:47+01:00,linuxpc,16,4427,True,31.26,0.37793,10000,ByteCaskDB/PutMT/PeriodicSync/real_time/threads:2,iteration,,32908,19555.44986410384,11120.975112434668,102273.28002672124,,27560.0,51180.0
0b118c2,2026-04-15T21:39:47+01:00,linuxpc,16,4427,True,31.26,0.37793,10000,ByteCaskDB/PutMT/PeriodicSync/real_time/threads:4,iteration,,32552,33283.435951035564,14720.459142295404,120179.89987225301,,79630.0,136940.0
0b118c2,2026-04-15T21:39:47+01:00,linuxpc,16,4427,True,31.26,0.37793,10000,ByteCaskDB/PutMT/PeriodicSync/real_time/threads:8,iteration,,17976,51746.12522918547,14729.856197151757,154600.9476954595,,264942.0,560381.0
0b118c2,2026-04-15T21:39:47+01:00,linuxpc,16,4427,True,31.26,0.37793,10000,ByteCaskDB/PutMT/PeriodicSync/real_time/threads:16,iteration,,11360,65868.26655646446,13138.306866197188,242909.0795380849,,872720.0,1899734.0
0b118c2,2026-04-15T21:39:47+01:00,linuxpc,16,4427,True,31.26,0.37793,10000,ByteCaskDB/PutMT/PeriodicSync/real_time/threads:32,iteration,,7168,102848.71630769236,10572.928152901779,311136.6009106584,,2738572.0,6111759.0
0b118c2,2026-04-15T21:39:47+01:00,linuxpc,16,4427,True,31.26,0.37793,10000,ByteCaskDB/PutMT/PeriodicSync/real_time/threads:64,iteration,,3904,193976.19788102678,10740.971567622957,329937.3876750266,,11666815.0,20712490.0
0b118c2,2026-04-15T21:39:47+01:00,linuxpc,16,4427,True,31.26,0.37793,10000,RocksDB/PutMT/PeriodicSync/real_time/threads:2,iteration,,57692,13066.293212184093,10587.308604312557,153065.59921179744,,19150.0,44430.0
0b118c2,2026-04-15T21:39:47+01:00,linuxpc,16,4427,True,31.26,0.37793,10000,RocksDB/PutMT/PeriodicSync/real_time/threads:4,iteration,,46820,23028.90298856261,15251.566574113627,173694.76965475146,,59481.0,114400.0
0b118c2,2026-04-15T21:39:47+01:00,linuxpc,16,4427,True,31.26,0.37793,10000,RocksDB/PutMT/PeriodicSync/real_time/threads:8,iteration,,29792,54330.240501061875,24558.630773361976,147247.64562460646,,197410.0,340520.0
0b118c2,2026-04-15T21:39:47+01:00,linuxpc,16,4427,True,31.26,0.37793,10000,RocksDB/PutMT/PeriodicSync/real_time/threads:16,iteration,,10672,68341.662479471,48698.70427286357,234117.80485741337,,1112843.0,1747254.0
0b118c2,2026-04-15T21:39:47+01:00,linuxpc,16,4427,True,31.26,0.37793,10000,RocksDB/PutMT/PeriodicSync/real_time/threads:32,iteration,,5056,140362.8445091905,26410.312499999993,227980.56075234886,,4418365.0,6726207.0
0b118c2,2026-04-15T21:39:47+01:00,linuxpc,16,4427,True,31.26,0.37793,10000,RocksDB/PutMT/PeriodicSync/real_time/threads:64,iteration,,2432,238608.17255856664,27489.218749999978,268222.16235821147,,15102405.0,21477582.0
0b118c2,2026-04-15T21:46:24+01:00,linuxpc,16,4427,True,31.26,0.00146484,10000,ByteCaskDB/PutMT/Sync/real_time/threads:2,iteration,,204,3581964.857670862,144583.33823529413,558.3527699097754,,6941534.0,7489222.0
0b118c2,2026-04-15T21:46:24+01:00,linuxpc,16,4427,True,31.26,0.00146484,10000,ByteCaskDB/PutMT/Sync/real_time/threads:4,iteration,,200,3536705.419537611,89281.66000000002,1130.9960897232318,,14068882.0,14796272.0
0b118c2,2026-04-15T21:46:24+01:00,linuxpc,16,4427,True,31.26,0.00146484,10000,ByteCaskDB/PutMT/Sync/real_time/threads:8,iteration,,176,3529075.3538984885,51410.75000000001,2266.882737758088,,28127914.0,28725382.0
0b118c2,2026-04-15T21:46:24+01:00,linuxpc,16,4427,True,31.26,0.00146484,10000,ByteCaskDB/PutMT/Sync/real_time/threads:16,iteration,,192,3158169.480229845,40884.32291666667,5066.225894512652,,46589261.0,58310546.0
0b118c2,2026-04-15T21:46:24+01:00,linuxpc,16,4427,True,31.26,0.00146484,10000,ByteCaskDB/PutMT/Sync/real_time/threads:32,iteration,,256,2866994.621399499,31233.16796875002,11161.513789090917,,76438738.0,99719269.0
0b118c2,2026-04-15T21:46:24+01:00,linuxpc,16,4427,True,31.26,0.00146484,10000,ByteCaskDB/PutMT/Sync/real_time/threads:64,iteration,,192,2977031.2891438757,17859.791666666657,21497.92655300069,,144447630.0,144447630.0
0b118c2,2026-04-15T21:46:24+01:00,linuxpc,16,4427,True,31.26,0.00146484,10000,RocksDB/PutMT/Sync/real_time/threads:2,iteration,,278,2655708.827346349,281014.50000000006,753.0946086429401,,6176056.0,6928615.0
0b118c2,2026-04-15T21:46:24+01:00,linuxpc,16,4427,True,31.26,0.00146484,10000,RocksDB/PutMT/Sync/real_time/threads:4,iteration,,260,3476164.992361401,171042.08846153846,1150.6933671991073,,11721664.0,42378739.0
0b118c2,2026-04-15T21:46:24+01:00,linuxpc,16,4427,True,31.26,0.00146484,10000,RocksDB/PutMT/Sync/real_time/threads:8,iteration,,192,6407204.599478669,86793.20833333327,1248.59443393628,,21850849.0,187016323.0
0b118c2,2026-04-15T21:46:24+01:00,linuxpc,16,4427,True,31.26,0.00146484,10000,RocksDB/PutMT/Sync/real_time/threads:16,iteration,,48,11617499.561301276,81853.9791666667,1377.2326752046667,,200489555.0,200489555.0
0b118c2,2026-04-15T21:46:24+01:00,linuxpc,16,4427,True,31.26,0.00146484,10000,RocksDB/PutMT/Sync/real_time/threads:32,iteration,,160,12986501.150589902,50261.83125000004,2464.09711352826,,373458887.0,580686109.0
0b118c2,2026-04-15T21:46:24+01:00,linuxpc,16,4427,True,31.26,0.00146484,10000,RocksDB/PutMT/Sync/real_time/threads:64,iteration,,64,11799528.114352142,48742.812500000015,5423.945718825379,,755112039.0,755112039.0
0b118c2,2026-04-15T21:46:24+01:00,linuxpc,16,4427,True,31.26,0.00146484,10000,ByteCaskDB/PutMT/PeriodicSync/real_time/threads:2,iteration,,34550,22533.847930182077,12111.741505065123,88755.36953105903,,31910.0,55990.0
0b118c2,2026-04-15T21:46:24+01:00,linuxpc,16,4427,True,31.26,0.00146484,10000,ByteCaskDB/PutMT/PeriodicSync/real_time/threads:4,iteration,,30080,37267.382109309845,14602.86213430851,107332.46537863875,,79682.0,131231.0
0b118c2,2026-04-15T21:46:24+01:00,linuxpc,16,4427,True,31.26,0.00146484,10000,ByteCaskDB/PutMT/PeriodicSync/real_time/threads:8,iteration,,17752,54578.84745869396,14873.090637674633,146576.93176929967,,276773.0,460355.0
0b118c2,2026-04-15T21:46:24+01:00,linuxpc,16,4427,True,31.26,0.00146484,10000,ByteCaskDB/PutMT/PeriodicSync/real_time/threads:16,iteration,,11904,65355.67129220154,13538.121471774193,244814.2553454144,,857327.0,1823584.0
0b118c2,2026-04-15T21:46:24+01:00,linuxpc,16,4427,True,31.26,0.00146484,10000,ByteCaskDB/PutMT/PeriodicSync/real_time/threads:32,iteration,,6912,106800.25693714184,10918.565682870378,299624.74733402435,,2902130.0,6423636.0
0b118c2,2026-04-15T21:46:24+01:00,linuxpc,16,4427,True,31.26,0.00146484,10000,ByteCaskDB/PutMT/PeriodicSync/real_time/threads:64,iteration,,4032,182010.461468876,10193.860615079355,351628.13985252206,,10592858.0,20465054.0
0b118c2,2026-04-15T21:46:24+01:00,linuxpc,16,4427,True,31.26,0.00146484,10000,RocksDB/PutMT/PeriodicSync/real_time/threads:2,iteration,,52060,12323.137187934579,10048.533250096045,162296.33489418373,,17180.0,42701.0
0b118c2,2026-04-15T21:46:24+01:00,linuxpc,16,4427,True,31.26,0.00146484,10000,RocksDB/PutMT/PeriodicSync/real_time/threads:4,iteration,,45068,29459.23355749892,15859.74238927842,135780.85771283723,,61271.0,122113.0
0b118c2,2026-04-15T21:46:24+01:00,linuxpc,16,4427,True,31.26,0.00146484,10000,RocksDB/PutMT/PeriodicSync/real_time/threads:8,iteration,,29968,38597.529902405346,24260.32391217299,207267.14948412933,,196062.0,325663.0
0b118c2,2026-04-15T21:46:24+01:00,linuxpc,16,4427,True,31.26,0.00146484,10000,RocksDB/PutMT/PeriodicSync/real_time/threads:16,iteration,,9584,73950.49936945809,30629.173622704508,216360.9459898803,,1185725.0,2224408.0
0b118c2,2026-04-15T21:46:24+01:00,linuxpc,16,4427,True,31.26,0.00146484,10000,RocksDB/PutMT/PeriodicSync/real_time/threads:32,iteration,,5152,134780.72273840706,25414.268827639735,237422.6769959388,,4263622.0,6456397.0
0b118c2,2026-04-15T21:46:24+01:00,linuxpc,16,4427,True,31.26,0.00146484,10000,RocksDB/PutMT/PeriodicSync/real_time/threads:64,iteration,,2688,227782.1744255128,27652.604910714286,280970.18636956014,,14454793.0,19374247.0
80d7711,2026-04-16T11:44:04+01:00,linuxpc,16,4427,True,31.26,0.521484,50000,ByteCaskDB/CasMT/real_time/threads:2,iteration,,49242,16015.639718190647,12181.588928150766,,,29312.0,51871.0
80d7711,2026-04-16T11:44:04+01:00,linuxpc,16,4427,True,31.26,0.521484,50000,ByteCaskDB/CasMT/real_time/threads:2,iteration,,49242,14829.292067726696,11314.512367491167,,,27490.0,47340.0
80d7711,2026-04-16T11:44:04+01:00,linuxpc,16,4427,True,31.26,0.521484,50000,ByteCaskDB/CasMT/real_time/threads:2,iteration,,49242,15174.83258179554,11620.876182933269,,,27480.0,48500.0
80d7711,2026-04-16T11:44:04+01:00,linuxpc,16,4427,True,31.26,0.521484,50000,ByteCaskDB/CasMT/real_time/threads:2,iteration,,49242,16163.32098624908,12314.429694163518,,,32171.0,49910.0
80d7711,2026-04-16T11:44:04+01:00,linuxpc,16,4427,True,31.26,0.521484,50000,ByteCaskDB/CasMT/real_time/threads:2,iteration,,49242,16667.377807600613,12735.856423378422,,,31380.0,49400.0
80d7711,2026-04-16T11:44:04+01:00,linuxpc,16,4427,True,31.26,0.521484,50000,ByteCaskDB/CasMT/real_time/threads:2_mean,aggregate,mean,5,15770.092632312513,12033.452719223429,,,29566.600000000002,49404.200000000004
80d7711,2026-04-16T11:44:04+01:00,linuxpc,16,4427,True,31.26,0.521484,50000,ByteCaskDB/CasMT/real_time/threads:2_median,aggregate,median,5,16015.639718190641,12181.588928150766,,,29312.0,49400.0
80d7711,2026-04-16T11:44:04+01:00,linuxpc,16,4427,True,31.26,0.521484,50000,ByteCaskDB/CasMT/real_time/threads:2_stddev,aggregate,stddev,5,751.5788091712742,565.9854212120424,,,2168.0813637868328,1689.6340432176219
80d7711,2026-04-16T11:44:04+01:00,linuxpc,16,4427,True,31.26,0.521484,50000,ByteCaskDB/CasMT/real_time/threads:2_cv,aggregate,cv,5,0.04765849045371544,0.04703433290662133,,,0.07332873457843758,0.034200210573546816
80d7711,2026-04-16T11:44:04+01:00,linuxpc,16,4427,True,31.26,0.521484,50000,ByteCaskDB/CasMT/real_time/threads:4,iteration,,30424,24660.513607691726,14337.588778595848,,,86002.0,204794.0
80d7711,2026-04-16T11:44:04+01:00,linuxpc,16,4427,True,31.26,0.521484,50000,ByteCaskDB/CasMT/real_time/threads:4,iteration,,30424,25388.243064592076,14680.586116224033,,,86570.0,241523.0
80d7711,2026-04-16T11:44:04+01:00,linuxpc,16,4427,True,31.26,0.521484,50000,ByteCaskDB/CasMT/real_time/threads:4,iteration,,30424,22632.480739140643,13184.809130949247,,,78781.0,201093.0
80d7711,2026-04-16T11:44:04+01:00,linuxpc,16,4427,True,31.26,0.521484,50000,ByteCaskDB/CasMT/real_time/threads:4,iteration,,30424,20017.691427888265,11534.433933736525,,,76620.0,151133.0
80d7711,2026-04-16T11:44:04+01:00,linuxpc,16,4427,True,31.26,0.521484,50000,ByteCaskDB/CasMT/real_time/threads:4,iteration,,30424,22713.31527750425,13265.415362871421,,,77441.0,171382.0
80d7711,2026-04-16T11:44:04+01:00,linuxpc,16,4427,True,31.26,0.521484,50000,ByteCaskDB/CasMT/real_time/threads:4_mean,aggregate,mean,5,23082.448823363397,13400.566664475415,,,81082.8,193985.0
80d7711,2026-04-16T11:44:04+01:00,linuxpc,16,4427,True,31.26,0.521484,50000,ByteCaskDB/CasMT/real_time/threads:4_median,aggregate,median,5,22713.31527750425,13265.415362871421,,,78781.0,201093.0
80d7711,2026-04-16T11:44:04+01:00,linuxpc,16,4427,True,31.26,0.521484,50000,ByteCaskDB/CasMT/real_time/threads:4_stddev,aggregate,stddev,5,2093.9462917561646,1231.2319841868762,,,4816.260655321798,34548.5495426364
80d7711,2026-04-16T11:44:04+01:00,linuxpc,16,4427,True,31.26,0.521484,50000,ByteCaskDB/CasMT/real_time/threads:4_cv,aggregate,cv,5,0.09071595079793839,0.09187909847505502,,,0.05939928881737925,0.1780990774680331
80d7711,2026-04-16T11:44:04+01:00,linuxpc,16,4427,True,31.26,0.521484,50000,ByteCaskDB/CasMT/real_time/threads:8,iteration,,22736,35332.47677677281,16806.3989268121,,,234763.0,512346.0
80d7711,2026-04-16T11:44:04+01:00,linuxpc,16,4427,True,31.26,0.521484,50000,ByteCaskDB/CasMT/real_time/threads:8,iteration,,22736,32609.911813702234,14040.374692118226,,,213054.0,588908.0
80d7711,2026-04-16T11:44:04+01:00,linuxpc,16,4427,True,31.26,0.521484,50000,ByteCaskDB/CasMT/real_time/threads:8,iteration,,22736,37430.92720776795,16778.652049612952,,,252533.0,594488.0
80d7711,2026-04-16T11:44:04+01:00,linuxpc,16,4427,True,31.26,0.521484,50000,ByteCaskDB/CasMT/real_time/threads:8,iteration,,22736,33156.745470181224,16000.062236101325,,,224161.0,514688.0
80d7711,2026-04-16T11:44:04+01:00,linuxpc,16,4427,True,31.26,0.521484,50000,ByteCaskDB/CasMT/real_time/threads:8,iteration,,22736,34379.687455674815,16062.29402709359,,,234583.0,526546.0
80d7711,2026-04-16T11:44:04+01:00,linuxpc,16,4427,True,31.26,0.521484,50000,ByteCaskDB/CasMT/real_time/threads:8_mean,aggregate,mean,5,34581.94974481981,15937.556386347638,,,231818.80000000002,547395.2000000001
80d7711,2026-04-16T11:44:04+01:00,linuxpc,16,4427,True,31.26,0.521484,50000,ByteCaskDB/CasMT/real_time/threads:8_median,aggregate,median,5,34379.68745567481,16062.294027093589,,,234583.0,526546.0
80d7711,2026-04-16T11:44:04+01:00,linuxpc,16,4427,True,31.26,0.521484,50000,ByteCaskDB/CasMT/real_time/threads:8_stddev,aggregate,stddev,5,1913.1789167445454,1127.064119302449,,,14629.993308268846,40847.09557850912
80d7711,2026-04-16T11:44:04+01:00,linuxpc,16,4427,True,31.26,0.521484,50000,ByteCaskDB/CasMT/real_time/threads:8_cv,aggregate,cv,5,0.05532304947702175,0.07071749846594486,,,0.06310960676299267,0.07462085085603438
80d7711,2026-04-16T11:44:04+01:00,linuxpc,16,4427,True,31.26,0.521484,50000,ByteCaskDB/CasMT/real_time/threads:16,iteration,,11616,58670.48829107564,17724.04950068869,,,799682.0,2303159.0
80d7711,2026-04-16T11:44:04+01:00,linuxpc,16,4427,True,31.26,0.521484,50000,ByteCaskDB/CasMT/real_time/threads:16,iteration,,11616,57846.64755476576,17597.652289944905,,,799519.0,2346328.0
80d7711,2026-04-16T11:44:04+01:00,linuxpc,16,4427,True,31.26,0.521484,50000,ByteCaskDB/CasMT/real_time/threads:16,iteration,,11616,57303.17983631493,17567.63584710745,,,794761.0,2267228.0
80d7711,2026-04-16T11:44:04+01:00,linuxpc,16,4427,True,31.26,0.521484,50000,ByteCaskDB/CasMT/real_time/threads:16,iteration,,11616,55784.60718111862,17236.76893939395,,,777440.0,2151324.0
80d7711,2026-04-16T11:44:04+01:00,linuxpc,16,4427,True,31.26,0.521484,50000,ByteCaskDB/CasMT/real_time/threads:16,iteration,,11616,57149.75180830247,16675.594955234148,,,776979.0,2491421.0
80d7711,2026-04-16T11:44:04+01:00,linuxpc,16,4427,True,31.26,0.521484,50000,ByteCaskDB/CasMT/real_time/threads:16_mean,aggregate,mean,5,57350.93493431549,17360.34030647383,,,789676.2000000001,2311892.0
80d7711,2026-04-16T11:44:04+01:00,linuxpc,16,4427,True,31.26,0.521484,50000,ByteCaskDB/CasMT/real_time/threads:16_median,aggregate,median,5,57303.17983631494,17567.635847107453,,,794761.0,2303159.0
80d7711,2026-04-16T11:44:04+01:00,linuxpc,16,4427,True,31.26,0.521484,50000,ByteCaskDB/CasMT/real_time/threads:16_stddev,aggregate,stddev,5,1058.6654208746477,423.00084971191126,,,11552.006479393576,123763.60606616245
80d7711,2026-04-16T11:44:04+01:00,linuxpc,16,4427,True,31.26,0.521484,50000,ByteCaskDB/CasMT/real_time/threads:16_cv,aggregate,cv,5,0.018459427419747317,0.02436593075045714,,,0.014628788963620248,0.053533472180431634
80d7711,2026-04-16T11:44:04+01:00,linuxpc,16,4427,True,31.26,0.521484,50000,ByteCaskDB/CasMT/real_time/threads:32,iteration,,7072,105400.27488577134,15084.762726244333,,,2540672.0,10077002.0
80d7711,2026-04-16T11:44:04+01:00,linuxpc,16,4427,True,31.26,0.521484,50000,ByteCaskDB/CasMT/real_time/threads:32,iteration,,7072,102828.40143976732,16589.101809954733,,,2365028.0,10855959.0
80d7711,2026-04-16T11:44:04+01:00,linuxpc,16,4427,True,31.26,0.521484,50000,ByteCaskDB/CasMT/real_time/threads:32,iteration,,7072,98446.29807978548,15012.178167420852,,,2365909.0,9377650.0
80d7711,2026-04-16T11:44:04+01:00,linuxpc,16,4427,True,31.26,0.521484,50000,ByteCaskDB/CasMT/real_time/threads:32,iteration,,7072,96675.13051364571,15098.622878959273,,,2318039.0,9434612.0
80d7711,2026-04-16T11:44:04+01:00,linuxpc,16,4427,True,31.26,0.521484,50000,ByteCaskDB/CasMT/real_time/threads:32,iteration,,7072,113249.28450284465,20296.14932126698,,,2416481.0,10768306.0
80d7711,2026-04-16T11:44:04+01:00,linuxpc,16,4427,True,31.26,0.521484,50000,ByteCaskDB/CasMT/real_time/threads:32_mean,aggregate,mean,5,103319.87788436291,16416.162980769237,,,2401225.8000000003,10102705.8
80d7711,2026-04-16T11:44:04+01:00,linuxpc,16,4427,True,31.26,0.521484,50000,ByteCaskDB/CasMT/real_time/threads:32_median,aggregate,median,5,102828.4014397673,15098.622878959275,,,2365909.0,10077002.0
80d7711,2026-04-16T11:44:04+01:00,linuxpc,16,4427,True,31.26,0.521484,50000,ByteCaskDB/CasMT/real_time/threads:32_stddev,aggregate,stddev,5,6539.632334971918,2267.372584889182,,,85375.00307875978,704118.231122572
80d7711,2026-04-16T11:44:04+01:00,linuxpc,16,4427,True,31.26,0.521484,50000,ByteCaskDB/CasMT/real_time/threads:32_cv,aggregate,cv,5,0.06329500642936461,0.13811830374401754,,,0.035554758356652574,0.06969600472009904
80d7711,2026-04-16T11:44:04+01:00,linuxpc,16,4427,True,31.26,0.521484,50000,RocksDB/CasMT/real_time/threads:2,iteration,,69650,10269.242225387665,10173.4415936827,,,19640.0,37360.0
80d7711,2026-04-16T11:44:04+01:00,linuxpc,16,4427,True,31.26,0.521484,50000,RocksDB/CasMT/real_time/threads:2,iteration,,69650,10424.138076092957,10302.421909547744,,,19780.0,37890.0
80d7711,2026-04-16T11:44:04+01:00,linuxpc,16,4427,True,31.26,0.521484,50000,RocksDB/CasMT/real_time/threads:2,iteration,,69650,10476.12554183944,10382.524221105527,,,19880.0,38220.0
80d7711,2026-04-16T11:44:04+01:00,linuxpc,16,4427,True,31.26,0.521484,50000,RocksDB/CasMT/real_time/threads:2,iteration,,69650,10439.717430079507,10342.395061019382,,,19960.0,38341.0
80d7711,2026-04-16T11:44:04+01:00,linuxpc,16,4427,True,31.26,0.521484,50000,RocksDB/CasMT/real_time/threads:2,iteration,,69650,10555.089461484795,10458.546877243361,,,19880.0,38360.0
80d7711,2026-04-16T11:44:04+01:00,linuxpc,16,4427,True,31.26,0.521484,50000,RocksDB/CasMT/real_time/threads:2_mean,aggregate,mean,5,10432.862546976872,10331.865932519742,,,19828.0,38034.200000000004
80d7711,2026-04-16T11:44:04+01:00,linuxpc,16,4427,True,31.26,0.521484,50000,RocksDB/CasMT/real_time/threads:2_median,aggregate,median,5,10439.717430079509,10342.395061019382,,,19880.0,38220.0
80d7711,2026-04-16T11:44:04+01:00,linuxpc,16,4427,True,31.26,0.521484,50000,RocksDB/CasMT/real_time/threads:2_stddev,aggregate,stddev,5,104.52968574304482,105.70052995396927,,,122.96340919151518,421.3468879671837
80d7711,2026-04-16T11:44:04+01:00,linuxpc,16,4427,True,31.26,0.521484,50000,RocksDB/CasMT/real_time/threads:2_cv,aggregate,cv,5,0.010019271822318253,0.010230536346902729,,,0.00620150338871874,0.011078105704002809
80d7711,2026-04-16T11:44:04+01:00,linuxpc,16,4427,True,31.26,0.521484,50000,RocksDB/CasMT/real_time/threads:4,iteration,,41312,13803.050033891808,13544.887054608827,,,51810.0,116883.0
80d7711,2026-04-16T11:44:04+01:00,linuxpc,16,4427,True,31.26,0.521484,50000,RocksDB/CasMT/real_time/threads:4,iteration,,41312,14728.965579023356,14460.705799767622,,,55420.0,122331.0
80d7711,2026-04-16T11:44:04+01:00,linuxpc,16,4427,True,31.26,0.521484,50000,RocksDB/CasMT/real_time/threads:4,iteration,,41312,15015.15777492512,14636.742302478693,,,55531.0,127910.0
80d7711,2026-04-16T11:44:04+01:00,linuxpc,16,4427,True,31.26,0.521484,50000,RocksDB/CasMT/real_time/threads:4,iteration,,41312,15524.425396853168,15203.882479666916,,,58670.0,129142.0
80d7711,2026-04-16T11:44:04+01:00,linuxpc,16,4427,True,31.26,0.521484,50000,RocksDB/CasMT/real_time/threads:4,iteration,,41312,15624.537325713094,15286.994093725794,,,58211.0,130301.0
80d7711,2026-04-16T11:44:04+01:00,linuxpc,16,4427,True,31.26,0.521484,50000,RocksDB/CasMT/real_time/threads:4_mean,aggregate,mean,5,14939.227222081308,14626.642346049572,,,55928.4,125313.40000000001
80d7711,2026-04-16T11:44:04+01:00,linuxpc,16,4427,True,31.26,0.521484,50000,RocksDB/CasMT/real_time/threads:4_median,aggregate,median,5,15015.15777492512,14636.742302478695,,,55531.0,127910.0
80d7711,2026-04-16T11:44:04+01:00,linuxpc,16,4427,True,31.26,0.521484,50000,RocksDB/CasMT/real_time/threads:4_stddev,aggregate,stddev,5,733.651969985605,701.2670781502933,,,2743.3669641519327,5617.8958961517155
80d7711,2026-04-16T11:44:04+01:00,linuxpc,16,4427,True,31.26,0.521484,50000,RocksDB/CasMT/real_time/threads:4_cv,aggregate,cv,5,0.04910909775180417,0.04794450165383956,,,0.049051411521730155,0.0448307674690154
80d7711,2026-04-16T11:44:04+01:00,linuxpc,16,4427,True,31.26,0.521484,50000,RocksDB/CasMT/real_time/threads:8,iteration,,30696,22345.342943732245,21485.36802840763,,,162742.0,432917.0
80d7711,2026-04-16T11:44:04+01:00,linuxpc,16,4427,True,31.26,0.521484,50000,RocksDB/CasMT/real_time/threads:8,iteration,,30696,21498.90943403005,20659.53866953347,,,157101.0,403386.0
80d7711,2026-04-16T11:44:04+01:00,linuxpc,16,4427,True,31.26,0.521484,50000,RocksDB/CasMT/real_time/threads:8,iteration,,30696,21176.014236262632,20349.06147380766,,,156010.0,398356.0
80d7711,2026-04-16T11:44:04+01:00,linuxpc,16,4427,True,31.26,0.521484,50000,RocksDB/CasMT/real_time/threads:8,iteration,,30696,21606.74032525801,20769.85271696637,,,157981.0,402114.0
80d7711,2026-04-16T11:44:04+01:00,linuxpc,16,4427,True,31.26,0.521484,50000,RocksDB/CasMT/real_time/threads:8,iteration,,30696,21600.573202156473,20829.311245764915,,,160034.0,405165.0
80d7711,2026-04-16T11:44:04+01:00,linuxpc,16,4427,True,31.26,0.521484,50000,RocksDB/CasMT/real_time/threads:8_mean,aggregate,mean,5,21645.516028287886,20818.62642689601,,,158773.6,408387.60000000003
80d7711,2026-04-16T11:44:04+01:00,linuxpc,16,4427,True,31.26,0.521484,50000,RocksDB/CasMT/real_time/threads:8_median,aggregate,median,5,21600.57320215647,20769.85271696637,,,157981.0,403386.0
80d7711,2026-04-16T11:44:04+01:00,linuxpc,16,4427,True,31.26,0.521484,50000,RocksDB/CasMT/real_time/threads:8_stddev,aggregate,stddev,5,428.72093211698245,416.18432305648366,,,2664.587078704369,13938.110284395807
80d7711,2026-04-16T11:44:04+01:00,linuxpc,16,4427,True,31.26,0.521484,50000,RocksDB/CasMT/real_time/threads:8_cv,aggregate,cv,5,0.019806454674339932,0.01999095975509732,,,0.016782305614436964,0.03412961187948852
80d7711,2026-04-16T11:44:04+01:00,linuxpc,16,4427,True,31.26,0.521484,50000,RocksDB/CasMT/real_time/threads:16,iteration,,12352,46219.572294868565,39315.68928108809,,,648599.0,2063384.0
80d7711,2026-04-16T11:44:04+01:00,linuxpc,16,4427,True,31.26,0.521484,50000,RocksDB/CasMT/real_time/threads:16,iteration,,12352,64933.584602030176,33915.308209196846,,,1012750.0,2665164.0
80d7711,2026-04-16T11:44:04+01:00,linuxpc,16,4427,True,31.26,0.521484,50000,RocksDB/CasMT/real_time/threads:16,iteration,,12352,63001.31840915863,34318.96842616584,,,985323.0,2680296.0
80d7711,2026-04-16T11:44:04+01:00,linuxpc,16,4427,True,31.26,0.521484,50000,RocksDB/CasMT/real_time/threads:16,iteration,,12352,62370.04056119185,33661.19195272019,,,999833.0,2352640.0
80d7711,2026-04-16T11:44:04+01:00,linuxpc,16,4427,True,31.26,0.521484,50000,RocksDB/CasMT/real_time/threads:16,iteration,,12352,61155.345613162,33454.80748056991,,,987353.0,2510840.0
80d7711,2026-04-16T11:44:04+01:00,linuxpc,16,4427,True,31.26,0.521484,50000,RocksDB/CasMT/real_time/threads:16_mean,aggregate,mean,5,59535.97229608224,34933.19306994817,,,926771.6000000001,2454464.8000000003
80d7711,2026-04-16T11:44:04+01:00,linuxpc,16,4427,True,31.26,0.521484,50000,RocksDB/CasMT/real_time/threads:16_median,aggregate,median,5,62370.04056119184,33915.30820919685,,,987353.0,2510840.0
80d7711,2026-04-16T11:44:04+01:00,linuxpc,16,4427,True,31.26,0.521484,50000,RocksDB/CasMT/real_time/threads:16_stddev,aggregate,stddev,5,7568.415688775714,2470.993997187278,,,155891.48573222302,255873.27379622802
80d7711,2026-04-16T11:44:04+01:00,linuxpc,16,4427,True,31.26,0.521484,50000,RocksDB/CasMT/real_time/threads:16_cv,aggregate,cv,5,0.12712340786401757,0.07073484500084219,,,0.16820917444192615,0.10424809261726956
80d7711,2026-04-16T11:44:04+01:00,linuxpc,16,4427,True,31.26,0.521484,50000,RocksDB/CasMT/real_time/threads:32,iteration,,4992,144705.04887990153,33100.02003205119,,,4062738.0,11463592.0
80d7711,2026-04-16T11:44:04+01:00,linuxpc,16,4427,True,31.26,0.521484,50000,RocksDB/CasMT/real_time/threads:32,iteration,,4992,141368.4306874949,33251.48036858978,,,4031947.0,10909377.0
80d7711,2026-04-16T11:44:04+01:00,linuxpc,16,4427,True,31.26,0.521484,50000,RocksDB/CasMT/real_time/threads:32,iteration,,4992,145840.87339914893,34169.43950320519,,,4017304.0,13113207.0
80d7711,2026-04-16T11:44:04+01:00,linuxpc,16,4427,True,31.26,0.521484,50000,RocksDB/CasMT/real_time/threads:32,iteration,,4992,139015.66786992192,34106.1374198719,,,3930891.0,10900656.0
80d7711,2026-04-16T11:44:04+01:00,linuxpc,16,4427,True,31.26,0.521484,50000,RocksDB/CasMT/real_time/threads:32,iteration,,4992,135293.050883926,33442.13201121798,,,3861201.0,10439477.0
80d7711,2026-04-16T11:44:04+01:00,linuxpc,16,4427,True,31.26,0.521484,50000,RocksDB/CasMT/real_time/threads:32_mean,aggregate,mean,5,141244.61434407864,33613.84186698721,,,3980816.2,11365261.8
80d7711,2026-04-16T11:44:04+01:00,linuxpc,16,4427,True,31.26,0.521484,50000,RocksDB/CasMT/real_time/threads:32_median,aggregate,median,5,141368.4306874949,33442.132011217975,,,4017304.0,10909377.0
80d7711,2026-04-16T11:44:04+01:00,linuxpc,16,4427,True,31.26,0.521484,50000,RocksDB/CasMT/real_time/threads:32_stddev,aggregate,stddev,5,4286.748329730815,493.9247546201118,,,82851.1032497438,1042322.9162081659
80d7711,2026-04-16T11:44:04+01:00,linuxpc,16,4427,True,31.26,0.521484,50000,RocksDB/CasMT/real_time/threads:32_cv,aggregate,cv,5,0.030349817935628267,0.014694088125201921,,,0.020812591962860227,0.09171129838893512
76c60b3,2026-04-16T13:27:01+01:00,linuxpc,16,4427,True,31.26,0.0224609,50000,ByteCaskDB/CasMT/NoSync/real_time/threads:32,iteration,,6624,104215.8414824863,15546.137681159422,,,2374128.0,10853789.0
76c60b3,2026-04-16T13:27:06+01:00,linuxpc,16,4427,True,31.26,0.0205078,50000,ByteCaskDB/CasMT/NoSync/real_time/threads:32,iteration,,6720,99019.48943544473,14510.130357142862,,,2345727.0,9476086.0
76c60b3,2026-04-16T13:27:08+01:00,linuxpc,16,4427,True,31.26,0.0205078,50000,ByteCaskDB/CasMT/NoSync/real_time/threads:32,iteration,,7104,107601.91511823765,15781.8174268018,,,2534279.0,10284360.0
76c60b3,2026-04-16T13:27:57+01:00,linuxpc,16,4427,True,31.26,0.0810547,50000,ByteCaskDB/CasMT/NoSync/real_time/threads:32,iteration,,62368,105683.67074465164,14929.741774628017,,,2458360.0,11759338.0
76c60b3,2026-04-16T13:28:11+01:00,linuxpc,16,4427,True,31.26,0.13623,50000,ByteCaskDB/CasMT/NoSync/real_time/threads:32,iteration,,111488,110657.49776660326,15573.059432405282,,,2459038.0,12219138.0
76c60b3,2026-04-16T13:28:18+01:00,linuxpc,16,4427,True,31.26,0.205566,50000,ByteCaskDB/CasMT/NoSync/real_time/threads:32,iteration,,263968,110074.13642554912,15938.368616650503,,,2459061.0,12282894.0
76c60b3,2026-04-16T13:28:33+01:00,linuxpc,16,4427,True,31.26,0.159668,50000,ByteCaskDB/CasMT/NoSync/real_time/threads:32,iteration,,238656,104507.79078662883,14211.261761698848,,,2344778.0,11593390.0
76c60b3,2026-04-16T13:28:33+01:00,linuxpc,16,4427,True,31.26,0.159668,50000,RocksDB/CasMT/NoSync/real_time/threads:32,iteration,,186304,147155.96113347134,34042.072397801436,,,4135068.0,12934236.0
76c60b3,2026-04-16T13:28:53+01:00,linuxpc,16,4427,True,31.26,0.300781,50000,ByteCaskDB/CasMT/NoSync/real_time/threads:2,iteration,,1747526,15888.255204781888,11964.604309749899,,,30120.0,50102.0
76c60b3,2026-04-16T13:28:53+01:00,linuxpc,16,4427,True,31.26,0.300781,50000,ByteCaskDB/CasMT/NoSync/real_time/threads:4,iteration,,1164212,24265.817695578018,13567.216404744155,,,85370.0,187762.0
76c60b3,2026-04-16T13:28:53+01:00,linuxpc,16,4427,True,31.26,0.300781,50000,ByteCaskDB/CasMT/NoSync/real_time/threads:8,iteration,,728584,39913.8253365545,17267.730818958422,,,267102.0,606147.0
76c60b3,2026-04-16T13:28:53+01:00,linuxpc,16,4427,True,31.26,0.300781,50000,ByteCaskDB/CasMT/NoSync/real_time/threads:16,iteration,,439200,63826.51142992237,17608.690300546445,,,891422.0,2616211.0
76c60b3,2026-04-16T13:28:53+01:00,linuxpc,16,4427,True,31.26,0.300781,50000,ByteCaskDB/CasMT/NoSync/real_time/threads:32,iteration,,249824,121580.70443591832,15395.825933457158,,,2485131.0,12750932.0
76c60b3,2026-04-16T13:28:53+01:00,linuxpc,16,4427,True,31.26,0.300781,50000,RocksDB/CasMT/NoSync/real_time/threads:2,iteration,,2581912,10799.589442633926,10699.493353762637,,,20840.0,39781.0
76c60b3,2026-04-16T13:28:53+01:00,linuxpc,16,4427,True,31.26,0.300781,50000,RocksDB/CasMT/NoSync/real_time/threads:4,iteration,,1847268,14863.3521513908,14554.873999874408,,,55000.0,128930.0
76c60b3,2026-04-16T13:28:53+01:00,linuxpc,16,4427,True,31.26,0.300781,50000,RocksDB/CasMT/NoSync/real_time/threads:8,iteration,,1244968,21675.711119493866,20784.438582357136,,,158821.0,411455.0
76c60b3,2026-04-16T13:28:53+01:00,linuxpc,16,4427,True,31.26,0.300781,50000,RocksDB/CasMT/NoSync/real_time/threads:16,iteration,,487040,59667.84122038054,31627.301012237192,,,963881.0,2410870.0
76c60b3,2026-04-16T13:28:53+01:00,linuxpc,16,4427,True,31.26,0.300781,50000,RocksDB/CasMT/NoSync/real_time/threads:32,iteration,,205056,137371.17227955186,32650.03241553527,,,3929654.0,11330336.0
76c60b3,2026-04-16T13:51:04+01:00,linuxpc,16,4427,True,31.26,0.289062,50000,ByteCaskDB/Put/NoSync/real_time,iteration,,101564,7138.79859006814,7104.7709916899685,140079.59285911932,,6520.0,13070.0
76c60b3,2026-04-16T13:51:04+01:00,linuxpc,16,4427,True,31.26,0.289062,50000,ByteCaskDB/Put/Sync/real_time,iteration,,381,1939086.3963244532,222454.4934383202,515.7067791798779,,1925924.0,2315708.0
76c60b3,2026-04-16T13:51:04+01:00,linuxpc,16,4427,True,31.26,0.289062,50000,ByteCaskDB/Del/Sync/real_time,iteration,,398,1491228.2110605186,160421.12311557797,670.5881719397119,,1902953.0,4926650.0
76c60b3,2026-04-16T13:51:04+01:00,linuxpc,16,4427,True,31.26,0.289062,50000,ByteCaskDB/Get/real_time,iteration,,859104,814.9159775789757,810.9681167821357,1227120.3749997495,,760.0,1040.0
76c60b3,2026-04-16T13:51:04+01:00,linuxpc,16,4427,True,31.26,0.289062,50000,ByteCaskDB/Range50/real_time,iteration,,19114,33592.7795854551,33470.68033901852,,29768.301770210674,33291.0,37831.0
76c60b3,2026-04-16T13:51:04+01:00,linuxpc,16,4427,True,31.26,0.289062,50000,ByteCaskDB/MixedBatch/Sync/real_time,iteration,,315,2268339.9428691096,469831.83809523773,44085.10299100717,,2237607.0,2633222.0
76c60b3,2026-04-16T13:51:04+01:00,linuxpc,16,4427,True,31.26,0.289062,50000,RocksDB/Put/NoSync/real_time,iteration,,121659,5966.7609547448355,5940.679448294,167595.11694611944,,5490.0,11540.0
76c60b3,2026-04-16T13:51:04+01:00,linuxpc,16,4427,True,31.26,0.289062,50000,RocksDB/Put/Sync/real_time,iteration,,334,2039614.0299306647,276161.2904191618,490.2888415775382,,1998795.0,2368239.0
76c60b3,2026-04-16T13:51:04+01:00,linuxpc,16,4427,True,31.26,0.289062,50000,RocksDB/Del/Sync/real_time,iteration,,351,1991118.9487164486,247049.378917378,502.2301659298849,,1967634.0,2293937.0
76c60b3,2026-04-16T13:51:04+01:00,linuxpc,16,4427,True,31.26,0.289062,50000,RocksDB/Get/real_time,iteration,,1017124,680.0591412616862,676.7337502605379,1470460.345764547,,630.0,990.0
76c60b3,2026-04-16T13:51:04+01:00,linuxpc,16,4427,True,31.26,0.289062,50000,RocksDB/Range50/real_time,iteration,,114210,5884.742185480129,5860.846011732774,,169930.97887404074,5870.0,6560.0
76c60b3,2026-04-16T13:51:04+01:00,linuxpc,16,4427,True,31.26,0.289062,50000,RocksDB/MixedBatch/Sync/real_time,iteration,,310,2315176.874183254,480936.1419354844,43193.244159921014,,2265697.0,2761823.0
76c60b3,2026-04-16T13:51:04+01:00,linuxpc,16,4427,True,31.26,0.289062,50000,ByteCaskDB/Recovery/threads:1/real_time,iteration,,51,14447084.273948954,12466431.27450981,,,,
76c60b3,2026-04-16T13:51:04+01:00,linuxpc,16,4427,True,31.26,0.289062,50000,ByteCaskDB/Recovery/threads:2/real_time,iteration,,49,14932690.490018196,2876545.2653062134,,,,
76c60b3,2026-04-16T13:51:04+01:00,linuxpc,16,4427,True,31.26,0.289062,50000,ByteCaskDB/Recovery/threads:4/real_time,iteration,,45,15485629.867503626,3748264.8444445096,,,,
76c60b3,2026-04-16T13:51:04+01:00,linuxpc,16,4427,True,31.26,0.289062,50000,ByteCaskDB/Recovery/threads:8/real_time,iteration,,44,16657750.045520846,4742229.522727293,,,,
76c60b3,2026-04-16T13:51:04+01:00,linuxpc,16,4427,True,31.26,0.289062,50000,ByteCaskDB/Recovery/threads:16/real_time,iteration,,42,17301374.476075925,5732622.095238081,,,,
76c60b3,2026-04-16T13:51:04+01:00,linuxpc,16,4427,True,31.26,0.289062,50000,ByteCaskDB/GetMT/real_time/threads:2,iteration,,770820,835.7307490703344,831.8347577904038,2393115.2494087326,,1580.0,1990.0
76c60b3,2026-04-16T13:51:04+01:00,linuxpc,16,4427,True,31.26,0.289062,50000,ByteCaskDB/GetMT/real_time/threads:4,iteration,,665356,929.4646640395899,925.574747954479,4303552.523035586,,3390.0,5830.0
76c60b3,2026-04-16T13:51:04+01:00,linuxpc,16,4427,True,31.26,0.289062,50000,ByteCaskDB/GetMT/real_time/threads:8,iteration,,494720,1475.8513684459288,1469.4604928040096,5420600.048922269,,11331.0,17470.0
76c60b3,2026-04-16T13:51:04+01:00,linuxpc,16,4427,True,31.26,0.289062,50000,ByteCaskDB/GetMT/real_time/threads:16,iteration,,355952,1941.047728400553,1794.172615970696,8242970.930541824,,28250.0,43140.0
76c60b3,2026-04-16T13:51:04+01:00,linuxpc,16,4427,True,31.26,0.289062,50000,ByteCaskDB/GetMT/real_time/threads:32,iteration,,320000,2800.894750066618,1542.1531812499998,11424920.554133244,,47051.0,75161.0
76c60b3,2026-04-16T13:51:04+01:00,linuxpc,16,4427,True,31.26,0.289062,50000,RocksDB/GetMT/real_time/threads:2,iteration,,1029814,676.3291439136722,673.35262872713,2957140.052292769,,1250.0,2060.0
76c60b3,2026-04-16T13:51:04+01:00,linuxpc,16,4427,True,31.26,0.289062,50000,RocksDB/GetMT/real_time/threads:4,iteration,,1038260,725.1208743523374,721.3171363627607,5516321.680261536,,2680.0,4490.0
76c60b3,2026-04-16T13:51:04+01:00,linuxpc,16,4427,True,31.26,0.289062,50000,RocksDB/GetMT/real_time/threads:8,iteration,,991792,742.4406911768746,738.8174718086044,10775271.47295612,,5390.0,9920.0
76c60b3,2026-04-16T13:51:04+01:00,linuxpc,16,4427,True,31.26,0.289062,50000,RocksDB/GetMT/real_time/threads:16,iteration,,573792,1284.0410427561735,920.8194241118753,12460660.887954373,,13890.0,23130.0
76c60b3,2026-04-16T13:51:04+01:00,linuxpc,16,4427,True,31.26,0.289062,50000,RocksDB/GetMT/real_time/threads:32,iteration,,320000,1740.629471896682,994.4193031249976,18384153.84586767,,30260.0,48230.0
76c60b3,2026-04-16T13:51:04+01:00,linuxpc,16,4427,True,31.26,0.289062,50000,ByteCaskDB/ReadAndWriteLoad/Sync/real_time/threads:2,iteration,,773470,871.482706503506,866.635764800186,2294939.4004893587,,1620.0,2320.0
76c60b3,2026-04-16T13:51:04+01:00,linuxpc,16,4427,True,31.26,0.289062,50000,ByteCaskDB/ReadAndWriteLoad/Sync/real_time/threads:4,iteration,,602628,1066.0397326459313,1057.574112055861,3752205.361119067,,3981.0,6480.0
76c60b3,2026-04-16T13:51:04+01:00,linuxpc,16,4427,True,31.26,0.289062,50000,ByteCaskDB/ReadAndWriteLoad/Sync/real_time/threads:8,iteration,,512888,1450.6038706179313,1443.5890857263184,5514944.611716873,,10991.0,17810.0
76c60b3,2026-04-16T13:51:04+01:00,linuxpc,16,4427,True,31.26,0.289062,50000,ByteCaskDB/ReadAndWriteLoad/Sync/real_time/threads:16,iteration,,354496,1966.9892523396636,1718.072031842389,8134258.985385188,,26640.0,42481.0
76c60b3,2026-04-16T13:51:04+01:00,linuxpc,16,4427,True,31.26,0.289062,50000,ByteCaskDB/ReadAndWriteLoad/Sync/real_time/threads:32,iteration,,444768,2647.5120804944636,1858.5865844665125,12086819.257883616,,57810.0,85520.0
76c60b3,2026-04-16T13:51:04+01:00,linuxpc,16,4427,True,31.26,0.289062,50000,ByteCaskDB/ReadAndWriteLoad/Sync/BoundedStaleness/real_time/threads:2,iteration,,798508,867.4878335571586,862.2906232623837,2305507.838419984,,1620.0,2460.0
76c60b3,2026-04-16T13:51:04+01:00,linuxpc,16,4427,True,31.26,0.289062,50000,ByteCaskDB/ReadAndWriteLoad/Sync/BoundedStaleness/real_time/threads:4,iteration,,713704,947.946191983707,939.3313432459405,4219648.787901615,,3540.0,5430.0
76c60b3,2026-04-16T13:51:04+01:00,linuxpc,16,4427,True,31.26,0.289062,50000,ByteCaskDB/ReadAndWriteLoad/Sync/BoundedStaleness/real_time/threads:8,iteration,,482040,1419.3269106623484,1412.1664197991886,5636474.542899135,,10880.0,16790.0
76c60b3,2026-04-16T13:51:04+01:00,linuxpc,16,4427,True,31.26,0.289062,50000,ByteCaskDB/ReadAndWriteLoad/Sync/BoundedStaleness/real_time/threads:16,iteration,,420704,1815.3364075609963,1611.8762312694898,8813793.373701394,,25130.0,37991.0
76c60b3,2026-04-16T13:51:04+01:00,linuxpc,16,4427,True,31.26,0.289062,50000,ByteCaskDB/ReadAndWriteLoad/Sync/BoundedStaleness/real_time/threads:32,iteration,,320000,2286.473556250712,1603.9527749999995,13995351.01226913,,49921.0,80182.0
76c60b3,2026-04-16T13:51:04+01:00,linuxpc,16,4427,True,31.26,0.289062,50000,RocksDB/ReadAndWriteLoad/Sync/real_time/threads:2,iteration,,1045444,684.0381971758443,680.3452762653953,2923813.3312690784,,1260.0,2140.0
76c60b3,2026-04-16T13:51:04+01:00,linuxpc,16,4427,True,31.26,0.289062,50000,RocksDB/ReadAndWriteLoad/Sync/real_time/threads:4,iteration,,1000736,710.7012358967595,706.3240734819179,5628244.0468150005,,2640.0,4270.0
76c60b3,2026-04-16T13:51:04+01:00,linuxpc,16,4427,True,31.26,0.289062,50000,RocksDB/ReadAndWriteLoad/Sync/real_time/threads:8,iteration,,839008,711.8334568873257,704.2583789427513,11238583.860587351,,5140.0,9590.0
76c60b3,2026-04-16T13:51:04+01:00,linuxpc,16,4427,True,31.26,0.289062,50000,RocksDB/ReadAndWriteLoad/Sync/real_time/threads:16,iteration,,688480,1012.6978590401735,943.058469381827,15799381.678524202,,14290.0,23360.0
76c60b3,2026-04-16T13:51:04+01:00,linuxpc,16,4427,True,31.26,0.289062,50000,RocksDB/ReadAndWriteLoad/Sync/real_time/threads:32,iteration,,598496,1323.6892561082252,963.2922291878291,24174858.149172492,,29180.0,46371.0
76c60b3,2026-04-16T13:51:04+01:00,linuxpc,16,4427,True,31.26,0.289062,50000,ByteCaskDB/PutMT/Sync/real_time/threads:2,iteration,,172,4179191.3604250764,287651.9941860522,478.5614793663276,,8175530.0,8993098.0
76c60b3,2026-04-16T13:51:04+01:00,linuxpc,16,4427,True,31.26,0.289062,50000,ByteCaskDB/PutMT/Sync/real_time/threads:4,iteration,,168,4078492.7143163043,153297.89880952533,980.7544797025677,,16365750.0,17343032.0
76c60b3,2026-04-16T13:51:04+01:00,linuxpc,16,4427,True,31.26,0.289062,50000,ByteCaskDB/PutMT/Sync/real_time/threads:8,iteration,,176,4323826.295397091,79876.31249999878,1850.2130875415514,,32705407.0,57048846.0
76c60b3,2026-04-16T13:51:04+01:00,linuxpc,16,4427,True,31.26,0.289062,50000,ByteCaskDB/PutMT/Sync/real_time/threads:16,iteration,,224,3925541.1204846622,68306.88839285552,4075.8712006625415,,58439544.0,66520956.0
76c60b3,2026-04-16T13:51:04+01:00,linuxpc,16,4427,True,31.26,0.289062,50000,ByteCaskDB/PutMT/Sync/real_time/threads:32,iteration,,224,2911009.250023458,37010.276785716305,10992.751053519369,,82573957.0,91628471.0
76c60b3,2026-04-16T13:51:04+01:00,linuxpc,16,4427,True,31.26,0.289062,50000,ByteCaskDB/PutMT/Sync/real_time/threads:64,iteration,,192,3139595.1874249782,23768.182291664518,20384.79363719859,,164425555.0,164425555.0
76c60b3,2026-04-16T13:51:04+01:00,linuxpc,16,4427,True,31.26,0.289062,50000,RocksDB/PutMT/Sync/real_time/threads:2,iteration,,290,2466648.800001512,198731.38965517402,810.81668375278,,3903038.0,8162229.0
76c60b3,2026-04-16T13:51:04+01:00,linuxpc,16,4427,True,31.26,0.289062,50000,RocksDB/PutMT/Sync/real_time/threads:4,iteration,,228,2662995.3333707694,106920.33771929743,1502.0679720594462,,9940024.0,16513341.0
76c60b3,2026-04-16T13:51:04+01:00,linuxpc,16,4427,True,31.26,0.289062,50000,RocksDB/PutMT/Sync/real_time/threads:8,iteration,,72,8429341.90263299,73364.88888887205,949.0657862034424,,74796962.0,95800215.0
76c60b3,2026-04-16T13:51:04+01:00,linuxpc,16,4427,True,31.26,0.289062,50000,RocksDB/PutMT/Sync/real_time/threads:16,iteration,,64,14564422.23434351,72885.34375000228,1098.567436631392,,194338531.0,284068061.0
76c60b3,2026-04-16T13:51:04+01:00,linuxpc,16,4427,True,31.26,0.289062,50000,RocksDB/PutMT/Sync/real_time/threads:32,iteration,,64,14738880.718482506,46540.78124999756,2171.1282295589863,,357732563.0,357732563.0
76c60b3,2026-04-16T13:51:04+01:00,linuxpc,16,4427,True,31.26,0.289062,50000,RocksDB/PutMT/Sync/real_time/threads:64,iteration,,64,11424219.593550334,39758.4374999859,5602.133211456465,,731097394.0,731097394.0
76c60b3,2026-04-16T13:51:04+01:00,linuxpc,16,4427,True,31.26,0.289062,50000,ByteCaskDB/PutMT/PeriodicSync/real_time/threads:2,iteration,,40870,18066.5043308415,10587.59875214094,110702.10171127466,,26630.0,48320.0
76c60b3,2026-04-16T13:51:04+01:00,linuxpc,16,4427,True,31.26,0.289062,50000,ByteCaskDB/PutMT/PeriodicSync/real_time/threads:4,iteration,,26984,35156.835976766175,13419.921842573392,113775.88138601123,,77810.0,141432.0
76c60b3,2026-04-16T13:51:04+01:00,linuxpc,16,4427,True,31.26,0.289062,50000,ByteCaskDB/PutMT/PeriodicSync/real_time/threads:8,iteration,,19480,55142.3665291897,14664.698613963026,145079.0109953875,,279485.0,423855.0
76c60b3,2026-04-16T13:51:04+01:00,linuxpc,16,4427,True,31.26,0.289062,50000,ByteCaskDB/PutMT/PeriodicSync/real_time/threads:16,iteration,,11488,63256.40015664421,13759.8155466573,252938.8324403317,,887112.0,1692901.0
76c60b3,2026-04-16T13:51:04+01:00,linuxpc,16,4427,True,31.26,0.289062,50000,ByteCaskDB/PutMT/PeriodicSync/real_time/threads:32,iteration,,7424,101890.24595774754,10394.727640086292,314063.42873359984,,2743663.0,6257104.0
76c60b3,2026-04-16T13:51:04+01:00,linuxpc,16,4427,True,31.26,0.289062,50000,ByteCaskDB/PutMT/PeriodicSync/real_time/threads:64,iteration,,3904,180932.60526249473,10473.161629098677,353722.8677338151,,10629817.0,18895739.0
76c60b3,2026-04-16T13:51:04+01:00,linuxpc,16,4427,True,31.26,0.289062,50000,RocksDB/PutMT/PeriodicSync/real_time/threads:2,iteration,,59894,12264.259959279378,10102.689701806543,163075.47350109462,,19190.0,42460.0
76c60b3,2026-04-16T13:51:04+01:00,linuxpc,16,4427,True,31.26,0.289062,50000,RocksDB/PutMT/PeriodicSync/real_time/threads:4,iteration,,46868,25416.908060931713,15470.04111547322,157375.55450925967,,60301.0,116532.0
76c60b3,2026-04-16T13:51:04+01:00,linuxpc,16,4427,True,31.26,0.289062,50000,RocksDB/PutMT/PeriodicSync/real_time/threads:8,iteration,,30272,53589.058635142545,22913.14961020079,149284.20471924046,,185683.0,302062.0
76c60b3,2026-04-16T13:51:04+01:00,linuxpc,16,4427,True,31.26,0.289062,50000,RocksDB/PutMT/PeriodicSync/real_time/threads:16,iteration,,11888,59166.8252856974,39791.25773889628,270421.8102414857,,925868.0,1822776.0
76c60b3,2026-04-16T13:51:04+01:00,linuxpc,16,4427,True,31.26,0.289062,50000,RocksDB/PutMT/PeriodicSync/real_time/threads:32,iteration,,4448,152435.39770616728,24707.334307553963,209924.9943355206,,4131134.0,7859449.0
76c60b3,2026-04-16T13:51:04+01:00,linuxpc,16,4427,True,31.26,0.289062,50000,RocksDB/PutMT/PeriodicSync/real_time/threads:64,iteration,,2816,236277.97122571792,25901.97301136359,270867.40108691884,,14831736.0,20939534.0
76c60b3,2026-04-16T13:51:04+01:00,linuxpc,16,4427,True,31.26,0.289062,50000,ByteCaskDB/CasMT/NoSync/real_time/threads:2,iteration,,41436,17009.807486358462,13092.825441644944,,,30250.0,52871.0
76c60b3,2026-04-16T13:51:04+01:00,linuxpc,16,4427,True,31.26,0.289062,50000,ByteCaskDB/CasMT/NoSync/real_time/threads:4,iteration,,25120,27836.358558951863,16136.072093949098,,,100960.0,211183.0
76c60b3,2026-04-16T13:51:04+01:00,linuxpc,16,4427,True,31.26,0.289062,50000,ByteCaskDB/CasMT/NoSync/real_time/threads:8,iteration,,17312,37483.069777971854,17587.719963031348,,,252113.0,574057.0
76c60b3,2026-04-16T13:51:04+01:00,linuxpc,16,4427,True,31.26,0.289062,50000,ByteCaskDB/CasMT/NoSync/real_time/threads:16,iteration,,10224,68963.1511143863,19807.8601330201,,,976891.0,2788484.0
76c60b3,2026-04-16T13:51:04+01:00,linuxpc,16,4427,True,31.26,0.289062,50000,ByteCaskDB/CasMT/NoSync/real_time/threads:32,iteration,,6592,110564.94281326451,15668.40685679586,,,2637431.0,10358731.0
76c60b3,2026-04-16T13:51:04+01:00,linuxpc,16,4427,True,31.26,0.289062,50000,ByteCaskDB/CasMT/Sync/real_time/threads:2,iteration,,118,4265335.5847474905,233561.99999999325,,,7811274.0,8382262.0
76c60b3,2026-04-16T13:51:04+01:00,linuxpc,16,4427,True,31.26,0.289062,50000,ByteCaskDB/CasMT/Sync/real_time/threads:4,iteration,,140,5101160.421431164,114333.43571429458,,,15370236.0,79249186.0
76c60b3,2026-04-16T13:51:04+01:00,linuxpc,16,4427,True,31.26,0.289062,50000,ByteCaskDB/CasMT/Sync/real_time/threads:8,iteration,,176,4885929.795488086,66142.51704546761,,,31228644.0,40723638.0
76c60b3,2026-04-16T13:51:04+01:00,linuxpc,16,4427,True,31.26,0.289062,50000,ByteCaskDB/CasMT/Sync/real_time/threads:16,iteration,,48,22803150.87470323,58016.27083331841,,,373287772.0,373287772.0
76c60b3,2026-04-16T13:51:04+01:00,linuxpc,16,4427,True,31.26,0.289062,50000,ByteCaskDB/CasMT/Sync/real_time/threads:32,iteration,,32,24600233.21850713,69151.24999997942,,,787157302.0,787157302.0
76c60b3,2026-04-16T13:51:04+01:00,linuxpc,16,4427,True,31.26,0.289062,50000,RocksDB/CasMT/NoSync/real_time/threads:2,iteration,,51192,11344.854879646333,11240.52113611501,,,21830.0,42100.0
76c60b3,2026-04-16T13:51:04+01:00,linuxpc,16,4427,True,31.26,0.289062,50000,RocksDB/CasMT/NoSync/real_time/threads:4,iteration,,39752,16564.41560178899,16247.278702958309,,,62693.0,137833.0
76c60b3,2026-04-16T13:51:04+01:00,linuxpc,16,4427,True,31.26,0.289062,50000,RocksDB/CasMT/NoSync/real_time/threads:8,iteration,,26808,23944.92394043191,22760.481199641876,,,175001.0,425347.0
76c60b3,2026-04-16T13:51:04+01:00,linuxpc,16,4427,True,31.26,0.289062,50000,RocksDB/CasMT/NoSync/real_time/threads:16,iteration,,11808,51781.22264537841,43847.233062330546,,,756208.0,2001103.0
76c60b3,2026-04-16T13:51:04+01:00,linuxpc,16,4427,True,31.26,0.289062,50000,RocksDB/CasMT/NoSync/real_time/threads:32,iteration,,4384,146594.7107683123,36030.487226277495,,,4160891.0,11115418.0
76c60b3,2026-04-16T13:51:04+01:00,linuxpc,16,4427,True,31.26,0.289062,50000,RocksDB/CasMT/Sync/real_time/threads:2,iteration,,204,4004545.725490293,161379.98039216062,,,6681551.0,43774883.0
76c60b3,2026-04-16T13:51:04+01:00,linuxpc,16,4427,True,31.26,0.289062,50000,RocksDB/CasMT/Sync/real_time/threads:4,iteration,,196,4260589.887758679,115377.47448979951,,,13799808.0,84554149.0
76c60b3,2026-04-16T13:51:04+01:00,linuxpc,16,4427,True,31.26,0.289062,50000,RocksDB/CasMT/Sync/real_time/threads:8,iteration,,32,17833096.656431735,86456.28124990045,,,46724615.0,182110998.0
76c60b3,2026-04-16T13:51:04+01:00,linuxpc,16,4427,True,31.26,0.289062,50000,RocksDB/CasMT/Sync/real_time/threads:16,iteration,,64,11150401.421559764,71737.03124998874,,,138247414.0,183887278.0
76c60b3,2026-04-16T13:51:04+01:00,linuxpc,16,4427,True,31.26,0.289062,50000,RocksDB/CasMT/Sync/real_time/threads:32,iteration,,32,16095710.811896425,89049.99999989718,,,515011626.0,515011626.0
76c60b3,2026-04-16T13:55:50+01:00,linuxpc,16,4427,True,31.26,0.0561523,1000000,ByteCaskDB/CasMT/NoSync/real_time/threads:2,iteration,,34478,18524.806195402878,13530.80964673125,,,35970.0,53670.0
76c60b3,2026-04-16T13:55:50+01:00,linuxpc,16,4427,True,31.26,0.0561523,1000000,ByteCaskDB/CasMT/NoSync/real_time/threads:2,iteration,,34478,18936.922704216748,14197.628168687284,,,36800.0,56571.0
76c60b3,2026-04-16T13:55:50+01:00,linuxpc,16,4427,True,31.26,0.0561523,1000000,ByteCaskDB/CasMT/NoSync/real_time/threads:2,iteration,,34478,18445.683479467858,13367.513109809162,,,35780.0,56310.0
76c60b3,2026-04-16T13:55:50+01:00,linuxpc,16,4427,True,31.26,0.0561523,1000000,ByteCaskDB/CasMT/NoSync/real_time/threads:2,iteration,,34478,16715.00052210255,12417.4795521782,,,34380.0,53501.0
76c60b3,2026-04-16T13:55:50+01:00,linuxpc,16,4427,True,31.26,0.0561523,1000000,ByteCaskDB/CasMT/NoSync/real_time/threads:2,iteration,,34478,17203.87850213494,12908.906259063759,,,35001.0,51232.0
76c60b3,2026-04-16T13:55:50+01:00,linuxpc,16,4427,True,31.26,0.0561523,1000000,ByteCaskDB/CasMT/NoSync/real_time/threads:2_mean,aggregate,mean,5,17965.258280664995,13284.467347293932,,,35586.200000000004,54256.8
76c60b3,2026-04-16T13:55:50+01:00,linuxpc,16,4427,True,31.26,0.0561523,1000000,ByteCaskDB/CasMT/NoSync/real_time/threads:2_median,aggregate,median,5,18445.683479467858,13367.513109809162,,,35780.0,53670.0
76c60b3,2026-04-16T13:55:50+01:00,linuxpc,16,4427,True,31.26,0.0561523,1000000,ByteCaskDB/CasMT/NoSync/real_time/threads:2_stddev,aggregate,stddev,5,952.743095294868,669.7308751960902,,,929.4553243699721,2215.633927344508
76c60b3,2026-04-16T13:55:50+01:00,linuxpc,16,4427,True,31.26,0.0561523,1000000,ByteCaskDB/CasMT/NoSync/real_time/threads:2_cv,aggregate,cv,5,0.05303252980895087,0.05041458251109447,,,0.02611842018450894,0.04083605976291465
76c60b3,2026-04-16T13:55:50+01:00,linuxpc,16,4427,True,31.26,0.0561523,1000000,ByteCaskDB/CasMT/NoSync/real_time/threads:4,iteration,,26168,23538.708384316942,13529.17498471416,,,88141.0,177814.0
76c60b3,2026-04-16T13:55:50+01:00,linuxpc,16,4427,True,31.26,0.0561523,1000000,ByteCaskDB/CasMT/NoSync/real_time/threads:4,iteration,,26168,26590.33571499592,15158.009286151026,,,93373.0,217583.0
76c60b3,2026-04-16T13:55:50+01:00,linuxpc,16,4427,True,31.26,0.0561523,1000000,ByteCaskDB/CasMT/NoSync/real_time/threads:4,iteration,,26168,29089.92544331556,16565.840836135736,,,99571.0,367005.0
76c60b3,2026-04-16T13:55:50+01:00,linuxpc,16,4427,True,31.26,0.0561523,1000000,ByteCaskDB/CasMT/NoSync/real_time/threads:4,iteration,,26168,24383.566187666216,13698.962931825137,,,89581.0,180952.0
76c60b3,2026-04-16T13:55:50+01:00,linuxpc,16,4427,True,31.26,0.0561523,1000000,ByteCaskDB/CasMT/NoSync/real_time/threads:4,iteration,,26168,26982.076467435953,15488.290048914714,,,90581.0,331484.0
76c60b3,2026-04-16T13:55:50+01:00,linuxpc,16,4427,True,31.26,0.0561523,1000000,ByteCaskDB/CasMT/NoSync/real_time/threads:4_mean,aggregate,mean,5,26116.922439546113,14888.055617548156,,,92249.40000000001,254967.6
76c60b3,2026-04-16T13:55:50+01:00,linuxpc,16,4427,True,31.26,0.0561523,1000000,ByteCaskDB/CasMT/NoSync/real_time/threads:4_median,aggregate,median,5,26590.33571499592,15158.009286151026,,,90581.0,217583.0
76c60b3,2026-04-16T13:55:50+01:00,linuxpc,16,4427,True,31.26,0.0561523,1000000,ByteCaskDB/CasMT/NoSync/real_time/threads:4_stddev,aggregate,stddev,5,2205.8484814397934,1275.5996222397048,,,4518.051881065391,88368.16992164089
76c60b3,2026-04-16T13:55:50+01:00,linuxpc,16,4427,True,31.26,0.0561523,1000000,ByteCaskDB/CasMT/NoSync/real_time/threads:4_cv,aggregate,cv,5,0.0844605058863945,0.08567939662558685,,,0.048976490698751325,0.3465858796240812
76c60b3,2026-04-16T13:55:50+01:00,linuxpc,16,4427,True,31.26,0.0561523,1000000,ByteCaskDB/CasMT/NoSync/real_time/threads:8,iteration,,19664,37550.58146930257,17483.28870016275,,,253543.0,570047.0
76c60b3,2026-04-16T13:55:50+01:00,linuxpc,16,4427,True,31.26,0.0561523,1000000,ByteCaskDB/CasMT/NoSync/real_time/threads:8,iteration,,19664,36475.01815524127,16739.98586248982,,,248172.0,549747.0
76c60b3,2026-04-16T13:55:50+01:00,linuxpc,16,4427,True,31.26,0.0561523,1000000,ByteCaskDB/CasMT/NoSync/real_time/threads:8,iteration,,19664,37212.58456979991,17251.575010170873,,,256492.0,585487.0
76c60b3,2026-04-16T13:55:50+01:00,linuxpc,16,4427,True,31.26,0.0561523,1000000,ByteCaskDB/CasMT/NoSync/real_time/threads:8,iteration,,19664,39014.489370682706,17283.58487591537,,,266544.0,596027.0
76c60b3,2026-04-16T13:55:50+01:00,linuxpc,16,4427,True,31.26,0.0561523,1000000,ByteCaskDB/CasMT/NoSync/real_time/threads:8,iteration,,19664,37571.215419070984,17648.892849877964,,,235733.0,582767.0
76c60b3,2026-04-16T13:55:50+01:00,linuxpc,16,4427,True,31.26,0.0561523,1000000,ByteCaskDB/CasMT/NoSync/real_time/threads:8_mean,aggregate,mean,5,37564.777796819486,17281.465459723353,,,252096.80000000002,576815.0
76c60b3,2026-04-16T13:55:50+01:00,linuxpc,16,4427,True,31.26,0.0561523,1000000,ByteCaskDB/CasMT/NoSync/real_time/threads:8_median,aggregate,median,5,37550.581469302575,17283.58487591537,,,253543.0,582767.0
76c60b3,2026-04-16T13:55:50+01:00,linuxpc,16,4427,True,31.26,0.0561523,1000000,ByteCaskDB/CasMT/NoSync/real_time/threads:8_stddev,aggregate,stddev,5,923.7860644730874,342.72204209003837,,,11328.160384634173,17735.651101665255
76c60b3,2026-04-16T13:55:50+01:00,linuxpc,16,4427,True,31.26,0.0561523,1000000,ByteCaskDB/CasMT/NoSync/real_time/threads:8_cv,aggregate,cv,5,0.024591814956810468,0.019831769642962023,,,0.044935756362770855,0.030747555284909814
76c60b3,2026-04-16T13:55:50+01:00,linuxpc,16,4427,True,31.26,0.0561523,1000000,ByteCaskDB/CasMT/NoSync/real_time/threads:16,iteration,,11248,53975.49084151578,12575.769292318648,,,640115.0,2758477.0
76c60b3,2026-04-16T13:55:50+01:00,linuxpc,16,4427,True,31.26,0.0561523,1000000,ByteCaskDB/CasMT/NoSync/real_time/threads:16,iteration,,11248,65917.56285615056,18837.22795163587,,,929601.0,2573521.0
76c60b3,2026-04-16T13:55:50+01:00,linuxpc,16,4427,True,31.26,0.0561523,1000000,ByteCaskDB/CasMT/NoSync/real_time/threads:16,iteration,,11248,61784.26004615326,17941.719416785236,,,880602.0,2420669.0
76c60b3,2026-04-16T13:55:50+01:00,linuxpc,16,4427,True,31.26,0.0561523,1000000,ByteCaskDB/CasMT/NoSync/real_time/threads:16,iteration,,11248,61339.70012460345,17227.75417852063,,,860801.0,2448539.0
76c60b3,2026-04-16T13:55:50+01:00,linuxpc,16,4427,True,31.26,0.0561523,1000000,ByteCaskDB/CasMT/NoSync/real_time/threads:16,iteration,,11248,64307.77907158831,17625.387268847786,,,876830.0,2644151.0
76c60b3,2026-04-16T13:55:50+01:00,linuxpc,16,4427,True,31.26,0.0561523,1000000,ByteCaskDB/CasMT/NoSync/real_time/threads:16_mean,aggregate,mean,5,61464.95858800227,16841.57162162163,,,837589.8,2569071.4000000004
76c60b3,2026-04-16T13:55:50+01:00,linuxpc,16,4427,True,31.26,0.0561523,1000000,ByteCaskDB/CasMT/NoSync/real_time/threads:16_median,aggregate,median,5,61784.26004615326,17625.387268847786,,,876830.0,2573521.0
76c60b3,2026-04-16T13:55:50+01:00,linuxpc,16,4427,True,31.26,0.0561523,1000000,ByteCaskDB/CasMT/NoSync/real_time/threads:16_stddev,aggregate,stddev,5,4585.768291685675,2457.3126992461707,,,113347.87162845203,139716.2824827455
76c60b3,2026-04-16T13:55:50+01:00,linuxpc,16,4427,True,31.26,0.0561523,1000000,ByteCaskDB/CasMT/NoSync/real_time/threads:16_cv,aggregate,cv,5,0.07460784806549596,0.14590756459399615,,,0.13532623203918198,0.05438396242422281
76c60b3,2026-04-16T13:55:50+01:00,linuxpc,16,4427,True,31.26,0.0561523,1000000,ByteCaskDB/CasMT/NoSync/real_time/threads:32,iteration,,6432,110336.9762116999,16188.268656716422,,,2623652.0,11398517.0
76c60b3,2026-04-16T13:55:50+01:00,linuxpc,16,4427,True,31.26,0.0561523,1000000,ByteCaskDB/CasMT/NoSync/real_time/threads:32,iteration,,6432,107703.38992269491,15614.114427860697,,,2612671.0,10855252.0
76c60b3,2026-04-16T13:55:50+01:00,linuxpc,16,4427,True,31.26,0.0561523,1000000,ByteCaskDB/CasMT/NoSync/real_time/threads:32,iteration,,6432,105389.16324580737,15782.131685323378,,,2475571.0,10587239.0
76c60b3,2026-04-16T13:55:50+01:00,linuxpc,16,4427,True,31.26,0.0561523,1000000,ByteCaskDB/CasMT/NoSync/real_time/threads:32,iteration,,6432,108125.06079176033,15719.17304104479,,,2571101.0,11044393.0
76c60b3,2026-04-16T13:55:50+01:00,linuxpc,16,4427,True,31.26,0.0561523,1000000,ByteCaskDB/CasMT/NoSync/real_time/threads:32,iteration,,6432,106926.67537050828,15754.373756218958,,,2565712.0,10759880.0
76c60b3,2026-04-16T13:55:50+01:00,linuxpc,16,4427,True,31.26,0.0561523,1000000,ByteCaskDB/CasMT/NoSync/real_time/threads:32_mean,aggregate,mean,5,107696.25310849417,15811.612313432848,,,2569741.4000000004,10929056.200000001
76c60b3,2026-04-16T13:55:50+01:00,linuxpc,16,4427,True,31.26,0.0561523,1000000,ByteCaskDB/CasMT/NoSync/real_time/threads:32_median,aggregate,median,5,107703.38992269493,15754.373756218958,,,2571101.0,10855252.0
76c60b3,2026-04-16T13:55:50+01:00,linuxpc,16,4427,True,31.26,0.0561523,1000000,ByteCaskDB/CasMT/NoSync/real_time/threads:32_stddev,aggregate,stddev,5,1807.7789549938395,219.9805643043107,,,58385.46942774248,310081.7089779334
76c60b3,2026-04-16T13:55:50+01:00,linuxpc,16,4427,True,31.26,0.0561523,1000000,ByteCaskDB/CasMT/NoSync/real_time/threads:32_cv,aggregate,cv,5,0.0167859038992997,0.013912595372543059,,,0.022720367671137054,0.02837223117014746
76c60b3,2026-04-16T13:55:50+01:00,linuxpc,16,4427,True,31.26,0.0561523,1000000,ByteCaskDB/CasMT/Sync/real_time/threads:2,iteration,,158,4267252.3417468835,232378.63924050983,,,7729634.0,26300020.0
76c60b3,2026-04-16T13:55:50+01:00,linuxpc,16,4427,True,31.26,0.0561523,1000000,ByteCaskDB/CasMT/Sync/real_time/threads:2,iteration,,158,4028275.1392566487,259900.4430379745,,,7890376.0,13988360.0
76c60b3,2026-04-16T13:55:50+01:00,linuxpc,16,4427,True,31.26,0.0561523,1000000,ByteCaskDB/CasMT/Sync/real_time/threads:2,iteration,,158,4295087.050632913,258362.322784808,,,8065929.0,8809036.0
76c60b3,2026-04-16T13:55:50+01:00,linuxpc,16,4427,True,31.26,0.0561523,1000000,ByteCaskDB/CasMT/Sync/real_time/threads:2,iteration,,158,4322649.797485829,244212.9746835453,,,7929046.0,26269630.0
76c60b3,2026-04-16T13:55:50+01:00,linuxpc,16,4427,True,31.26,0.0561523,1000000,ByteCaskDB/CasMT/Sync/real_time/threads:2,iteration,,158,4746481.46834475,259138.53797468662,,,7930947.0,46919902.0
76c60b3,2026-04-16T13:55:50+01:00,linuxpc,16,4427,True,31.26,0.0561523,1000000,ByteCaskDB/CasMT/Sync/real_time/threads:2_mean,aggregate,mean,5,4331949.159493404,250798.58354430489,,,7909186.4,24457389.6
76c60b3,2026-04-16T13:55:50+01:00,linuxpc,16,4427,True,31.26,0.0561523,1000000,ByteCaskDB/CasMT/Sync/real_time/threads:2_median,aggregate,median,5,4295087.050632913,258362.32278480806,,,7929046.0,26269630.0
76c60b3,2026-04-16T13:55:50+01:00,linuxpc,16,4427,True,31.26,0.0561523,1000000,ByteCaskDB/CasMT/Sync/real_time/threads:2_stddev,aggregate,stddev,5,259656.46394722728,12168.334208751887,,,120446.11406471783,14711521.985631354
76c60b3,2026-04-16T13:55:50+01:00,linuxpc,16,4427,True,31.26,0.0561523,1000000,ByteCaskDB/CasMT/Sync/real_time/threads:2_cv,aggregate,cv,5,0.05993986872588148,0.048518353001791525,,,0.015228635155787682,0.6015164425246492
76c60b3,2026-04-16T13:55:50+01:00,linuxpc,16,4427,True,31.26,0.0561523,1000000,ByteCaskDB/CasMT/Sync/real_time/threads:4,iteration,,172,5279766.808133328,137692.34883720896,,,16245938.0,94131424.0
76c60b3,2026-04-16T13:55:50+01:00,linuxpc,16,4427,True,31.26,0.0561523,1000000,ByteCaskDB/CasMT/Sync/real_time/threads:4,iteration,,172,5020350.959332359,138988.5406976761,,,16139578.0,92800582.0
76c60b3,2026-04-16T13:55:50+01:00,linuxpc,16,4427,True,31.26,0.0561523,1000000,ByteCaskDB/CasMT/Sync/real_time/threads:4,iteration,,172,5257030.354652332,166133.54651162555,,,15767823.0,92578149.0
76c60b3,2026-04-16T13:55:50+01:00,linuxpc,16,4427,True,31.26,0.0561523,1000000,ByteCaskDB/CasMT/Sync/real_time/threads:4,iteration,,172,4540533.593044952,141151.267441859,,,16095636.0,32623937.0
76c60b3,2026-04-16T13:55:50+01:00,linuxpc,16,4427,True,31.26,0.0561523,1000000,ByteCaskDB/CasMT/Sync/real_time/threads:4,iteration,,172,4761956.883750065,146116.79069767176,,,16073317.0,49478452.0
76c60b3,2026-04-16T13:55:50+01:00,linuxpc,16,4427,True,31.26,0.0561523,1000000,ByteCaskDB/CasMT/Sync/real_time/threads:4_mean,aggregate,mean,5,4971927.719782608,146016.4988372083,,,16064458.4,72322508.8
76c60b3,2026-04-16T13:55:50+01:00,linuxpc,16,4427,True,31.26,0.0561523,1000000,ByteCaskDB/CasMT/Sync/real_time/threads:4_median,aggregate,median,5,5020350.959332359,141151.26744185897,,,16095636.0,92578149.0
76c60b3,2026-04-16T13:55:50+01:00,linuxpc,16,4427,True,31.26,0.0561523,1000000,ByteCaskDB/CasMT/Sync/real_time/threads:4_stddev,aggregate,stddev,5,319602.0460755519,11694.654879001928,,,178620.32190460493,29168042.264345538
76c60b3,2026-04-16T13:55:50+01:00,linuxpc,16,4427,True,31.26,0.0561523,1000000,ByteCaskDB/CasMT/Sync/real_time/threads:4_cv,aggregate,cv,5,0.06428131382600352,0.08009132510457008,,,0.011118975657754196,0.40330517771454216
76c60b3,2026-04-16T13:55:50+01:00,linuxpc,16,4427,True,31.26,0.0561523,1000000,ByteCaskDB/CasMT/Sync/real_time/threads:8,iteration,,112,8104205.598101543,105383.69642856985,,,29909771.0,207198354.0
76c60b3,2026-04-16T13:55:50+01:00,linuxpc,16,4427,True,31.26,0.0561523,1000000,ByteCaskDB/CasMT/Sync/real_time/threads:8,iteration,,112,9694235.035762435,96804.57142857264,,,32753817.0,212551797.0
76c60b3,2026-04-16T13:55:50+01:00,linuxpc,16,4427,True,31.26,0.0561523,1000000,ByteCaskDB/CasMT/Sync/real_time/threads:8,iteration,,112,7103304.553701102,87610.74107142586,,,31712594.0,188851341.0
76c60b3,2026-04-16T13:55:50+01:00,linuxpc,16,4427,True,31.26,0.0561523,1000000,ByteCaskDB/CasMT/Sync/real_time/threads:8,iteration,,112,5593567.857171625,104483.76785714563,,,29946035.0,35583163.0
76c60b3,2026-04-16T13:55:50+01:00,linuxpc,16,4427,True,31.26,0.0561523,1000000,ByteCaskDB/CasMT/Sync/real_time/threads:8,iteration,,112,7153496.839302014,98534.12499999336,,,28151457.0,184704514.0
76c60b3,2026-04-16T13:55:50+01:00,linuxpc,16,4427,True,31.26,0.0561523,1000000,ByteCaskDB/CasMT/Sync/real_time/threads:8_mean,aggregate,mean,5,7529761.976807745,98563.38035714148,,,30494734.8,165777833.8
76c60b3,2026-04-16T13:55:50+01:00,linuxpc,16,4427,True,31.26,0.0561523,1000000,ByteCaskDB/CasMT/Sync/real_time/threads:8_median,aggregate,median,5,7153496.8393020155,98534.12499999335,,,29946035.0,188851341.0
76c60b3,2026-04-16T13:55:50+01:00,linuxpc,16,4427,True,31.26,0.0561523,1000000,ByteCaskDB/CasMT/Sync/real_time/threads:8_stddev,aggregate,stddev,5,1507250.655442242,7152.312065173719,,,1783314.21678741,73730457.39329073
76c60b3,2026-04-16T13:55:50+01:00,linuxpc,16,4427,True,31.26,0.0561523,1000000,ByteCaskDB/CasMT/Sync/real_time/threads:8_cv,aggregate,cv,5,0.20017241714740677,0.07256561249479805,,,0.058479413855647304,0.4447546195002261
76c60b3,2026-04-16T13:55:50+01:00,linuxpc,16,4427,True,31.26,0.0561523,1000000,ByteCaskDB/CasMT/Sync/real_time/threads:16,iteration,,32,17413957.687494986,64758.12499999512,,,161545357.0,161545357.0
76c60b3,2026-04-16T13:55:50+01:00,linuxpc,16,4427,True,31.26,0.0561523,1000000,ByteCaskDB/CasMT/Sync/real_time/threads:16,iteration,,32,23701797.90682414,59130.62499999367,,,331163022.0,331163022.0
76c60b3,2026-04-16T13:55:50+01:00,linuxpc,16,4427,True,31.26,0.0561523,1000000,ByteCaskDB/CasMT/Sync/real_time/threads:16,iteration,,32,14148843.936936827,64760.65625000595,,,70919040.0,70919040.0
76c60b3,2026-04-16T13:55:50+01:00,linuxpc,16,4427,True,31.26,0.0561523,1000000,ByteCaskDB/CasMT/Sync/real_time/threads:16,iteration,,32,14154280.625234606,63709.68749998614,,,71519168.0,71519168.0
76c60b3,2026-04-16T13:55:50+01:00,linuxpc,16,4427,True,31.26,0.0561523,1000000,ByteCaskDB/CasMT/Sync/real_time/threads:16,iteration,,32,17255306.7818626,67821.06249997731,,,158696856.0,158696856.0
76c60b3,2026-04-16T13:55:50+01:00,linuxpc,16,4427,True,31.26,0.0561523,1000000,ByteCaskDB/CasMT/Sync/real_time/threads:16_mean,aggregate,mean,5,17334837.387670632,64036.03124999163,,,158768688.6,158768688.6
76c60b3,2026-04-16T13:55:50+01:00,linuxpc,16,4427,True,31.26,0.0561523,1000000,ByteCaskDB/CasMT/Sync/real_time/threads:16_median,aggregate,median,5,17255306.7818626,64758.12499999511,,,158696856.0,158696856.0
76c60b3,2026-04-16T13:55:50+01:00,linuxpc,16,4427,True,31.26,0.0561523,1000000,ByteCaskDB/CasMT/Sync/real_time/threads:16_stddev,aggregate,stddev,5,3899271.3094487237,3144.1403061289566,,,106133831.59934165,106133831.59934165
76c60b3,2026-04-16T13:55:50+01:00,linuxpc,16,4427,True,31.26,0.0561523,1000000,ByteCaskDB/CasMT/Sync/real_time/threads:16_cv,aggregate,cv,5,0.22493844171979785,0.049099549812112495,,,0.668480873245316,0.668480873245316
76c60b3,2026-04-16T13:55:50+01:00,linuxpc,16,4427,True,31.26,0.0561523,1000000,ByteCaskDB/CasMT/Sync/real_time/threads:32,iteration,,32,25898893.561816294,73449.68750000666,,,828721124.0,828721124.0
76c60b3,2026-04-16T13:55:50+01:00,linuxpc,16,4427,True,31.26,0.0561523,1000000,ByteCaskDB/CasMT/Sync/real_time/threads:32,iteration,,32,24641081.906565886,68796.24999999953,,,788466741.0,788466741.0
76c60b3,2026-04-16T13:55:50+01:00,linuxpc,16,4427,True,31.26,0.0561523,1000000,ByteCaskDB/CasMT/Sync/real_time/threads:32,iteration,,32,25971134.56158695,70865.93750000511,,,831031886.0,831031886.0
76c60b3,2026-04-16T13:55:50+01:00,linuxpc,16,4427,True,31.26,0.0561523,1000000,ByteCaskDB/CasMT/Sync/real_time/threads:32,iteration,,32,26062229.280569226,73657.5000000048,,,833946145.0,833946145.0
76c60b3,2026-04-16T13:55:50+01:00,linuxpc,16,4427,True,31.26,0.0561523,1000000,ByteCaskDB/CasMT/Sync/real_time/threads:32,iteration,,32,24571566.531449206,63355.34375001546,,,786239935.0,786239935.0
76c60b3,2026-04-16T13:55:50+01:00,linuxpc,16,4427,True,31.26,0.0561523,1000000,ByteCaskDB/CasMT/Sync/real_time/threads:32_mean,aggregate,mean,5,25428981.168397512,70024.94375000632,,,813681166.2,813681166.2
76c60b3,2026-04-16T13:55:50+01:00,linuxpc,16,4427,True,31.26,0.0561523,1000000,ByteCaskDB/CasMT/Sync/real_time/threads:32_median,aggregate,median,5,25898893.561816294,70865.93750000511,,,828721124.0,828721124.0
76c60b3,2026-04-16T13:55:50+01:00,linuxpc,16,4427,True,31.26,0.0561523,1000000,ByteCaskDB/CasMT/Sync/real_time/threads:32_stddev,aggregate,stddev,5,753607.3641580085,4231.573514701475,,,24117968.31154067,24117968.31154067
76c60b3,2026-04-16T13:55:50+01:00,linuxpc,16,4427,True,31.26,0.0561523,1000000,ByteCaskDB/CasMT/Sync/real_time/threads:32_cv,aggregate,cv,5,0.029635767125997657,0.060429516799163335,,,0.029640563544287023,0.029640563544287023
76c60b3,2026-04-16T13:55:50+01:00,linuxpc,16,4427,True,31.26,0.0561523,1000000,RocksDB/CasMT/NoSync/real_time/threads:2,iteration,,59794,11607.657674728353,11460.554905174442,,,21680.0,43522.0
76c60b3,2026-04-16T13:55:50+01:00,linuxpc,16,4427,True,31.26,0.0561523,1000000,RocksDB/CasMT/NoSync/real_time/threads:2,iteration,,59794,11452.390842058408,11336.658494163294,,,21800.0,42850.0
76c60b3,2026-04-16T13:55:50+01:00,linuxpc,16,4427,True,31.26,0.0561523,1000000,RocksDB/CasMT/NoSync/real_time/threads:2,iteration,,59794,13023.862829134088,12825.631601832962,,,25010.0,48531.0
76c60b3,2026-04-16T13:55:50+01:00,linuxpc,16,4427,True,31.26,0.0561523,1000000,RocksDB/CasMT/NoSync/real_time/threads:2,iteration,,59794,12249.372997287195,11995.995584841274,,,22800.0,44591.0
76c60b3,2026-04-16T13:55:50+01:00,linuxpc,16,4427,True,31.26,0.0561523,1000000,RocksDB/CasMT/NoSync/real_time/threads:2,iteration,,59794,12217.99541778597,11907.008529283874,,,22492.0,44840.0
76c60b3,2026-04-16T13:55:50+01:00,linuxpc,16,4427,True,31.26,0.0561523,1000000,RocksDB/CasMT/NoSync/real_time/threads:2_mean,aggregate,mean,5,12110.255952198804,11905.169823059168,,,22756.4,44866.8
76c60b3,2026-04-16T13:55:50+01:00,linuxpc,16,4427,True,31.26,0.0561523,1000000,RocksDB/CasMT/NoSync/real_time/threads:2_median,aggregate,median,5,12217.99541778597,11907.008529283874,,,22492.0,44591.0
76c60b3,2026-04-16T13:55:50+01:00,linuxpc,16,4427,True,31.26,0.0561523,1000000,RocksDB/CasMT/NoSync/real_time/threads:2_stddev,aggregate,stddev,5,622.7018552081774,586.5982744425812,,,1343.8618976665598,2201.0858002358177
76c60b3,2026-04-16T13:55:50+01:00,linuxpc,16,4427,True,31.26,0.0561523,1000000,RocksDB/CasMT/NoSync/real_time/threads:2_cv,aggregate,cv,5,0.0514193802068334,0.04927256672192922,,,0.05905423958387793,0.04905823014424513
76c60b3,2026-04-16T13:55:50+01:00,linuxpc,16,4427,True,31.26,0.0561523,1000000,RocksDB/CasMT/NoSync/real_time/threads:4,iteration,,40992,17349.864388275728,16954.93957357535,,,65800.0,144422.0
76c60b3,2026-04-16T13:55:50+01:00,linuxpc,16,4427,True,31.26,0.0561523,1000000,RocksDB/CasMT/NoSync/real_time/threads:4,iteration,,40992,17029.063719626072,16690.102727361467,,,64482.0,142352.0
76c60b3,2026-04-16T13:55:50+01:00,linuxpc,16,4427,True,31.26,0.0561523,1000000,RocksDB/CasMT/NoSync/real_time/threads:4,iteration,,40992,16574.316549786567,16232.97272638566,,,62411.0,139590.0
76c60b3,2026-04-16T13:55:50+01:00,linuxpc,16,4427,True,31.26,0.0561523,1000000,RocksDB/CasMT/NoSync/real_time/threads:4,iteration,,40992,16839.51758878166,16496.390271272423,,,63371.0,146731.0
76c60b3,2026-04-16T13:55:50+01:00,linuxpc,16,4427,True,31.26,0.0561523,1000000,RocksDB/CasMT/NoSync/real_time/threads:4,iteration,,40992,16891.479313290387,16509.28337236534,,,64651.0,140932.0
76c60b3,2026-04-16T13:55:50+01:00,linuxpc,16,4427,True,31.26,0.0561523,1000000,RocksDB/CasMT/NoSync/real_time/threads:4_mean,aggregate,mean,5,16936.848311952086,16576.73773419205,,,64143.0,142805.4
76c60b3,2026-04-16T13:55:50+01:00,linuxpc,16,4427,True,31.26,0.0561523,1000000,RocksDB/CasMT/NoSync/real_time/threads:4_median,aggregate,median,5,16891.479313290387,16509.28337236534,,,64482.0,142352.0
76c60b3,2026-04-16T13:55:50+01:00,linuxpc,16,4427,True,31.26,0.0561523,1000000,RocksDB/CasMT/NoSync/real_time/threads:4_stddev,aggregate,stddev,5,283.74586120576566,266.9590040193772,,,1295.6120175423348,2831.8601307273375
76c60b3,2026-04-16T13:55:50+01:00,linuxpc,16,4427,True,31.26,0.0561523,1000000,RocksDB/CasMT/NoSync/real_time/threads:4_cv,aggregate,cv,5,0.01675316776649233,0.016104435522843165,,,0.02019880606679349,0.019830203414768193
76c60b3,2026-04-16T13:55:50+01:00,linuxpc,16,4427,True,31.26,0.0561523,1000000,RocksDB/CasMT/NoSync/real_time/threads:8,iteration,,28120,24004.908498871086,22884.007005689888,,,177030.0,425194.0
76c60b3,2026-04-16T13:55:50+01:00,linuxpc,16,4427,True,31.26,0.0561523,1000000,RocksDB/CasMT/NoSync/real_time/threads:8,iteration,,28120,23794.30366317077,22735.099608819317,,,174892.0,412956.0
76c60b3,2026-04-16T13:55:50+01:00,linuxpc,16,4427,True,31.26,0.0561523,1000000,RocksDB/CasMT/NoSync/real_time/threads:8,iteration,,28120,25417.582005767697,24285.561913228994,,,189446.0,444784.0
76c60b3,2026-04-16T13:55:50+01:00,linuxpc,16,4427,True,31.26,0.0561523,1000000,RocksDB/CasMT/NoSync/real_time/threads:8,iteration,,28120,23919.449893500278,22904.295270270224,,,176763.0,409545.0
76c60b3,2026-04-16T13:55:50+01:00,linuxpc,16,4427,True,31.26,0.0561523,1000000,RocksDB/CasMT/NoSync/real_time/threads:8,iteration,,28120,23345.32105272578,22286.48673541964,,,173182.0,404253.0
76c60b3,2026-04-16T13:55:50+01:00,linuxpc,16,4427,True,31.26,0.0561523,1000000,RocksDB/CasMT/NoSync/real_time/threads:8_mean,aggregate,mean,5,24096.313022807128,23019.09010668562,,,178262.6,419346.4
76c60b3,2026-04-16T13:55:50+01:00,linuxpc,16,4427,True,31.26,0.0561523,1000000,RocksDB/CasMT/NoSync/real_time/threads:8_median,aggregate,median,5,23919.44989350028,22884.007005689888,,,176763.0,412956.0
76c60b3,2026-04-16T13:55:50+01:00,linuxpc,16,4427,True,31.26,0.0561523,1000000,RocksDB/CasMT/NoSync/real_time/threads:8_stddev,aggregate,stddev,5,781.1186963694715,750.4556012648011,,,6442.242994485709,16170.817057279544
76c60b3,2026-04-16T13:55:50+01:00,linuxpc,16,4427,True,31.26,0.0561523,1000000,RocksDB/CasMT/NoSync/real_time/threads:8_cv,aggregate,cv,5,0.03241652345859484,0.03260144505220214,,,0.03613906110696079,0.0385619551217789
76c60b3,2026-04-16T13:55:50+01:00,linuxpc,16,4427,True,31.26,0.0561523,1000000,RocksDB/CasMT/NoSync/real_time/threads:16,iteration,,11136,51197.471803193206,43482.64260057468,,,742068.0,2063515.0
76c60b3,2026-04-16T13:55:50+01:00,linuxpc,16,4427,True,31.26,0.0561523,1000000,RocksDB/CasMT/NoSync/real_time/threads:16,iteration,,11136,52588.27684951678,44609.541038074654,,,763707.0,2148014.0
76c60b3,2026-04-16T13:55:50+01:00,linuxpc,16,4427,True,31.26,0.0561523,1000000,RocksDB/CasMT/NoSync/real_time/threads:16,iteration,,11136,50046.94962239248,42518.56393678165,,,727229.0,1915374.0
76c60b3,2026-04-16T13:55:50+01:00,linuxpc,16,4427,True,31.26,0.0561523,1000000,RocksDB/CasMT/NoSync/real_time/threads:16,iteration,,11136,62036.80073542336,38827.92519755739,,,971773.0,2385208.0
76c60b3,2026-04-16T13:55:50+01:00,linuxpc,16,4427,True,31.26,0.0561523,1000000,RocksDB/CasMT/NoSync/real_time/threads:16,iteration,,11136,60922.96749379418,36814.46919899435,,,969982.0,2245678.0
76c60b3,2026-04-16T13:55:50+01:00,linuxpc,16,4427,True,31.26,0.0561523,1000000,RocksDB/CasMT/NoSync/real_time/threads:16_mean,aggregate,mean,5,55358.49330086401,41250.62839439655,,,834951.8,2151557.8000000003
76c60b3,2026-04-16T13:55:50+01:00,linuxpc,16,4427,True,31.26,0.0561523,1000000,RocksDB/CasMT/NoSync/real_time/threads:16_median,aggregate,median,5,52588.27684951677,42518.56393678165,,,763707.0,2148014.0
76c60b3,2026-04-16T13:55:50+01:00,linuxpc,16,4427,True,31.26,0.0561523,1000000,RocksDB/CasMT/NoSync/real_time/threads:16_stddev,aggregate,stddev,5,5673.708191605886,3294.7246201697344,,,124760.38949802895,178183.82961200204
76c60b3,2026-04-16T13:55:50+01:00,linuxpc,16,4427,True,31.26,0.0561523,1000000,RocksDB/CasMT/NoSync/real_time/threads:16_cv,aggregate,cv,5,0.1024902928764742,0.07987089526658671,,,0.14942226545056725,0.0828161946716012
76c60b3,2026-04-16T13:55:50+01:00,linuxpc,16,4427,True,31.26,0.0561523,1000000,RocksDB/CasMT/NoSync/real_time/threads:32,iteration,,5056,144606.66831889248,33718.71578322783,,,3995966.0,12278723.0
76c60b3,2026-04-16T13:55:50+01:00,linuxpc,16,4427,True,31.26,0.0561523,1000000,RocksDB/CasMT/NoSync/real_time/threads:32,iteration,,5056,143518.2353611996,35497.910007911254,,,4069343.0,11299577.0
76c60b3,2026-04-16T13:55:50+01:00,linuxpc,16,4427,True,31.26,0.0561523,1000000,RocksDB/CasMT/NoSync/real_time/threads:32,iteration,,5056,138842.72231326243,34800.45510284805,,,3965378.0,10866370.0
76c60b3,2026-04-16T13:55:50+01:00,linuxpc,16,4427,True,31.26,0.0561523,1000000,RocksDB/CasMT/NoSync/real_time/threads:32,iteration,,5056,136120.74980145838,34738.57041139252,,,3883979.0,10846875.0
76c60b3,2026-04-16T13:55:50+01:00,linuxpc,16,4427,True,31.26,0.0561523,1000000,RocksDB/CasMT/NoSync/real_time/threads:32,iteration,,5056,136819.88469048933,34291.71083860754,,,3903245.0,10754743.0
76c60b3,2026-04-16T13:55:50+01:00,linuxpc,16,4427,True,31.26,0.0561523,1000000,RocksDB/CasMT/NoSync/real_time/threads:32_mean,aggregate,mean,5,139981.65209706046,34609.47242879744,,,3963582.2,11209257.600000001
76c60b3,2026-04-16T13:55:50+01:00,linuxpc,16,4427,True,31.26,0.0561523,1000000,RocksDB/CasMT/NoSync/real_time/threads:32_median,aggregate,median,5,138842.72231326243,34738.570411392524,,,3965378.0,10866370.0
76c60b3,2026-04-16T13:55:50+01:00,linuxpc,16,4427,True,31.26,0.0561523,1000000,RocksDB/CasMT/NoSync/real_time/threads:32_stddev,aggregate,stddev,5,3876.1674679462058,658.9540637833977,,,74522.69682920602,633914.5077301526
76c60b3,2026-04-16T13:55:50+01:00,linuxpc,16,4427,True,31.26,0.0561523,1000000,RocksDB/CasMT/NoSync/real_time/threads:32_cv,aggregate,cv,5,0.02769053950912473,0.019039702646120173,,,0.018801854753814875,0.05655276471923997
76c60b3,2026-04-16T13:55:50+01:00,linuxpc,16,4427,True,31.26,0.0561523,1000000,RocksDB/CasMT/Sync/real_time/threads:2,iteration,,252,6424538.361089718,221995.84920634908,,,7333139.0,91749347.0
76c60b3,2026-04-16T13:55:50+01:00,linuxpc,16,4427,True,31.26,0.0561523,1000000,RocksDB/CasMT/Sync/real_time/threads:2,iteration,,252,5975521.698409076,231119.3214285731,,,7180098.0,97516498.0
76c60b3,2026-04-16T13:55:50+01:00,linuxpc,16,4427,True,31.26,0.0561523,1000000,RocksDB/CasMT/Sync/real_time/threads:2,iteration,,252,3743427.9682433014,228887.63888888955,,,7553092.0,12918808.0
76c60b3,2026-04-16T13:55:50+01:00,linuxpc,16,4427,True,31.26,0.0561523,1000000,RocksDB/CasMT/Sync/real_time/threads:2,iteration,,252,4122066.7420612513,248423.0436507897,,,7434381.0,22861768.0
76c60b3,2026-04-16T13:55:50+01:00,linuxpc,16,4427,True,31.26,0.0561523,1000000,RocksDB/CasMT/Sync/real_time/threads:2,iteration,,252,3887545.162681832,296106.71031745785,,,8120199.0,14960522.0
76c60b3,2026-04-16T13:55:50+01:00,linuxpc,16,4427,True,31.26,0.0561523,1000000,RocksDB/CasMT/Sync/real_time/threads:2_mean,aggregate,mean,5,4830619.986497036,245306.51269841185,,,7524181.800000001,48001388.6
76c60b3,2026-04-16T13:55:50+01:00,linuxpc,16,4427,True,31.26,0.0561523,1000000,RocksDB/CasMT/Sync/real_time/threads:2_median,aggregate,median,5,4122066.742061251,231119.32142857314,,,7434381.0,22861768.0
76c60b3,2026-04-16T13:55:50+01:00,linuxpc,16,4427,True,31.26,0.0561523,1000000,RocksDB/CasMT/Sync/real_time/threads:2_stddev,aggregate,stddev,5,1267359.4619199864,30019.225877141504,,,360217.8156667038,42778840.48863566
76c60b3,2026-04-16T13:55:50+01:00,linuxpc,16,4427,True,31.26,0.0561523,1000000,RocksDB/CasMT/Sync/real_time/threads:2_cv,aggregate,cv,5,0.26235958644286206,0.12237435340352402,,,0.047874682622196046,0.8912000618381206
76c60b3,2026-04-16T13:55:50+01:00,linuxpc,16,4427,True,31.26,0.0561523,1000000,RocksDB/CasMT/Sync/real_time/threads:4,iteration,,120,5276354.999962981,178855.79166666762,,,17091068.0,51404665.0
76c60b3,2026-04-16T13:55:50+01:00,linuxpc,16,4427,True,31.26,0.0561523,1000000,RocksDB/CasMT/Sync/real_time/threads:4,iteration,,120,3915215.516644821,178736.4000000013,,,16960087.0,19734440.0
76c60b3,2026-04-16T13:55:50+01:00,linuxpc,16,4427,True,31.26,0.0561523,1000000,RocksDB/CasMT/Sync/real_time/threads:4,iteration,,120,4130995.899989405,174801.53333332963,,,17137479.0,22581217.0
76c60b3,2026-04-16T13:55:50+01:00,linuxpc,16,4427,True,31.26,0.0561523,1000000,RocksDB/CasMT/Sync/real_time/threads:4,iteration,,120,4562977.483389356,136899.83333332994,,,15272207.0,47826032.0
76c60b3,2026-04-16T13:55:50+01:00,linuxpc,16,4427,True,31.26,0.0561523,1000000,RocksDB/CasMT/Sync/real_time/threads:4,iteration,,120,3864112.8832750837,136440.78333333353,,,15667380.0,19625699.0
76c60b3,2026-04-16T13:55:50+01:00,linuxpc,16,4427,True,31.26,0.0561523,1000000,RocksDB/CasMT/Sync/real_time/threads:4_mean,aggregate,mean,5,4349931.356652329,161146.86833333242,,,16425644.200000001,32234410.6
76c60b3,2026-04-16T13:55:50+01:00,linuxpc,16,4427,True,31.26,0.0561523,1000000,RocksDB/CasMT/Sync/real_time/threads:4_median,aggregate,median,5,4130995.899989405,174801.53333332966,,,16960087.0,22581217.0
76c60b3,2026-04-16T13:55:50+01:00,linuxpc,16,4427,True,31.26,0.0561523,1000000,RocksDB/CasMT/Sync/real_time/threads:4_stddev,aggregate,stddev,5,586638.6459769903,22403.999690118686,,,886074.0225729856,15960970.612196304
76c60b3,2026-04-16T13:55:50+01:00,linuxpc,16,4427,True,31.26,0.0561523,1000000,RocksDB/CasMT/Sync/real_time/threads:4_cv,aggregate,cv,5,0.13486158697190628,0.1390284522549703,,,0.05394455229786273,0.49515317063673264
76c60b3,2026-04-16T13:55:50+01:00,linuxpc,16,4427,True,31.26,0.0561523,1000000,RocksDB/CasMT/Sync/real_time/threads:8,iteration,,80,6361583.612488175,87941.64999999484,,,32487476.0,92557932.0
76c60b3,2026-04-16T13:55:50+01:00,linuxpc,16,4427,True,31.26,0.0561523,1000000,RocksDB/CasMT/Sync/real_time/threads:8,iteration,,80,3976569.562473742,82896.37499999578,,,31879637.0,32829580.0
76c60b3,2026-04-16T13:55:50+01:00,linuxpc,16,4427,True,31.26,0.0561523,1000000,RocksDB/CasMT/Sync/real_time/threads:8,iteration,,80,6477397.049911815,89684.63749999397,,,33550397.0,92574106.0
76c60b3,2026-04-16T13:55:50+01:00,linuxpc,16,4427,True,31.26,0.0561523,1000000,RocksDB/CasMT/Sync/real_time/threads:8,iteration,,80,7118266.100042093,89117.65000001746,,,32697358.0,107082656.0
76c60b3,2026-04-16T13:55:50+01:00,linuxpc,16,4427,True,31.26,0.0561523,1000000,RocksDB/CasMT/Sync/real_time/threads:8,iteration,,80,6352700.812567491,92072.25000000147,,,32850636.0,91915840.0
76c60b3,2026-04-16T13:55:50+01:00,linuxpc,16,4427,True,31.26,0.0561523,1000000,RocksDB/CasMT/Sync/real_time/threads:8_mean,aggregate,mean,5,6057303.427496662,88342.51250000071,,,32693100.8,83392022.80000001
76c60b3,2026-04-16T13:55:50+01:00,linuxpc,16,4427,True,31.26,0.0561523,1000000,RocksDB/CasMT/Sync/real_time/threads:8_median,aggregate,median,5,6361583.612488175,89117.65000001746,,,32697358.0,92557932.0
76c60b3,2026-04-16T13:55:50+01:00,linuxpc,16,4427,True,31.26,0.0561523,1000000,RocksDB/CasMT/Sync/real_time/threads:8_stddev,aggregate,stddev,5,1205344.3395215948,3396.1074736864916,,,604937.424410704,28977520.280096367
76c60b3,2026-04-16T13:55:50+01:00,linuxpc,16,4427,True,31.26,0.0561523,1000000,RocksDB/CasMT/Sync/real_time/threads:8_cv,aggregate,cv,5,0.19899025266755282,0.03844250494558285,,,0.01850351938506561,0.3474855184841057
76c60b3,2026-04-16T13:55:50+01:00,linuxpc,16,4427,True,31.26,0.0561523,1000000,RocksDB/CasMT/Sync/real_time/threads:16,iteration,,48,12156557.458638417,87356.27083334966,,,184932433.0,184932433.0
76c60b3,2026-04-16T13:55:50+01:00,linuxpc,16,4427,True,31.26,0.0561523,1000000,RocksDB/CasMT/Sync/real_time/threads:16,iteration,,48,15085665.56185542,100828.99999998348,,,226197276.0,226197276.0
76c60b3,2026-04-16T13:55:50+01:00,linuxpc,16,4427,True,31.26,0.0561523,1000000,RocksDB/CasMT/Sync/real_time/threads:16,iteration,,48,14817495.312399842,97893.56249999853,,,205339511.0,205339511.0
76c60b3,2026-04-16T13:55:50+01:00,linuxpc,16,4427,True,31.26,0.0561523,1000000,RocksDB/CasMT/Sync/real_time/threads:16,iteration,,48,12247297.916625636,103346.04166667438,,,197173143.0,197173143.0
76c60b3,2026-04-16T13:55:50+01:00,linuxpc,16,4427,True,31.26,0.0561523,1000000,RocksDB/CasMT/Sync/real_time/threads:16,iteration,,48,14715826.374867901,82461.04166666251,,,211879420.0,211879420.0
76c60b3,2026-04-16T13:55:50+01:00,linuxpc,16,4427,True,31.26,0.0561523,1000000,RocksDB/CasMT/Sync/real_time/threads:16_mean,aggregate,mean,5,13804568.524877448,94377.18333333371,,,205104356.60000002,205104356.60000002
76c60b3,2026-04-16T13:55:50+01:00,linuxpc,16,4427,True,31.26,0.0561523,1000000,RocksDB/CasMT/Sync/real_time/threads:16_median,aggregate,median,5,14715826.374867901,97893.56249999853,,,205339511.0,205339511.0
76c60b3,2026-04-16T13:55:50+01:00,linuxpc,16,4427,True,31.26,0.0561523,1000000,RocksDB/CasMT/Sync/real_time/threads:16_stddev,aggregate,stddev,5,1469579.3093581744,9023.842378665047,,,15497408.504115455,15497408.504115455
76c60b3,2026-04-16T13:55:50+01:00,linuxpc,16,4427,True,31.26,0.0561523,1000000,RocksDB/CasMT/Sync/real_time/threads:16_cv,aggregate,cv,5,0.10645601176956894,0.09561466087405318,,,0.07555865102533592,0.07555865102533592
76c60b3,2026-04-16T13:55:50+01:00,linuxpc,16,4427,True,31.26,0.0561523,1000000,RocksDB/CasMT/Sync/real_time/threads:32,iteration,,32,16525671.99994337,98939.68749998805,,,528776512.0,528776512.0
76c60b3,2026-04-16T13:55:50+01:00,linuxpc,16,4427,True,31.26,0.0561523,1000000,RocksDB/CasMT/Sync/real_time/threads:32,iteration,,32,19448481.24935561,92263.46874998626,,,622299140.0,622299140.0
76c60b3,2026-04-16T13:55:50+01:00,linuxpc,16,4427,True,31.26,0.0561523,1000000,RocksDB/CasMT/Sync/real_time/threads:32,iteration,,32,16374118.124986125,91584.71874999678,,,523923200.0,523923200.0
76c60b3,2026-04-16T13:55:50+01:00,linuxpc,16,4427,True,31.26,0.0561523,1000000,RocksDB/CasMT/Sync/real_time/threads:32,iteration,,32,17201598.531300988,108581.5937499856,,,550408753.0,550408753.0
76c60b3,2026-04-16T13:55:50+01:00,linuxpc,16,4427,True,31.26,0.0561523,1000000,RocksDB/CasMT/Sync/real_time/threads:32,iteration,,32,16823269.562337372,108200.65625003324,,,538289246.0,538289246.0
76c60b3,2026-04-16T13:55:50+01:00,linuxpc,16,4427,True,31.26,0.0561523,1000000,RocksDB/CasMT/Sync/real_time/threads:32_mean,aggregate,mean,5,17274627.89358469,99914.02499999799,,,552739370.2,552739370.2
76c60b3,2026-04-16T13:55:50+01:00,linuxpc,16,4427,True,31.26,0.0561523,1000000,RocksDB/CasMT/Sync/real_time/threads:32_median,aggregate,median,5,16823269.562337372,98939.68749998805,,,538289246.0,538289246.0
76c60b3,2026-04-16T13:55:50+01:00,linuxpc,16,4427,True,31.26,0.0561523,1000000,RocksDB/CasMT/Sync/real_time/threads:32_stddev,aggregate,stddev,5,1255642.1481954758,8256.099148730122,,,40178942.49064402,40178942.49064402
76c60b3,2026-04-16T13:55:50+01:00,linuxpc,16,4427,True,31.26,0.0561523,1000000,RocksDB/CasMT/Sync/real_time/threads:32_cv,aggregate,cv,5,0.07268707354685108,0.0826320343788601,,,0.07269057472078731,0.07269057472078731
852537d,2026-04-21T22:02:31+00:00,codespaces-6ec4e2,2,3481,False,7.76,1.74072,50000,ByteCaskDB/Put/NoSync/real_time,iteration,,86050,9001.166124352521,7753.487588611272,111096.71637928278,,8071.0,17776.0
852537d,2026-04-21T22:02:31+00:00,codespaces-6ec4e2,2,3481,False,7.76,1.74072,50000,ByteCaskDB/Put/Sync/real_time,iteration,,1696,470703.022995596,33274.377358490565,2124.4817881897397,,382882.0,2883008.0
852537d,2026-04-21T22:02:31+00:00,codespaces-6ec4e2,2,3481,False,7.76,1.74072,50000,ByteCaskDB/Del/Sync/real_time,iteration,,1000,512641.70899958117,31578.034999999785,1950.6801386713094,,380822.0,3629001.0
852537d,2026-04-21T22:02:31+00:00,codespaces-6ec4e2,2,3481,False,7.76,1.74072,50000,ByteCaskDB/Get/real_time,iteration,,992545,692.1657375729552,689.0288349646617,1444740.6823493608,,579.0,1210.0
852537d,2026-04-21T22:02:31+00:00,codespaces-6ec4e2,2,3481,False,7.76,1.74072,50000,ByteCaskDB/Range50/real_time,iteration,,21866,49066.59068876423,35188.45390103357,,20380.46634100034,26961.0,390017.0
852537d,2026-04-21T22:02:31+00:00,codespaces-6ec4e2,2,3481,False,7.76,1.74072,50000,ByteCaskDB/MixedBatch/Sync/real_time,iteration,,697,1062728.5308464773,174346.7245337163,94097.4078491604,,1045286.0,2256105.0
852537d,2026-04-21T22:02:31+00:00,codespaces-6ec4e2,2,3481,False,7.76,1.74072,50000,RocksDB/Put/NoSync/real_time,iteration,,52627,13776.273015766525,8243.774355368914,72588.57303826153,,13057.0,28244.0
852537d,2026-04-21T22:02:31+00:00,codespaces-6ec4e2,2,3481,False,7.76,1.74072,50000,RocksDB/Put/Sync/real_time,iteration,,1638,503731.3333329851,42189.43162393192,1985.185224400093,,402703.0,2574769.0
852537d,2026-04-21T22:02:31+00:00,codespaces-6ec4e2,2,3481,False,7.76,1.74072,50000,RocksDB/Del/Sync/real_time,iteration,,1761,449866.94832447625,42237.63713798991,2222.879461859751,,394334.0,1572088.0
852537d,2026-04-21T22:02:31+00:00,codespaces-6ec4e2,2,3481,False,7.76,1.74072,50000,RocksDB/Get/real_time,iteration,,968013,827.9798143198019,749.2111190655496,1207758.912361306,,611.0,1609.0
852537d,2026-04-21T22:02:31+00:00,codespaces-6ec4e2,2,3481,False,7.76,1.74072,50000,RocksDB/Range50/real_time,iteration,,87410,8662.444308427044,7858.692140487349,,115440.85761419266,6436.0,17859.0
852537d,2026-04-21T22:02:31+00:00,codespaces-6ec4e2,2,3481,False,7.76,1.74072,50000,RocksDB/MixedBatch/Sync/real_time,iteration,,636,1050544.6116354198,250120.96069182316,95188.72296563064,,1007377.0,2447053.0
852537d,2026-04-21T22:02:31+00:00,codespaces-6ec4e2,2,3481,False,7.76,1.74072,50000,ByteCaskDB/Recovery/threads:1/real_time,iteration,,38,19154826.631596446,17753561.92105271,,,,
852537d,2026-04-21T22:02:31+00:00,codespaces-6ec4e2,2,3481,False,7.76,1.74072,50000,ByteCaskDB/Recovery/threads:2/real_time,iteration,,37,19170475.1622318,5988942.999999999,,,,
852537d,2026-04-21T22:02:31+00:00,codespaces-6ec4e2,2,3481,False,7.76,1.74072,50000,ByteCaskDB/Recovery/threads:4/real_time,iteration,,36,23631859.2222536,7699265.472222106,,,,
852537d,2026-04-21T22:02:31+00:00,codespaces-6ec4e2,2,3481,False,7.76,1.74072,50000,ByteCaskDB/Recovery/threads:8/real_time,iteration,,10,56797827.100126594,11381055.600000069,,,,
852537d,2026-04-21T22:02:31+00:00,codespaces-6ec4e2,2,3481,False,7.76,1.74072,50000,ByteCaskDB/Recovery/threads:16/real_time,iteration,,23,27785662.739204228,10498995.739130458,,,,
852537d,2026-04-21T22:02:31+00:00,codespaces-6ec4e2,2,3481,False,7.76,1.74072,50000,ByteCaskDB/GetMT/real_time/threads:2,iteration,,566074,1212.7568922089408,1091.3934326607487,1649135.1340474826,,2088.0,2962.0
852537d,2026-04-21T22:02:31+00:00,codespaces-6ec4e2,2,3481,False,7.76,1.74072,50000,ByteCaskDB/GetMT/real_time/threads:4,iteration,,332128,2324.479267027671,1098.211629251376,1720815.520593922,,4174.0,5673.0
852537d,2026-04-21T22:02:31+00:00,codespaces-6ec4e2,2,3481,False,7.76,1.74072,50000,ByteCaskDB/GetMT/real_time/threads:8,iteration,,157160,4187.391766365461,1106.5420717739903,1910497.1415043345,,8353.0,11998.0
852537d,2026-04-21T22:02:31+00:00,codespaces-6ec4e2,2,3481,False,7.76,1.74072,50000,ByteCaskDB/GetMT/real_time/threads:16,iteration,,177248,9209.77233593785,1072.4874413251455,1737285.0724621834,,16479.0,23598.0
852537d,2026-04-21T22:02:31+00:00,codespaces-6ec4e2,2,3481,False,7.76,1.74072,50000,ByteCaskDB/GetMT/real_time/threads:32,iteration,,225696,15204.133196864921,1083.1742387990876,2104690.848577831,,33078.0,45501.0
852537d,2026-04-21T22:02:31+00:00,codespaces-6ec4e2,2,3481,False,7.76,1.74072,50000,RocksDB/GetMT/real_time/threads:2,iteration,,374918,1698.4820867508438,1337.8504232925598,1177521.9860139666,,2488.0,4162.0
852537d,2026-04-21T22:02:31+00:00,codespaces-6ec4e2,2,3481,False,7.76,1.74072,50000,RocksDB/GetMT/real_time/threads:4,iteration,,283976,2814.061381949683,1328.3783981744962,1421433.102226312,,4953.0,8134.0
852537d,2026-04-21T22:02:31+00:00,codespaces-6ec4e2,2,3481,False,7.76,1.74072,50000,RocksDB/GetMT/real_time/threads:8,iteration,,163552,6620.459725333746,1351.8915818822109,1208375.2989822333,,10078.0,17620.0
852537d,2026-04-21T22:02:31+00:00,codespaces-6ec4e2,2,3481,False,7.76,1.74072,50000,RocksDB/GetMT/real_time/threads:16,iteration,,160000,9236.136693743902,1334.5939937500036,1732326.0287862134,,20107.0,30624.0
852537d,2026-04-21T22:02:31+00:00,codespaces-6ec4e2,2,3481,False,7.76,1.74072,50000,RocksDB/GetMT/real_time/threads:32,iteration,,208032,14577.073320469615,1326.994101868947,2195228.0335356845,,39914.0,62497.0
852537d,2026-04-21T22:02:31+00:00,codespaces-6ec4e2,2,3481,False,7.76,1.74072,50000,ByteCaskDB/ReadAndWriteLoad/Sync/real_time/threads:2,iteration,,355738,4525.086102690469,1101.3753914397662,441980.5401737804,,2000.0,12331.0
852537d,2026-04-21T22:02:31+00:00,codespaces-6ec4e2,2,3481,False,7.76,1.74072,50000,ByteCaskDB/ReadAndWriteLoad/Sync/real_time/threads:4,iteration,,154504,4782.015494749832,1120.422610417855,836467.3858525959,,4166.0,6796.0
852537d,2026-04-21T22:02:31+00:00,codespaces-6ec4e2,2,3481,False,7.76,1.74072,50000,ByteCaskDB/ReadAndWriteLoad/Sync/real_time/threads:8,iteration,,119664,5719.577968344978,1147.917326848502,1398704.5974853435,,8519.0,34233.0
852537d,2026-04-21T22:02:31+00:00,codespaces-6ec4e2,2,3481,False,7.76,1.74072,50000,ByteCaskDB/ReadAndWriteLoad/Sync/real_time/threads:16,iteration,,160000,10920.303487478122,1118.7671312500056,1465160.745609915,,16731.0,25955.0
852537d,2026-04-21T22:02:31+00:00,codespaces-6ec4e2,2,3481,False,7.76,1.74072,50000,ByteCaskDB/ReadAndWriteLoad/Sync/real_time/threads:32,iteration,,78112,10966.069182677958,1057.5761342687413,2918092.1136761853,,31962.0,90356.0
852537d,2026-04-21T22:02:31+00:00,codespaces-6ec4e2,2,3481,False,7.76,1.74072,50000,ByteCaskDB/ReadAndWriteLoad/Sync/BoundedStaleness/real_time/threads:2,iteration,,200000,2579.0285600032803,1106.2692399999958,775485.7898888317,,2084.0,3546.0
852537d,2026-04-21T22:02:31+00:00,codespaces-6ec4e2,2,3481,False,7.76,1.74072,50000,ByteCaskDB/ReadAndWriteLoad/Sync/BoundedStaleness/real_time/threads:4,iteration,,242304,4246.057159605213,1125.0060750132056,942050.4363563276,,4202.0,35881.0
852537d,2026-04-21T22:02:31+00:00,codespaces-6ec4e2,2,3481,False,7.76,1.74072,50000,ByteCaskDB/ReadAndWriteLoad/Sync/BoundedStaleness/real_time/threads:8,iteration,,80000,6381.124600034127,1124.0736250000139,1253697.5065425325,,8391.0,30705.0
852537d,2026-04-21T22:02:31+00:00,codespaces-6ec4e2,2,3481,False,7.76,1.74072,50000,ByteCaskDB/ReadAndWriteLoad/Sync/BoundedStaleness/real_time/threads:16,iteration,,169664,10381.231115625695,1131.8078024801916,1541243.0203886905,,16879.0,45847.0
852537d,2026-04-21T22:02:31+00:00,codespaces-6ec4e2,2,3481,False,7.76,1.74072,50000,ByteCaskDB/ReadAndWriteLoad/Sync/BoundedStaleness/real_time/threads:32,iteration,,128992,16913.804297917606,1105.3184538575986,1891945.7406717055,,33352.0,48828.0
852537d,2026-04-21T22:02:31+00:00,codespaces-6ec4e2,2,3481,False,7.76,1.74072,50000,RocksDB/ReadAndWriteLoad/Sync/real_time/threads:2,iteration,,339148,2248.2252792237196,1334.306066967816,889590.5666048607,,2460.0,14118.0
852537d,2026-04-21T22:02:31+00:00,codespaces-6ec4e2,2,3481,False,7.76,1.74072,50000,RocksDB/ReadAndWriteLoad/Sync/real_time/threads:4,iteration,,180656,6660.60023469,1369.803958905317,600546.4761519603,,4935.0,34279.0
852537d,2026-04-21T22:02:31+00:00,codespaces-6ec4e2,2,3481,False,7.76,1.74072,50000,RocksDB/ReadAndWriteLoad/Sync/real_time/threads:8,iteration,,49448,15388.55591737117,1331.2864018767314,519866.8440986919,,9676.0,21247.0
852537d,2026-04-21T22:02:31+00:00,codespaces-6ec4e2,2,3481,False,7.76,1.74072,50000,RocksDB/ReadAndWriteLoad/Sync/real_time/threads:16,iteration,,89616,24443.773310617264,1334.2537939653644,654563.4258950654,,19552.0,129774.0
852537d,2026-04-21T22:02:31+00:00,codespaces-6ec4e2,2,3481,False,7.76,1.74072,50000,RocksDB/ReadAndWriteLoad/Sync/real_time/threads:32,iteration,,38752,23231.568306121004,1391.9307648637305,1377436.0636500253,,40589.0,2652558.0
852537d,2026-04-21T22:02:31+00:00,codespaces-6ec4e2,2,3481,False,7.76,1.74072,50000,ByteCaskDB/PutMT/Sync/real_time/threads:2,iteration,,656,823691.7118909599,42734.98780487783,2428.092903118539,,1785076.0,3068927.0
852537d,2026-04-21T22:02:31+00:00,codespaces-6ec4e2,2,3481,False,7.76,1.74072,50000,ByteCaskDB/PutMT/Sync/real_time/threads:4,iteration,,652,835337.5751567614,29929.71472392762,4788.483265881282,,2031543.0,24445285.0
852537d,2026-04-21T22:02:31+00:00,codespaces-6ec4e2,2,3481,False,7.76,1.74072,50000,ByteCaskDB/PutMT/Sync/real_time/threads:8,iteration,,776,943152.7113421683,21421.20231958798,8482.189473447492,,5464512.0,37988341.0
852537d,2026-04-21T22:02:31+00:00,codespaces-6ec4e2,2,3481,False,7.76,1.74072,50000,ByteCaskDB/PutMT/Sync/real_time/threads:16,iteration,,160,31793248.9562395,17686.093750007076,503.2514928569439,,12670459.0,46444458.0
852537d,2026-04-21T22:02:31+00:00,codespaces-6ec4e2,2,3481,False,7.76,1.74072,50000,ByteCaskDB/PutMT/Sync/real_time/threads:32,iteration,,672,966319.9136839682,8027.462797619003,33115.32707424417,,29028735.0,43942931.0
852537d,2026-04-21T22:02:31+00:00,codespaces-6ec4e2,2,3481,False,7.76,1.74072,50000,ByteCaskDB/PutMT/Sync/real_time/threads:64,iteration,,448,1543138.55804438,9816.12723214168,41473.916691646424,,98768506.0,119848347.0
852537d,2026-04-21T22:02:31+00:00,codespaces-6ec4e2,2,3481,False,7.76,1.74072,50000,RocksDB/PutMT/Sync/real_time/threads:2,iteration,,940,550281.3893589848,40123.22872340526,3634.504162188317,,1068477.0,3797243.0
852537d,2026-04-21T22:02:31+00:00,codespaces-6ec4e2,2,3481,False,7.76,1.74072,50000,RocksDB/PutMT/Sync/real_time/threads:4,iteration,,808,789052.4158424927,37875.77722772284,5069.371716870154,,2902906.0,7237632.0
852537d,2026-04-21T22:02:31+00:00,codespaces-6ec4e2,2,3481,False,7.76,1.74072,50000,RocksDB/PutMT/Sync/real_time/threads:8,iteration,,752,987880.3311199164,31302.428191489817,8098.146858466908,,7956548.0,22912547.0
852537d,2026-04-21T22:02:31+00:00,codespaces-6ec4e2,2,3481,False,7.76,1.74072,50000,RocksDB/PutMT/Sync/real_time/threads:16,iteration,,432,1239029.9837963742,26091.041666665045,12913.32752979567,,15911296.0,56640597.0
852537d,2026-04-21T22:02:31+00:00,codespaces-6ec4e2,2,3481,False,7.76,1.74072,50000,RocksDB/PutMT/Sync/real_time/threads:32,iteration,,608,1472318.7335394677,23675.526315790958,21734.42425952953,,42763808.0,81656132.0
852537d,2026-04-21T22:02:31+00:00,codespaces-6ec4e2,2,3481,False,7.76,1.74072,50000,RocksDB/PutMT/Sync/real_time/threads:64,iteration,,384,2717134.8802047153,23470.29427083618,23554.222672662494,,134014740.0,224536479.0
852537d,2026-04-21T22:02:31+00:00,codespaces-6ec4e2,2,3481,False,7.76,1.74072,50000,ByteCaskDB/PutMT/PeriodicSync/real_time/threads:2,iteration,,20000,27566.98150005832,10821.020449999996,72550.56198284781,,20897.0,118071.0
852537d,2026-04-21T22:02:31+00:00,codespaces-6ec4e2,2,3481,False,7.76,1.74072,50000,ByteCaskDB/PutMT/PeriodicSync/real_time/threads:4,iteration,,14076,47849.94181581223,9041.162901392403,83594.66800183615,,92237.0,357461.0
852537d,2026-04-21T22:02:31+00:00,codespaces-6ec4e2,2,3481,False,7.76,1.74072,50000,ByteCaskDB/PutMT/PeriodicSync/real_time/threads:8,iteration,,8000,85660.50162539796,8037.5142499998265,93391.93500155778,,385801.0,2339465.0
852537d,2026-04-21T22:02:31+00:00,codespaces-6ec4e2,2,3481,False,7.76,1.74072,50000,ByteCaskDB/PutMT/PeriodicSync/real_time/threads:16,iteration,,7264,86206.1115092845,6938.160655286304,185601.69018036244,,1204471.0,4508225.0
852537d,2026-04-21T22:02:31+00:00,codespaces-6ec4e2,2,3481,False,7.76,1.74072,50000,ByteCaskDB/PutMT/PeriodicSync/real_time/threads:32,iteration,,5088,181780.6627347476,5930.544418238833,176036.32596880812,,5770848.0,10661412.0
852537d,2026-04-21T22:02:31+00:00,codespaces-6ec4e2,2,3481,False,7.76,1.74072,50000,ByteCaskDB/PutMT/PeriodicSync/real_time/threads:64,iteration,,2560,259236.79023662774,6517.439062500112,246878.5388894134,,15044593.0,26026940.0
852537d,2026-04-21T22:02:31+00:00,codespaces-6ec4e2,2,3481,False,7.76,1.74072,50000,RocksDB/PutMT/PeriodicSync/real_time/threads:2,iteration,,30314,28761.813353518883,8951.201029227395,69536.64483589692,,17781.0,120174.0
852537d,2026-04-21T22:02:31+00:00,codespaces-6ec4e2,2,3481,False,7.76,1.74072,50000,RocksDB/PutMT/PeriodicSync/real_time/threads:4,iteration,,17916,54905.0133959489,10793.426992632258,72853.09214213096,,37249.0,4704474.0
852537d,2026-04-21T22:02:31+00:00,codespaces-6ec4e2,2,3481,False,7.76,1.74072,50000,RocksDB/PutMT/PeriodicSync/real_time/threads:8,iteration,,7512,125086.43730016492,14959.586128860445,63955.77468405083,,335713.0,12762505.0
852537d,2026-04-21T22:02:31+00:00,codespaces-6ec4e2,2,3481,False,7.76,1.74072,50000,RocksDB/PutMT/PeriodicSync/real_time/threads:16,iteration,,3744,196415.37954159628,17770.006143162213,81460.01620311798,,1775537.0,20750892.0
852537d,2026-04-21T22:02:31+00:00,codespaces-6ec4e2,2,3481,False,7.76,1.74072,50000,RocksDB/PutMT/PeriodicSync/real_time/threads:32,iteration,,1216,422650.26232856046,20762.409539474294,75712.71770588373,,12136966.0,26537424.0
852537d,2026-04-21T22:02:31+00:00,codespaces-6ec4e2,2,3481,False,7.76,1.74072,50000,RocksDB/PutMT/PeriodicSync/real_time/threads:64,iteration,,960,964685.7343739157,22550.207291666455,66342.84899168351,,54082329.0,108697760.0
852537d,2026-04-21T22:02:31+00:00,codespaces-6ec4e2,2,3481,False,7.76,1.74072,50000,ByteCaskDB/CasMT/NoSync/real_time/threads:2,iteration,,20000,27701.011600038324,11600.9407,,,20299.0,292908.0
852537d,2026-04-21T22:02:31+00:00,codespaces-6ec4e2,2,3481,False,7.76,1.74072,50000,ByteCaskDB/CasMT/NoSync/real_time/threads:4,iteration,,16636,42454.9769175712,9696.023803798973,,,103094.0,550948.0
852537d,2026-04-21T22:02:31+00:00,codespaces-6ec4e2,2,3481,False,7.76,1.74072,50000,ByteCaskDB/CasMT/NoSync/real_time/threads:8,iteration,,9792,78450.28084151713,9149.05473856217,,,328837.0,6995550.0
852537d,2026-04-21T22:02:31+00:00,codespaces-6ec4e2,2,3481,False,7.76,1.74072,50000,ByteCaskDB/CasMT/NoSync/real_time/threads:16,iteration,,5520,191670.43007220616,8077.437137681154,,,1460119.0,30350704.0
852537d,2026-04-21T22:02:31+00:00,codespaces-6ec4e2,2,3481,False,7.76,1.74072,50000,ByteCaskDB/CasMT/NoSync/real_time/threads:32,iteration,,4064,226187.05093519588,8293.16141732259,,,5715965.0,20910709.0
852537d,2026-04-21T22:02:31+00:00,codespaces-6ec4e2,2,3481,False,7.76,1.74072,50000,ByteCaskDB/CasMT/Sync/real_time/threads:2,iteration,,854,882645.0070263378,45362.27634660506,,,1642137.0,7438214.0
852537d,2026-04-21T22:02:31+00:00,codespaces-6ec4e2,2,3481,False,7.76,1.74072,50000,ByteCaskDB/CasMT/Sync/real_time/threads:4,iteration,,788,968940.6992370535,29633.23857868025,,,3633598.0,16589778.0
852537d,2026-04-21T22:02:31+00:00,codespaces-6ec4e2,2,3481,False,7.76,1.74072,50000,ByteCaskDB/CasMT/Sync/real_time/threads:8,iteration,,776,920829.6649484106,20320.109536083295,,,6258076.0,37483192.0
852537d,2026-04-21T22:02:31+00:00,codespaces-6ec4e2,2,3481,False,7.76,1.74072,50000,ByteCaskDB/CasMT/Sync/real_time/threads:16,iteration,,736,859655.8722788558,18074.26630434662,,,9896542.0,41423593.0
852537d,2026-04-21T22:02:31+00:00,codespaces-6ec4e2,2,3481,False,7.76,1.74072,50000,ByteCaskDB/CasMT/Sync/real_time/threads:32,iteration,,640,846146.9984410995,10433.076562499871,,,22757340.0,43759478.0
852537d,2026-04-21T22:02:31+00:00,codespaces-6ec4e2,2,3481,False,7.76,1.74072,50000,RocksDB/CasMT/NoSync/real_time/threads:2,iteration,,23634,30984.969450712753,15103.806803757303,,,30584.0,110787.0
852537d,2026-04-21T22:02:31+00:00,codespaces-6ec4e2,2,3481,False,7.76,1.74072,50000,RocksDB/CasMT/NoSync/real_time/threads:4,iteration,,9760,67526.11506137745,16450.34907786875,,,62792.0,4778076.0
852537d,2026-04-21T22:02:31+00:00,codespaces-6ec4e2,2,3481,False,7.76,1.74072,50000,RocksDB/CasMT/NoSync/real_time/threads:8,iteration,,5936,132052.8044146151,20296.39538409705,,,135914.0,14071612.0
852537d,2026-04-21T22:02:31+00:00,codespaces-6ec4e2,2,3481,False,7.76,1.74072,50000,RocksDB/CasMT/NoSync/real_time/threads:16,iteration,,2224,243356.20458868166,18335.601169064565,,,286508.0,56976309.0
852537d,2026-04-21T22:02:31+00:00,codespaces-6ec4e2,2,3481,False,7.76,1.74072,50000,RocksDB/CasMT/NoSync/real_time/threads:32,iteration,,1184,662673.2837782976,27760.538006757448,,,17613320.0,59299510.0
852537d,2026-04-21T22:02:31+00:00,codespaces-6ec4e2,2,3481,False,7.76,1.74072,50000,RocksDB/CasMT/Sync/real_time/threads:2,iteration,,794,855771.2015120501,68396.9105793452,,,1862315.0,5996223.0
852537d,2026-04-21T22:02:31+00:00,codespaces-6ec4e2,2,3481,False,7.76,1.74072,50000,RocksDB/CasMT/Sync/real_time/threads:4,iteration,,676,758863.2914191224,49220.91715976278,,,2861914.0,10927176.0
852537d,2026-04-21T22:02:31+00:00,codespaces-6ec4e2,2,3481,False,7.76,1.74072,50000,RocksDB/CasMT/Sync/real_time/threads:8,iteration,,664,961644.2319285459,40312.66716867415,,,7327917.0,23699020.0
852537d,2026-04-21T22:02:31+00:00,codespaces-6ec4e2,2,3481,False,7.76,1.74072,50000,RocksDB/CasMT/Sync/real_time/threads:16,iteration,,560,1030836.5428565075,33766.60000000266,,,16417781.0,28611614.0
852537d,2026-04-21T22:02:31+00:00,codespaces-6ec4e2,2,3481,False,7.76,1.74072,50000,RocksDB/CasMT/Sync/real_time/threads:32,iteration,,480,1358654.0875091183,33955.49166666599,,,39327500.0,73025825.0
852537d,2026-04-21T22:03:40+00:00,codespaces-6ec4e2,2,3477,False,7.76,2.92041,50000,ByteCaskDB/Put/NoSync/real_time,iteration,,69236,11873.495349234145,7814.995305910222,84221.19776755555,,12651.0,20746.0
852537d,2026-04-21T22:03:40+00:00,codespaces-6ec4e2,2,3477,False,7.76,2.92041,50000,ByteCaskDB/Put/Sync/real_time,iteration,,1410,469799.2822692745,35317.33829787234,2128.5685988486266,,398251.0,1325380.0
852537d,2026-04-21T22:03:40+00:00,codespaces-6ec4e2,2,3477,False,7.76,2.92041,50000,ByteCaskDB/Del/Sync/real_time,iteration,,1741,380378.32854685746,17625.553130384804,2628.961549466437,,745.0,3675716.0
852537d,2026-04-21T22:03:40+00:00,codespaces-6ec4e2,2,3477,False,7.76,2.92041,50000,ByteCaskDB/Get/real_time,iteration,,852884,723.9855302721185,707.3281290304426,1381243.0748776684,,577.0,1225.0
852537d,2026-04-21T22:03:40+00:00,codespaces-6ec4e2,2,3477,False,7.76,2.92041,50000,ByteCaskDB/Range50/real_time,iteration,,23337,36350.20259674355,34151.73437031323,,27510.163040730495,26704.0,61737.0
852537d,2026-04-21T22:03:40+00:00,codespaces-6ec4e2,2,3477,False,7.76,2.92041,50000,ByteCaskDB/MixedBatch/Sync/real_time,iteration,,577,1194758.8960156816,178150.0571923748,83698.89551229376,,1067057.0,4048613.0
852537d,2026-04-21T22:03:40+00:00,codespaces-6ec4e2,2,3477,False,7.76,2.92041,50000,ByteCaskDB/Recovery/threads:1/real_time,iteration,,36,30317103.88884474,20021076.916666657,,,,
852537d,2026-04-21T22:03:40+00:00,codespaces-6ec4e2,2,3477,False,7.76,2.92041,50000,ByteCaskDB/Recovery/threads:2/real_time,iteration,,38,18656803.23695223,5458645.763157881,,,,
852537d,2026-04-21T22:03:40+00:00,codespaces-6ec4e2,2,3477,False,7.76,2.92041,50000,ByteCaskDB/Recovery/threads:4/real_time,iteration,,35,21434107.542830005,6922397.828571343,,,,
852537d,2026-04-21T22:03:40+00:00,codespaces-6ec4e2,2,3477,False,7.76,2.92041,50000,ByteCaskDB/Recovery/threads:8/real_time,iteration,,28,21410183.17836694,7563423.999999985,,,,
852537d,2026-04-21T22:03:40+00:00,codespaces-6ec4e2,2,3477,False,7.76,2.92041,50000,ByteCaskDB/Recovery/threads:16/real_time,iteration,,29,41138014.24161999,10794214.27586209,,,,
852537d,2026-04-21T22:03:40+00:00,codespaces-6ec4e2,2,3477,False,7.76,2.92041,50000,ByteCaskDB/GetMT/real_time/threads:2,iteration,,624170,1187.9748674249256,1095.3918371597483,1683537.2993498032,,2083.0,2855.0
852537d,2026-04-21T22:03:40+00:00,codespaces-6ec4e2,2,3477,False,7.76,2.92041,50000,ByteCaskDB/GetMT/real_time/threads:4,iteration,,239980,2257.901300112723,1100.7696516376384,1771556.621983567,,4164.0,5607.0
852537d,2026-04-21T22:03:40+00:00,codespaces-6ec4e2,2,3477,False,7.76,2.92041,50000,ByteCaskDB/GetMT/real_time/threads:8,iteration,,157040,5060.36233444633,1074.8475802343357,1580914.4624967463,,8248.0,11360.0
852537d,2026-04-21T22:03:40+00:00,codespaces-6ec4e2,2,3477,False,7.76,2.92041,50000,ByteCaskDB/GetMT/real_time/threads:16,iteration,,160000,7461.655762506325,1090.967987499998,2144296.186966644,,16581.0,22200.0
852537d,2026-04-21T22:03:40+00:00,codespaces-6ec4e2,2,3477,False,7.76,2.92041,50000,ByteCaskDB/GetMT/real_time/threads:32,iteration,,77664,14780.946410194942,1052.0220436753175,2164949.3281383165,,31927.0,42677.0
852537d,2026-04-21T22:03:40+00:00,codespaces-6ec4e2,2,3477,False,7.76,2.92041,50000,ByteCaskDB/ReadAndWriteLoad/Sync/real_time/threads:2,iteration,,288788,2331.3993864012373,1106.7458066124652,857853.8759449588,,2078.0,3700.0
852537d,2026-04-21T22:03:40+00:00,codespaces-6ec4e2,2,3477,False,7.76,2.92041,50000,ByteCaskDB/ReadAndWriteLoad/Sync/real_time/threads:4,iteration,,180308,3385.2370943108945,1116.0595314683771,1181601.1371027022,,4158.0,11003.0
852537d,2026-04-21T22:03:40+00:00,codespaces-6ec4e2,2,3477,False,7.76,2.92041,50000,ByteCaskDB/ReadAndWriteLoad/Sync/real_time/threads:8,iteration,,149640,5634.4228749005415,1133.50125634857,1419843.7315802667,,8430.0,72325.0
852537d,2026-04-21T22:03:40+00:00,codespaces-6ec4e2,2,3477,False,7.76,2.92041,50000,ByteCaskDB/ReadAndWriteLoad/Sync/real_time/threads:16,iteration,,172592,9284.735793088326,1119.1754890145532,1723258.513388243,,16667.0,58201.0
852537d,2026-04-21T22:03:40+00:00,codespaces-6ec4e2,2,3477,False,7.76,2.92041,50000,ByteCaskDB/ReadAndWriteLoad/Sync/real_time/threads:32,iteration,,173632,16436.09360601486,1120.9588727884282,1946934.6407402705,,33413.0,53339.0
852537d,2026-04-21T22:03:40+00:00,codespaces-6ec4e2,2,3477,False,7.76,2.92041,50000,ByteCaskDB/ReadAndWriteLoad/Sync/BoundedStaleness/real_time/threads:2,iteration,,338502,4105.210926380702,1121.7454461125776,487185.6856727383,,2070.0,4759.0
852537d,2026-04-21T22:03:40+00:00,codespaces-6ec4e2,2,3477,False,7.76,2.92041,50000,ByteCaskDB/ReadAndWriteLoad/Sync/BoundedStaleness/real_time/threads:4,iteration,,100464,5313.947175102807,1116.8995361522586,752736.1240512546,,4141.0,14798.0
852537d,2026-04-21T22:03:40+00:00,codespaces-6ec4e2,2,3477,False,7.76,2.92041,50000,ByteCaskDB/ReadAndWriteLoad/Sync/BoundedStaleness/real_time/threads:8,iteration,,83328,9853.321656605616,1104.9236151113655,811908.9459174249,,8242.0,18870.0
852537d,2026-04-21T22:03:40+00:00,codespaces-6ec4e2,2,3477,False,7.76,2.92041,50000,ByteCaskDB/ReadAndWriteLoad/Sync/BoundedStaleness/real_time/threads:16,iteration,,160000,11717.984399990655,1110.6504687499983,1365422.5380273385,,16665.0,25527.0
852537d,2026-04-21T22:03:40+00:00,codespaces-6ec4e2,2,3477,False,7.76,2.92041,50000,ByteCaskDB/ReadAndWriteLoad/Sync/BoundedStaleness/real_time/threads:32,iteration,,46208,12862.756622226003,1099.3998009002705,2487802.649138684,,32491.0,195953.0
852537d,2026-04-21T22:03:40+00:00,codespaces-6ec4e2,2,3477,False,7.76,2.92041,50000,ByteCaskDB/PutMT/Sync/real_time/threads:2,iteration,,838,1006430.9689735948,45506.04415274405,1987.2202482398702,,1820554.0,6230873.0
852537d,2026-04-21T22:03:40+00:00,codespaces-6ec4e2,2,3477,False,7.76,2.92041,50000,ByteCaskDB/PutMT/Sync/real_time/threads:4,iteration,,680,991016.8058842614,33057.301470587685,4036.258493548848,,3360990.0,16914185.0
852537d,2026-04-21T22:03:40+00:00,codespaces-6ec4e2,2,3477,False,7.76,2.92041,50000,ByteCaskDB/PutMT/Sync/real_time/threads:8,iteration,,768,916747.6223955381,20304.817708332765,8726.502043272643,,5957854.0,30966927.0
852537d,2026-04-21T22:03:40+00:00,codespaces-6ec4e2,2,3477,False,7.76,2.92041,50000,ByteCaskDB/PutMT/Sync/real_time/threads:16,iteration,,624,1004071.429490931,13913.046474359022,15935.12127729008,,13258065.0,41792242.0
852537d,2026-04-21T22:03:40+00:00,codespaces-6ec4e2,2,3477,False,7.76,2.92041,50000,ByteCaskDB/PutMT/Sync/real_time/threads:32,iteration,,448,1200727.7790116535,9444.910714284526,26650.503602356843,,32261190.0,60678947.0
852537d,2026-04-21T22:03:40+00:00,codespaces-6ec4e2,2,3477,False,7.76,2.92041,50000,ByteCaskDB/PutMT/Sync/real_time/threads:64,iteration,,512,1677452.2792921686,8073.697265623658,38153.09728334326,,72466451.0,144876862.0
852537d,2026-04-21T22:03:40+00:00,codespaces-6ec4e2,2,3477,False,7.76,2.92041,50000,ByteCaskDB/PutMT/PeriodicSync/real_time/threads:2,iteration,,20000,31754.67865003157,11149.698699999994,62982.844891677465,,25511.0,150527.0
852537d,2026-04-21T22:03:40+00:00,codespaces-6ec4e2,2,3477,False,7.76,2.92041,50000,ByteCaskDB/PutMT/PeriodicSync/real_time/threads:4,iteration,,21132,48416.097671667565,9242.582150293414,82617.14992244708,,89500.0,392538.0
852537d,2026-04-21T22:03:40+00:00,codespaces-6ec4e2,2,3477,False,7.76,2.92041,50000,ByteCaskDB/PutMT/PeriodicSync/real_time/threads:8,iteration,,8000,95397.43512505083,8750.113374999939,83859.69695635187,,396536.0,2248774.0
852537d,2026-04-21T22:03:40+00:00,codespaces-6ec4e2,2,3477,False,7.76,2.92041,50000,ByteCaskDB/PutMT/PeriodicSync/real_time/threads:16,iteration,,5680,109849.11795705404,7615.264436619796,145654.33293925278,,1532020.0,4238437.0
852537d,2026-04-21T22:03:40+00:00,codespaces-6ec4e2,2,3477,False,7.76,2.92041,50000,ByteCaskDB/PutMT/PeriodicSync/real_time/threads:32,iteration,,2912,219177.68131910695,6196.775068681216,146000.26703179828,,6853812.0,13657528.0
852537d,2026-04-21T22:03:40+00:00,codespaces-6ec4e2,2,3477,False,7.76,2.92041,50000,ByteCaskDB/PutMT/PeriodicSync/real_time/threads:64,iteration,,1472,340368.17730818415,6599.353940217412,188031.6794188771,,20582280.0,34361464.0
852537d,2026-04-21T22:03:40+00:00,codespaces-6ec4e2,2,3477,False,7.76,2.92041,50000,ByteCaskDB/CasMT/NoSync/real_time/threads:2,iteration,,37900,25361.387255984926,11884.607862796805,,,24479.0,148563.0
852537d,2026-04-21T22:03:40+00:00,codespaces-6ec4e2,2,3477,False,7.76,2.92041,50000,ByteCaskDB/CasMT/NoSync/real_time/threads:4,iteration,,19020,42531.732492080235,9556.173869610979,,,96280.0,1002924.0
852537d,2026-04-21T22:03:40+00:00,codespaces-6ec4e2,2,3477,False,7.76,2.92041,50000,ByteCaskDB/CasMT/NoSync/real_time/threads:8,iteration,,8488,156565.8218661155,9836.09189443922,,,595685.0,12092661.0
852537d,2026-04-21T22:03:40+00:00,codespaces-6ec4e2,2,3477,False,7.76,2.92041,50000,ByteCaskDB/CasMT/NoSync/real_time/threads:16,iteration,,3440,201408.36453519177,8712.986046511427,,,2149651.0,19766385.0
852537d,2026-04-21T22:03:40+00:00,codespaces-6ec4e2,2,3477,False,7.76,2.92041,50000,ByteCaskDB/CasMT/NoSync/real_time/threads:32,iteration,,3200,489756.51156411006,9120.017187500256,,,10170186.0,89457492.0
852537d,2026-04-21T22:03:40+00:00,codespaces-6ec4e2,2,3477,False,7.76,2.92041,50000,ByteCaskDB/CasMT/Sync/real_time/threads:2,iteration,,768,927251.9062501298,48406.45442708373,,,1846409.0,4602319.0
852537d,2026-04-21T22:03:40+00:00,codespaces-6ec4e2,2,3477,False,7.76,2.92041,50000,ByteCaskDB/CasMT/Sync/real_time/threads:4,iteration,,400,1441382.9775048727,39307.17249999868,,,4489817.0,24084313.0
852537d,2026-04-21T22:03:40+00:00,codespaces-6ec4e2,2,3477,False,7.76,2.92041,50000,ByteCaskDB/CasMT/Sync/real_time/threads:8,iteration,,560,1004867.3678608922,23096.591071428757,,,7513555.0,20883007.0
852537d,2026-04-21T22:03:40+00:00,codespaces-6ec4e2,2,3477,False,7.76,2.92041,50000,ByteCaskDB/CasMT/Sync/real_time/threads:16,iteration,,624,944648.6121876847,15497.850961539005,,,11519357.0,44115009.0
852537d,2026-04-21T22:03:40+00:00,codespaces-6ec4e2,2,3477,False,7.76,2.92041,50000,ByteCaskDB/CasMT/Sync/real_time/threads:32,iteration,,320,1651808.740598426,14271.624999999103,,,24892286.0,124270318.0
852537d,2026-04-21T22:14:27+00:00,codespaces-6ec4e2,2,3491,False,7.76,2.63818,50000,ByteCaskDB/PutMT/Sync/real_time/threads:2,iteration,,818,769270.3312944734,40696.12347188264,2599.866287101626,,1619251.0,3280497.0
852537d,2026-04-21T22:14:27+00:00,codespaces-6ec4e2,2,3491,False,7.76,2.63818,50000,ByteCaskDB/PutMT/Sync/real_time/threads:4,iteration,,772,940110.9391169932,33796.058290155444,4254.8169939997,,3376665.0,21210498.0
852537d,2026-04-21T22:14:27+00:00,codespaces-6ec4e2,2,3491,False,7.76,2.63818,50000,ByteCaskDB/PutMT/Sync/real_time/threads:8,iteration,,608,1085736.055930092,22276.277960526324,7368.273307592082,,7233869.0,27267717.0
852537d,2026-04-21T22:14:27+00:00,codespaces-6ec4e2,2,3491,False,7.76,2.63818,50000,ByteCaskDB/PutMT/Sync/real_time/threads:16,iteration,,608,1129043.527947416,13929.481907894731,14171.287115110395,,14409540.0,35210925.0
852537d,2026-04-21T22:14:27+00:00,codespaces-6ec4e2,2,3491,False,7.76,2.63818,50000,ByteCaskDB/PutMT/Sync/real_time/threads:32,iteration,,704,1914966.9602298178,11006.899147727272,16710.47107578276,,53238600.0,131231637.0
852537d,2026-04-21T22:14:27+00:00,codespaces-6ec4e2,2,3491,False,7.76,2.63818,50000,ByteCaskDB/PutMT/Sync/real_time/threads:64,iteration,,448,2617024.4977216884,8812.946428571433,24455.25445241979,,160725183.0,211159785.0
852537d,2026-04-21T22:14:27+00:00,codespaces-6ec4e2,2,3491,False,7.76,2.63818,50000,RocksDB/PutMT/Sync/real_time/threads:2,iteration,,772,753818.4015547201,46740.294041450776,2653.158898582312,,1268081.0,6030640.0
852537d,2026-04-21T22:14:27+00:00,codespaces-6ec4e2,2,3491,False,7.76,2.63818,50000,RocksDB/PutMT/Sync/real_time/threads:4,iteration,,884,862668.5101805638,36845.32579185522,4636.7752535244,,3276067.0,8263292.0
852537d,2026-04-21T22:14:27+00:00,codespaces-6ec4e2,2,3491,False,7.76,2.63818,50000,RocksDB/PutMT/Sync/real_time/threads:8,iteration,,672,1061039.6904797067,31648.76488095237,7539.774498334853,,8213030.0,18780524.0
852537d,2026-04-21T22:14:27+00:00,codespaces-6ec4e2,2,3491,False,7.76,2.63818,50000,RocksDB/PutMT/Sync/real_time/threads:16,iteration,,400,1617224.775000068,28444.307500000006,9893.491768946793,,24806854.0,52428752.0
852537d,2026-04-21T22:14:27+00:00,codespaces-6ec4e2,2,3491,False,7.76,2.63818,50000,RocksDB/PutMT/Sync/real_time/threads:32,iteration,,384,1983594.7656474672,24061.880208333332,16132.327305045517,,59605467.0,72125395.0
852537d,2026-04-21T22:14:27+00:00,codespaces-6ec4e2,2,3491,False,7.76,2.63818,50000,RocksDB/PutMT/Sync/real_time/threads:64,iteration,,448,3216211.616104049,25135.10267857143,19899.18812541516,,189944599.0,292840622.0
852537d,2026-04-21T22:14:27+00:00,codespaces-6ec4e2,2,3491,False,7.76,2.63818,50000,ByteCaskDB/PutMT/PeriodicSync/real_time/threads:2,iteration,,20000,27742.535700053846,10767.336,72091.46350656469,,27328.0,140888.0
852537d,2026-04-21T22:14:27+00:00,codespaces-6ec4e2,2,3491,False,7.76,2.63818,50000,ByteCaskDB/PutMT/PeriodicSync/real_time/threads:4,iteration,,22664,61331.63735450064,9303.21377515002,65219.19473435469,,116686.0,1392940.0
852537d,2026-04-21T22:14:27+00:00,codespaces-6ec4e2,2,3491,False,7.76,2.63818,50000,ByteCaskDB/PutMT/PeriodicSync/real_time/threads:8,iteration,,8576,82026.67572350241,8810.943097014928,97529.24800910623,,350433.0,3008471.0
852537d,2026-04-21T22:14:27+00:00,codespaces-6ec4e2,2,3491,False,7.76,2.63818,50000,ByteCaskDB/PutMT/PeriodicSync/real_time/threads:16,iteration,,8448,157675.3397259698,7188.118016098488,101474.3334487627,,1512565.0,9532186.0
852537d,2026-04-21T22:14:27+00:00,codespaces-6ec4e2,2,3491,False,7.76,2.63818,50000,ByteCaskDB/PutMT/PeriodicSync/real_time/threads:32,iteration,,4416,154504.8333312387,7250.055253623188,207113.2618317258,,3804060.0,18992623.0
852537d,2026-04-21T22:14:27+00:00,codespaces-6ec4e2,2,3491,False,7.76,2.63818,50000,ByteCaskDB/PutMT/PeriodicSync/real_time/threads:64,iteration,,6400,311966.16687566345,5930.785156250005,205150.45154081626,,18608557.0,35625055.0
852537d,2026-04-21T22:14:27+00:00,codespaces-6ec4e2,2,3491,False,7.76,2.63818,50000,RocksDB/PutMT/PeriodicSync/real_time/threads:2,iteration,,20000,26692.364549853664,8418.845050000002,74927.79428606165,,16188.0,168279.0
852537d,2026-04-21T22:14:27+00:00,codespaces-6ec4e2,2,3491,False,7.76,2.63818,50000,RocksDB/PutMT/PeriodicSync/real_time/threads:4,iteration,,18284,55405.060982404946,8826.617370378473,72195.57074885785,,34692.0,3397174.0
852537d,2026-04-21T22:14:27+00:00,codespaces-6ec4e2,2,3491,False,7.76,2.63818,50000,RocksDB/PutMT/PeriodicSync/real_time/threads:8,iteration,,6896,75758.63761670655,9275.5633700696,105598.51987406665,,64949.0,16049675.0
852537d,2026-04-21T22:14:27+00:00,codespaces-6ec4e2,2,3491,False,7.76,2.63818,50000,RocksDB/PutMT/PeriodicSync/real_time/threads:16,iteration,,6864,179982.61931909632,11905.647435897426,88897.47277004088,,149296.0,41327994.0
852537d,2026-04-21T22:14:27+00:00,codespaces-6ec4e2,2,3491,False,7.76,2.63818,50000,RocksDB/PutMT/PeriodicSync/real_time/threads:32,iteration,,1568,400046.4980899964,20536.88520408164,79990.70146291125,,11514930.0,31411144.0
852537d,2026-04-21T22:14:27+00:00,codespaces-6ec4e2,2,3491,False,7.76,2.63818,50000,RocksDB/PutMT/PeriodicSync/real_time/threads:64,iteration,,640,1440524.8359082635,21539.76093750003,44428.25170705748,,76398047.0,126141000.0
8bc6fca,2026-04-21T22:51:04+01:00,linuxpc,16,4427,True,31.26,2.64453,1000000,ByteCaskDB/Put/NoSync/real_time,iteration,,123986,5828.013243713149,5797.067338247868,171585.05963910252,,5300.0,11050.0
8bc6fca,2026-04-21T22:51:04+01:00,linuxpc,16,4427,True,31.26,2.64453,1000000,ByteCaskDB/Put/Sync/real_time,iteration,,396,2071253.7829460802,225289.9823232323,482.79935961185515,,2022246.0,5082025.0
8bc6fca,2026-04-21T22:51:04+01:00,linuxpc,16,4427,True,31.26,2.64453,1000000,ByteCaskDB/Del/Sync/real_time,iteration,,348,1562296.9683669186,213619.94827586156,640.0831725643735,,2089606.0,4114552.0
8bc6fca,2026-04-21T22:51:04+01:00,linuxpc,16,4427,True,31.26,2.64453,1000000,ByteCaskDB/Get/real_time,iteration,,702592,843.8362150353265,839.8625446916562,1185064.0944085766,,740.0,1230.0
8bc6fca,2026-04-21T22:51:04+01:00,linuxpc,16,4427,True,31.26,2.64453,1000000,ByteCaskDB/Range50/real_time,iteration,,16131,36292.72016693456,36165.42006075265,,27553.73516783336,36021.0,41491.0
8bc6fca,2026-04-21T22:51:04+01:00,linuxpc,16,4427,True,31.26,2.64453,1000000,ByteCaskDB/MixedBatch/Sync/real_time,iteration,,274,2473243.9672526815,464537.83576642495,40432.727755152104,,2331900.0,5164016.0
8bc6fca,2026-04-21T22:51:04+01:00,linuxpc,16,4427,True,31.26,2.64453,1000000,RocksDB/Put/NoSync/real_time,iteration,,129740,5596.736981709338,5569.80654385694,178675.53956315867,,5070.0,11000.0
8bc6fca,2026-04-21T22:51:04+01:00,linuxpc,16,4427,True,31.26,2.64453,1000000,RocksDB/Put/Sync/real_time,iteration,,338,2818795.594561724,268163.5710059175,354.7614456079365,,2049986.0,15347956.0
8bc6fca,2026-04-21T22:51:04+01:00,linuxpc,16,4427,True,31.26,2.64453,1000000,RocksDB/Del/Sync/real_time,iteration,,200,3295700.8498488,241985.55999999982,303.4255976375641,,2030736.0,12611331.0
8bc6fca,2026-04-21T22:51:04+01:00,linuxpc,16,4427,True,31.26,2.64453,1000000,RocksDB/Get/real_time,iteration,,278282,2205.188654057884,2194.225318202396,453475.9410084245,,1640.0,5730.0
8bc6fca,2026-04-21T22:51:04+01:00,linuxpc,16,4427,True,31.26,2.64453,1000000,RocksDB/Range50/real_time,iteration,,42523,14242.160618174674,14159.475977706194,,70214.06560489722,13201.0,20201.0
8bc6fca,2026-04-21T22:51:04+01:00,linuxpc,16,4427,True,31.26,2.64453,1000000,RocksDB/MixedBatch/Sync/real_time,iteration,,273,4010841.9706594646,462639.82783882547,24932.420856152043,,2327040.0,31920388.0
8bc6fca,2026-04-21T22:51:04+01:00,linuxpc,16,4427,True,31.26,2.64453,1000000,ByteCaskDB/Recovery/threads:1/real_time,iteration,,2,282919958.9905329,279545481.99999785,,,,
8bc6fca,2026-04-21T22:51:04+01:00,linuxpc,16,4427,True,31.26,2.64453,1000000,ByteCaskDB/Recovery/threads:2/real_time,iteration,,3,225035471.64766738,61206837.00000029,,,,
8bc6fca,2026-04-21T22:51:04+01:00,linuxpc,16,4427,True,31.26,2.64453,1000000,ByteCaskDB/Recovery/threads:4/real_time,iteration,,4,143305740.75574988,60593991.2500002,,,,
8bc6fca,2026-04-21T22:51:04+01:00,linuxpc,16,4427,True,31.26,2.64453,1000000,ByteCaskDB/Recovery/threads:8/real_time,iteration,,6,114079780.66320841,56892206.833333366,,,,
8bc6fca,2026-04-21T22:51:04+01:00,linuxpc,16,4427,True,31.26,2.64453,1000000,ByteCaskDB/Recovery/threads:16/real_time,iteration,,6,99896646.00774024,57349872.49999968,,,,
8bc6fca,2026-04-21T22:51:04+01:00,linuxpc,16,4427,True,31.26,2.64453,1000000,ByteCaskDB/GetMT/real_time/threads:2,iteration,,670058,987.5621722262313,978.102331439963,2025188.951386687,,1750.0,3060.0
8bc6fca,2026-04-21T22:51:04+01:00,linuxpc,16,4427,True,31.26,2.64453,1000000,ByteCaskDB/GetMT/real_time/threads:4,iteration,,639716,1136.2337458723318,1128.27662587773,3520402.39478105,,4280.0,6450.0
8bc6fca,2026-04-21T22:51:04+01:00,linuxpc,16,4427,True,31.26,2.64453,1000000,ByteCaskDB/GetMT/real_time/threads:8,iteration,,519624,1339.5461295747352,1329.0155939679457,5972172.083793601,,10290.0,15070.0
8bc6fca,2026-04-21T22:51:04+01:00,linuxpc,16,4427,True,31.26,2.64453,1000000,ByteCaskDB/GetMT/real_time/threads:16,iteration,,429984,1824.8344937640163,1523.7101147949636,8767918.435713813,,23310.0,37531.0
8bc6fca,2026-04-21T22:51:04+01:00,linuxpc,16,4427,True,31.26,2.64453,1000000,ByteCaskDB/GetMT/real_time/threads:32,iteration,,320000,2731.422743818257,1309.6931406250053,11715506.167041425,,39502.0,62591.0
8bc6fca,2026-04-21T22:51:04+01:00,linuxpc,16,4427,True,31.26,2.64453,1000000,RocksDB/GetMT/real_time/threads:2,iteration,,221232,2746.7880864433037,2730.0369973602383,728123.1522267569,,5570.0,16400.0
8bc6fca,2026-04-21T22:51:04+01:00,linuxpc,16,4427,True,31.26,2.64453,1000000,RocksDB/GetMT/real_time/threads:4,iteration,,248676,2451.893391324223,2421.039131239047,1631392.3003967446,,8710.0,28300.0
8bc6fca,2026-04-21T22:51:04+01:00,linuxpc,16,4427,True,31.26,2.64453,1000000,RocksDB/GetMT/real_time/threads:8,iteration,,256272,2423.2739940047836,2342.305054785541,3301318.8024928756,,17551.0,58161.0
8bc6fca,2026-04-21T22:51:04+01:00,linuxpc,16,4427,True,31.26,2.64453,1000000,RocksDB/GetMT/real_time/threads:16,iteration,,160000,3159.3217943736818,2658.570900000005,5064378.066360256,,40670.0,97733.0
8bc6fca,2026-04-21T22:51:04+01:00,linuxpc,16,4427,True,31.26,2.64453,1000000,RocksDB/GetMT/real_time/threads:32,iteration,,268672,3820.7179725791116,2671.7746099333044,8375389.188540115,,85530.0,112010.0
8bc6fca,2026-04-21T22:51:04+01:00,linuxpc,16,4427,True,31.26,2.64453,1000000,ByteCaskDB/ReadAndWriteLoad/Sync/real_time/threads:2,iteration,,660124,959.1339475580313,944.715180784215,2085214.4844753211,,1740.0,2880.0
8bc6fca,2026-04-21T22:51:04+01:00,linuxpc,16,4427,True,31.26,2.64453,1000000,ByteCaskDB/ReadAndWriteLoad/Sync/real_time/threads:4,iteration,,680016,892.6271911636894,885.1300807628037,4481154.102851525,,3340.0,4910.0
8bc6fca,2026-04-21T22:51:04+01:00,linuxpc,16,4427,True,31.26,2.64453,1000000,ByteCaskDB/ReadAndWriteLoad/Sync/real_time/threads:8,iteration,,547288,1190.4734471492704,1180.4680168394007,6720015.485567482,,9020.0,13950.0
8bc6fca,2026-04-21T22:51:04+01:00,linuxpc,16,4427,True,31.26,2.64453,1000000,ByteCaskDB/ReadAndWriteLoad/Sync/real_time/threads:16,iteration,,444208,1673.4354086685623,1319.262917372043,9561169.745254824,,20211.0,30910.0
8bc6fca,2026-04-21T22:51:04+01:00,linuxpc,16,4427,True,31.26,2.64453,1000000,ByteCaskDB/ReadAndWriteLoad/Sync/real_time/threads:32,iteration,,320000,2554.692346166121,1618.6302781249979,12525970.122399691,,49800.0,76130.0
8bc6fca,2026-04-21T22:51:04+01:00,linuxpc,16,4427,True,31.26,2.64453,1000000,ByteCaskDB/ReadAndWriteLoad/Sync/BoundedStaleness/real_time/threads:2,iteration,,691308,898.8625590764929,881.8758078888145,2225034.2722638655,,1680.0,2450.0
8bc6fca,2026-04-21T22:51:04+01:00,linuxpc,16,4427,True,31.26,2.64453,1000000,ByteCaskDB/ReadAndWriteLoad/Sync/BoundedStaleness/real_time/threads:4,iteration,,651776,958.4335568793826,951.6131692483322,4173476.5767423916,,3520.0,5811.0
8bc6fca,2026-04-21T22:51:04+01:00,linuxpc,16,4427,True,31.26,2.64453,1000000,ByteCaskDB/ReadAndWriteLoad/Sync/BoundedStaleness/real_time/threads:8,iteration,,573256,1362.0762869142836,1280.237701829542,5873386.150876764,,9921.0,14780.0
8bc6fca,2026-04-21T22:51:04+01:00,linuxpc,16,4427,True,31.26,2.64453,1000000,ByteCaskDB/ReadAndWriteLoad/Sync/BoundedStaleness/real_time/threads:16,iteration,,354496,1716.9302442631213,1255.3301701570665,9318957.513540069,,19050.0,29600.0
8bc6fca,2026-04-21T22:51:04+01:00,linuxpc,16,4427,True,31.26,2.64453,1000000,ByteCaskDB/ReadAndWriteLoad/Sync/BoundedStaleness/real_time/threads:32,iteration,,445760,2713.91097594695,1528.6963522971967,11791101.581301652,,46930.0,72452.0
8bc6fca,2026-04-21T22:51:04+01:00,linuxpc,16,4427,True,31.26,2.64453,1000000,RocksDB/ReadAndWriteLoad/Sync/real_time/threads:2,iteration,,250002,3065.6393949018,3043.5412236702323,652392.4514168324,,5190.0,17800.0
8bc6fca,2026-04-21T22:51:04+01:00,linuxpc,16,4427,True,31.26,2.64453,1000000,RocksDB/ReadAndWriteLoad/Sync/real_time/threads:4,iteration,,203356,3121.1304267801793,3087.3186775900244,1281586.9422433847,,11500.0,30750.0
8bc6fca,2026-04-21T22:51:04+01:00,linuxpc,16,4427,True,31.26,2.64453,1000000,RocksDB/ReadAndWriteLoad/Sync/real_time/threads:8,iteration,,223824,2959.229573374681,2769.844355386384,2703406.343319578,,21100.0,54292.0
8bc6fca,2026-04-21T22:51:04+01:00,linuxpc,16,4427,True,31.26,2.64453,1000000,RocksDB/ReadAndWriteLoad/Sync/real_time/threads:16,iteration,,205712,4026.7790504245004,3030.2547639418285,3973399.0367098213,,47010.0,100781.0
8bc6fca,2026-04-21T22:51:04+01:00,linuxpc,16,4427,True,31.26,2.64453,1000000,RocksDB/ReadAndWriteLoad/Sync/real_time/threads:32,iteration,,162464,6629.19095172922,2907.434385463837,4827135.050567946,,93191.0,130021.0
8bc6fca,2026-04-21T22:51:04+01:00,linuxpc,16,4427,True,31.26,2.64453,1000000,ByteCaskDB/PutMT/Sync/real_time/threads:2,iteration,,56,13710869.429425137,310475.82142858155,145.86967006685697,,24912398.0,69621498.0
8bc6fca,2026-04-21T22:51:04+01:00,linuxpc,16,4427,True,31.26,2.64453,1000000,ByteCaskDB/PutMT/Sync/real_time/threads:4,iteration,,40,12718171.176675241,126428.05000001269,314.5106277021876,,50702498.0,51286226.0
8bc6fca,2026-04-21T22:51:04+01:00,linuxpc,16,4427,True,31.26,2.64453,1000000,ByteCaskDB/PutMT/Sync/real_time/threads:8,iteration,,56,12819849.963956846,79317.71428579972,624.0322642224435,,102323404.0,103540480.0
8bc6fca,2026-04-21T22:51:04+01:00,linuxpc,16,4427,True,31.26,2.64453,1000000,ByteCaskDB/PutMT/Sync/real_time/threads:16,iteration,,64,10681560.51587721,58279.85937504165,1497.9084728507032,,147770804.0,161894780.0
8bc6fca,2026-04-21T22:51:04+01:00,linuxpc,16,4427,True,31.26,2.64453,1000000,ByteCaskDB/PutMT/Sync/real_time/threads:32,iteration,,64,9846089.205893803,26819.234375079865,3250.021336475909,,208669568.0,208669568.0
8bc6fca,2026-04-21T22:51:04+01:00,linuxpc,16,4427,True,31.26,2.64453,1000000,ByteCaskDB/PutMT/Sync/real_time/threads:64,iteration,,64,12973523.354958162,20336.734375004817,4933.124044174228,,830250885.0,830250885.0
8bc6fca,2026-04-21T22:51:04+01:00,linuxpc,16,4427,True,31.26,2.64453,1000000,RocksDB/PutMT/Sync/real_time/threads:2,iteration,,70,8174848.428461702,300069.41428567935,244.65285411736366,,13139838.0,26214994.0
8bc6fca,2026-04-21T22:51:04+01:00,linuxpc,16,4427,True,31.26,2.64453,1000000,RocksDB/PutMT/Sync/real_time/threads:4,iteration,,68,8791088.630780851,231213.72058818094,455.00621913815326,,26271024.0,52434590.0
8bc6fca,2026-04-21T22:51:04+01:00,linuxpc,16,4427,True,31.26,2.64453,1000000,RocksDB/PutMT/Sync/real_time/threads:8,iteration,,64,11552982.406101365,190513.40625000175,692.4618872244657,,79696407.0,135083246.0
8bc6fca,2026-04-21T22:51:04+01:00,linuxpc,16,4427,True,31.26,2.64453,1000000,RocksDB/PutMT/Sync/real_time/threads:16,iteration,,32,20969117.96434142,82004.37500001956,763.026848683309,,263698578.0,263698578.0
8bc6fca,2026-04-21T22:51:04+01:00,linuxpc,16,4427,True,31.26,2.64453,1000000,RocksDB/PutMT/Sync/real_time/threads:32,iteration,,32,16008076.619982604,64500.00000005854,1998.9909318684142,,512228142.0,512228142.0
8bc6fca,2026-04-21T22:51:04+01:00,linuxpc,16,4427,True,31.26,2.64453,1000000,RocksDB/PutMT/Sync/real_time/threads:64,iteration,,64,18083884.763655078,48086.875000042965,3539.0625872946807,,1157317945.0,1157317945.0
8bc6fca,2026-04-21T22:51:04+01:00,linuxpc,16,4427,True,31.26,2.64453,1000000,ByteCaskDB/PutMT/PeriodicSync/real_time/threads:2,iteration,,20000,28213.34539912641,13210.065649999942,70888.43849272576,,35430.0,59881.0
8bc6fca,2026-04-21T22:51:04+01:00,linuxpc,16,4427,True,31.26,2.64453,1000000,ByteCaskDB/PutMT/PeriodicSync/real_time/threads:4,iteration,,32576,55528.13810815137,15230.637125491137,72035.55055653508,,87411.0,156472.0
8bc6fca,2026-04-21T22:51:04+01:00,linuxpc,16,4427,True,31.26,2.64453,1000000,ByteCaskDB/PutMT/PeriodicSync/real_time/threads:8,iteration,,18208,77466.83254105841,14753.560632688725,103270.00262673573,,266002.0,462154.0
8bc6fca,2026-04-21T22:51:04+01:00,linuxpc,16,4427,True,31.26,2.64453,1000000,ByteCaskDB/PutMT/PeriodicSync/real_time/threads:16,iteration,,13728,101425.8698173264,12258.53023018645,157750.68065787244,,793163.0,3031880.0
8bc6fca,2026-04-21T22:51:04+01:00,linuxpc,16,4427,True,31.26,2.64453,1000000,ByteCaskDB/PutMT/PeriodicSync/real_time/threads:32,iteration,,7168,115652.84725228205,10983.593191964163,276690.11840405496,,3136081.0,7489867.0
8bc6fca,2026-04-21T22:51:04+01:00,linuxpc,16,4427,True,31.26,2.64453,1000000,ByteCaskDB/PutMT/PeriodicSync/real_time/threads:64,iteration,,3584,190103.78957773355,10718.815848213564,336658.2020387887,,11223152.0,20989964.0
8bc6fca,2026-04-21T22:51:04+01:00,linuxpc,16,4427,True,31.26,2.64453,1000000,RocksDB/PutMT/PeriodicSync/real_time/threads:2,iteration,,49092,17580.839546142663,11543.946243787275,113760.21007135644,,19350.0,50931.0
8bc6fca,2026-04-21T22:51:04+01:00,linuxpc,16,4427,True,31.26,2.64453,1000000,RocksDB/PutMT/PeriodicSync/real_time/threads:4,iteration,,51852,42314.83933201455,15137.427100208315,94529.48571102529,,57871.0,124032.0
8bc6fca,2026-04-21T22:51:04+01:00,linuxpc,16,4427,True,31.26,2.64453,1000000,RocksDB/PutMT/PeriodicSync/real_time/threads:8,iteration,,30576,118088.58009882591,25904.285714285674,67745.75486727814,,202891.0,379467.0
8bc6fca,2026-04-21T22:51:04+01:00,linuxpc,16,4427,True,31.26,2.64453,1000000,RocksDB/PutMT/PeriodicSync/real_time/threads:16,iteration,,7936,78888.90323673906,32401.00705645147,202816.8645213044,,1247256.0,2467373.0
8bc6fca,2026-04-21T22:51:04+01:00,linuxpc,16,4427,True,31.26,2.64453,1000000,RocksDB/PutMT/PeriodicSync/real_time/threads:32,iteration,,4672,137327.17082983645,25225.75963184912,233020.16495811698,,4367425.0,6429155.0
8bc6fca,2026-04-21T22:51:04+01:00,linuxpc,16,4427,True,31.26,2.64453,1000000,RocksDB/PutMT/PeriodicSync/real_time/threads:64,iteration,,2304,248192.9348555746,26424.84027777807,257863.9075171181,,15663040.0,21807709.0
8bc6fca,2026-04-21T22:51:04+01:00,linuxpc,16,4427,True,31.26,2.64453,1000000,ByteCaskDB/CasMT/NoSync/real_time/threads:2,iteration,,28622,23490.50761632341,17554.03612605693,,,47831.0,72831.0
8bc6fca,2026-04-21T22:51:04+01:00,linuxpc,16,4427,True,31.26,2.64453,1000000,ByteCaskDB/CasMT/NoSync/real_time/threads:4,iteration,,30076,29439.302731568197,16249.403544354263,,,97901.0,316833.0
8bc6fca,2026-04-21T22:51:04+01:00,linuxpc,16,4427,True,31.26,2.64453,1000000,ByteCaskDB/CasMT/NoSync/real_time/threads:8,iteration,,15960,36713.33139656079,16948.585588972477,,,245145.0,572206.0
8bc6fca,2026-04-21T22:51:04+01:00,linuxpc,16,4427,True,31.26,2.64453,1000000,ByteCaskDB/CasMT/NoSync/real_time/threads:16,iteration,,11232,72147.12892900131,17367.04228988612,,,940551.0,3157860.0
8bc6fca,2026-04-21T22:51:04+01:00,linuxpc,16,4427,True,31.26,2.64453,1000000,ByteCaskDB/CasMT/NoSync/real_time/threads:32,iteration,,5344,133484.3591012794,16566.74494760493,,,3330534.0,13304020.0
8bc6fca,2026-04-21T22:51:04+01:00,linuxpc,16,4427,True,31.26,2.64453,1000000,ByteCaskDB/CasMT/Sync/real_time/threads:2,iteration,,48,13735826.292152828,242575.66666666066,,,25897220.0,27122467.0
8bc6fca,2026-04-21T22:51:04+01:00,linuxpc,16,4427,True,31.26,2.64453,1000000,ByteCaskDB/CasMT/Sync/real_time/threads:4,iteration,,40,14540814.048086759,114888.5000000189,,,50804692.0,53034516.0
8bc6fca,2026-04-21T22:51:04+01:00,linuxpc,16,4427,True,31.26,2.64453,1000000,ByteCaskDB/CasMT/Sync/real_time/threads:8,iteration,,40,16243839.624803513,86341.00000004693,,,94812170.0,101455406.0
8bc6fca,2026-04-21T22:51:04+01:00,linuxpc,16,4427,True,31.26,2.64453,1000000,ByteCaskDB/CasMT/Sync/real_time/threads:16,iteration,,16,33851236.55607458,76024.4375000198,,,541594545.0,541594545.0
8bc6fca,2026-04-21T22:51:04+01:00,linuxpc,16,4427,True,31.26,2.64453,1000000,ByteCaskDB/CasMT/Sync/real_time/threads:32,iteration,,32,33892999.03756182,57071.59374994435,,,1084529568.0,1084529568.0
8bc6fca,2026-04-21T22:51:04+01:00,linuxpc,16,4427,True,31.26,2.64453,1000000,RocksDB/CasMT/NoSync/real_time/threads:2,iteration,,43872,16321.585452768959,15747.962162654903,,,29621.0,56741.0
8bc6fca,2026-04-21T22:51:04+01:00,linuxpc,16,4427,True,31.26,2.64453,1000000,RocksDB/CasMT/NoSync/real_time/threads:4,iteration,,36136,20395.7965489832,19783.51486052702,,,76851.0,180173.0
8bc6fca,2026-04-21T22:51:04+01:00,linuxpc,16,4427,True,31.26,2.64453,1000000,RocksDB/CasMT/NoSync/real_time/threads:8,iteration,,24584,28910.127846122403,27470.613041002307,,,214311.0,516897.0
8bc6fca,2026-04-21T22:51:04+01:00,linuxpc,16,4427,True,31.26,2.64453,1000000,RocksDB/CasMT/NoSync/real_time/threads:16,iteration,,6240,114498.7261142934,35453.64503205107,,,1449179.0,8806251.0
8bc6fca,2026-04-21T22:51:04+01:00,linuxpc,16,4427,True,31.26,2.64453,1000000,RocksDB/CasMT/NoSync/real_time/threads:32,iteration,,3072,189481.73046358838,36612.582682290114,,,5161528.0,19358687.0
8bc6fca,2026-04-21T22:51:04+01:00,linuxpc,16,4427,True,31.26,2.64453,1000000,RocksDB/CasMT/Sync/real_time/threads:2,iteration,,20,38876519.599580206,294602.499999717,,,49550232.0,128356340.0
8bc6fca,2026-04-21T22:51:04+01:00,linuxpc,16,4427,True,31.26,2.64453,1000000,RocksDB/CasMT/Sync/real_time/threads:4,iteration,,28,27258940.679270644,150090.39285703233,,,109275254.0,147602186.0
8bc6fca,2026-04-21T22:51:04+01:00,linuxpc,16,4427,True,31.26,2.64453,1000000,RocksDB/CasMT/Sync/real_time/threads:8,iteration,,24,32673272.997878183,106117.08333321054,,,282088977.0,282088977.0
8bc6fca,2026-04-21T22:51:04+01:00,linuxpc,16,4427,True,31.26,2.64453,1000000,RocksDB/CasMT/Sync/real_time/threads:16,iteration,,16,46146580.68749122,107781.24999960055,,,738314141.0,738314141.0
8bc6fca,2026-04-21T22:51:04+01:00,linuxpc,16,4427,True,31.26,2.64453,1000000,RocksDB/CasMT/Sync/real_time/threads:32,iteration,,32,56213513.12038314,122575.96875013747,,,1798776140.0,1798776140.0
8bc6fca,2026-04-21T22:54:40+01:00,linuxpc,16,4427,True,31.26,2.60791,10000000,ByteCaskDB/Recovery/threads:1/real_time,iteration,,1,3479499321.023468,3455982515.999999,,,,
8bc6fca,2026-04-21T22:54:40+01:00,linuxpc,16,4427,True,31.26,2.60791,10000000,ByteCaskDB/Recovery/threads:2/real_time,iteration,,1,3298905614.0067987,1118008040.9999995,,,,
8bc6fca,2026-04-21T22:54:40+01:00,linuxpc,16,4427,True,31.26,2.60791,10000000,ByteCaskDB/Recovery/threads:4/real_time,iteration,,1,1805966622.021515,848457812.9999995,,,,
8bc6fca,2026-04-21T22:54:40+01:00,linuxpc,16,4427,True,31.26,2.60791,10000000,ByteCaskDB/Recovery/threads:8/real_time,iteration,,1,1519447970.0294323,857821127.9999976,,,,
8bc6fca,2026-04-21T22:54:40+01:00,linuxpc,16,4427,True,31.26,2.60791,10000000,ByteCaskDB/Recovery/threads:16/real_time,iteration,,1,1333436971.9959795,858942140.9999964,,,,
8bc6fca,2026-04-21T23:04:47+01:00,linuxpc,16,4427,True,31.26,3.31396,50000,ByteCaskDB/Put/NoSync/real_time,iteration,,101280,6472.737045319917,6429.417654028436,154494.148765559,,5670.0,12800.0
8bc6fca,2026-04-21T23:04:47+01:00,linuxpc,16,4427,True,31.26,3.31396,50000,ByteCaskDB/Put/Sync/real_time,iteration,,313,2044117.4025114733,235547.80191693292,489.20869161984797,,2021016.0,2349630.0
8bc6fca,2026-04-21T23:04:47+01:00,linuxpc,16,4427,True,31.26,3.31396,50000,ByteCaskDB/Del/Sync/real_time,iteration,,373,1646316.8874263123,190017.39946380685,607.4164747002627,,2045237.0,4581488.0
8bc6fca,2026-04-21T23:04:47+01:00,linuxpc,16,4427,True,31.26,3.31396,50000,ByteCaskDB/Get/real_time,iteration,,895322,785.9574477334054,780.3944457971544,1272333.5123089224,,720.0,1090.0
8bc6fca,2026-04-21T23:04:47+01:00,linuxpc,16,4427,True,31.26,3.31396,50000,ByteCaskDB/Range50/real_time,iteration,,19485,35939.52065761028,35716.862920195024,,27824.52246725354,35690.0,43291.0
8bc6fca,2026-04-21T23:04:47+01:00,linuxpc,16,4427,True,31.26,3.31396,50000,ByteCaskDB/MixedBatch/Sync/real_time,iteration,,309,2365670.7862844164,460129.26537216944,42271.30866212478,,2314870.0,2971138.0
8bc6fca,2026-04-21T23:04:47+01:00,linuxpc,16,4427,True,31.26,3.31396,50000,RocksDB/Put/NoSync/real_time,iteration,,100139,7138.599916031065,7102.585386313018,140083.49140765157,,6430.0,14500.0
8bc6fca,2026-04-21T23:04:47+01:00,linuxpc,16,4427,True,31.26,3.31396,50000,RocksDB/Put/Sync/real_time,iteration,,317,2133876.7980956924,305320.23659305926,468.6306167686985,,2098337.0,2419051.0
8bc6fca,2026-04-21T23:04:47+01:00,linuxpc,16,4427,True,31.26,3.31396,50000,RocksDB/Del/Sync/real_time,iteration,,324,2127396.3579859147,289805.9382716068,470.05815171496164,,2075397.0,2512313.0
8bc6fca,2026-04-21T23:04:47+01:00,linuxpc,16,4427,True,31.26,3.31396,50000,RocksDB/Get/real_time,iteration,,1086626,642.00985068499,639.4372774073134,1557608.4992045742,,600.0,950.0
8bc6fca,2026-04-21T23:04:47+01:00,linuxpc,16,4427,True,31.26,3.31396,50000,RocksDB/Range50/real_time,iteration,,95389,6350.258227052782,6325.452913857989,,157473.911177327,5911.0,8030.0
8bc6fca,2026-04-21T23:04:47+01:00,linuxpc,16,4427,True,31.26,3.31396,50000,RocksDB/MixedBatch/Sync/real_time,iteration,,294,2537621.3128840057,594994.3707482981,39406.983024724854,,2489292.0,3248461.0
8bc6fca,2026-04-21T23:04:47+01:00,linuxpc,16,4427,True,31.26,3.31396,50000,ByteCaskDB/Recovery/threads:1/real_time,iteration,,48,18179568.43660795,16064365.833333315,,,,
8bc6fca,2026-04-21T23:04:47+01:00,linuxpc,16,4427,True,31.26,3.31396,50000,ByteCaskDB/Recovery/threads:2/real_time,iteration,,35,18939976.776683968,4322198.371428521,,,,
8bc6fca,2026-04-21T23:04:47+01:00,linuxpc,16,4427,True,31.26,3.31396,50000,ByteCaskDB/Recovery/threads:4/real_time,iteration,,36,20104742.30984174,5369568.249999901,,,,
8bc6fca,2026-04-21T23:04:47+01:00,linuxpc,16,4427,True,31.26,3.31396,50000,ByteCaskDB/Recovery/threads:8/real_time,iteration,,35,20490787.284714837,6262729.685714622,,,,
8bc6fca,2026-04-21T23:04:47+01:00,linuxpc,16,4427,True,31.26,3.31396,50000,ByteCaskDB/Recovery/threads:16/real_time,iteration,,33,21249730.66913133,7472153.696969849,,,,
8bc6fca,2026-04-21T23:04:47+01:00,linuxpc,16,4427,True,31.26,3.31396,50000,ByteCaskDB/GetMT/real_time/threads:2,iteration,,700300,907.9235855748766,903.4807168356429,2202828.554931355,,1680.0,2420.0
8bc6fca,2026-04-21T23:04:47+01:00,linuxpc,16,4427,True,31.26,3.31396,50000,ByteCaskDB/GetMT/real_time/threads:4,iteration,,579612,1224.6967661164392,1218.643171638958,3266114.609483419,,4580.0,6960.0
8bc6fca,2026-04-21T23:04:47+01:00,linuxpc,16,4427,True,31.26,3.31396,50000,ByteCaskDB/GetMT/real_time/threads:8,iteration,,518208,1393.2766589661592,1387.0156713134502,5741860.346627905,,10730.0,15820.0
8bc6fca,2026-04-21T23:04:47+01:00,linuxpc,16,4427,True,31.26,3.31396,50000,ByteCaskDB/GetMT/real_time/threads:16,iteration,,378720,1871.79410140624,1530.4900771018167,8547948.723622717,,23641.0,35170.0
8bc6fca,2026-04-21T23:04:47+01:00,linuxpc,16,4427,True,31.26,3.31396,50000,ByteCaskDB/GetMT/real_time/threads:32,iteration,,320000,2717.5153596544988,1505.549803124998,11775462.422434455,,46411.0,68871.0
8bc6fca,2026-04-21T23:04:47+01:00,linuxpc,16,4427,True,31.26,3.31396,50000,RocksDB/GetMT/real_time/threads:2,iteration,,947566,728.2342444173015,719.7024787719275,2746369.063707386,,1330.0,2330.0
8bc6fca,2026-04-21T23:04:47+01:00,linuxpc,16,4427,True,31.26,3.31396,50000,RocksDB/GetMT/real_time/threads:4,iteration,,980676,715.4513070111141,712.0473061439258,5590876.640802423,,2670.0,4240.0
8bc6fca,2026-04-21T23:04:47+01:00,linuxpc,16,4427,True,31.26,3.31396,50000,RocksDB/GetMT/real_time/threads:8,iteration,,756512,874.8834280539269,870.5390701006723,9144075.363040125,,6560.0,10860.0
8bc6fca,2026-04-21T23:04:47+01:00,linuxpc,16,4427,True,31.26,3.31396,50000,RocksDB/GetMT/real_time/threads:16,iteration,,656784,1102.0643666952262,966.666564654437,14518208.267616339,,14680.0,23540.0
8bc6fca,2026-04-21T23:04:47+01:00,linuxpc,16,4427,True,31.26,3.31396,50000,RocksDB/GetMT/real_time/threads:32,iteration,,320000,1570.6818625403685,966.3874781249992,20373317.323626738,,29470.0,46381.0
8bc6fca,2026-04-21T23:04:47+01:00,linuxpc,16,4427,True,31.26,3.31396,50000,ByteCaskDB/ReadAndWriteLoad/Sync/real_time/threads:2,iteration,,773716,926.3073284904726,913.1603495339384,2159110.630441882,,1730.0,2640.0
8bc6fca,2026-04-21T23:04:47+01:00,linuxpc,16,4427,True,31.26,3.31396,50000,ByteCaskDB/ReadAndWriteLoad/Sync/real_time/threads:4,iteration,,592476,1181.4953484683163,1175.6586663426021,3385540.201394425,,4451.0,6820.0
8bc6fca,2026-04-21T23:04:47+01:00,linuxpc,16,4427,True,31.26,3.31396,50000,ByteCaskDB/ReadAndWriteLoad/Sync/real_time/threads:8,iteration,,439696,1453.0202369984015,1436.8707743531893,5505773.282639285,,11010.0,16960.0
8bc6fca,2026-04-21T23:04:47+01:00,linuxpc,16,4427,True,31.26,3.31396,50000,ByteCaskDB/ReadAndWriteLoad/Sync/real_time/threads:16,iteration,,388592,2196.4427936862267,1530.824888314733,7284505.677085111,,23490.0,39422.0
8bc6fca,2026-04-21T23:04:47+01:00,linuxpc,16,4427,True,31.26,3.31396,50000,ByteCaskDB/ReadAndWriteLoad/Sync/real_time/threads:32,iteration,,320000,2875.558340201678,1832.5992812500044,11128273.613031851,,57141.0,84371.0
8bc6fca,2026-04-21T23:04:47+01:00,linuxpc,16,4427,True,31.26,3.31396,50000,ByteCaskDB/ReadAndWriteLoad/Sync/BoundedStaleness/real_time/threads:2,iteration,,756406,888.0497047900753,878.9440115493529,2252126.192050001,,1660.0,2440.0
8bc6fca,2026-04-21T23:04:47+01:00,linuxpc,16,4427,True,31.26,3.31396,50000,ByteCaskDB/ReadAndWriteLoad/Sync/BoundedStaleness/real_time/threads:4,iteration,,635668,1086.8500240058188,1069.4048135190064,3680360.5940561537,,4040.0,6440.0
8bc6fca,2026-04-21T23:04:47+01:00,linuxpc,16,4427,True,31.26,3.31396,50000,ByteCaskDB/ReadAndWriteLoad/Sync/BoundedStaleness/real_time/threads:8,iteration,,518192,1441.7751742682588,1417.3578827924773,5548715.321763134,,10961.0,16780.0
8bc6fca,2026-04-21T23:04:47+01:00,linuxpc,16,4427,True,31.26,3.31396,50000,ByteCaskDB/ReadAndWriteLoad/Sync/BoundedStaleness/real_time/threads:16,iteration,,399408,1904.3049714666809,1623.1457632295783,8402015.559344428,,25340.0,35962.0
8bc6fca,2026-04-21T23:04:47+01:00,linuxpc,16,4427,True,31.26,3.31396,50000,ByteCaskDB/ReadAndWriteLoad/Sync/BoundedStaleness/real_time/threads:32,iteration,,405856,3073.475304567908,1264.1259387565995,10411666.543225667,,38200.0,57983.0
8bc6fca,2026-04-21T23:04:47+01:00,linuxpc,16,4427,True,31.26,3.31396,50000,RocksDB/ReadAndWriteLoad/Sync/real_time/threads:2,iteration,,964680,723.1267746661885,707.8779678235263,2765766.764649594,,1300.0,2330.0
8bc6fca,2026-04-21T23:04:47+01:00,linuxpc,16,4427,True,31.26,3.31396,50000,RocksDB/ReadAndWriteLoad/Sync/real_time/threads:4,iteration,,996620,662.6903755701411,659.0708404406886,6036001.347625772,,2440.0,4070.0
8bc6fca,2026-04-21T23:04:47+01:00,linuxpc,16,4427,True,31.26,3.31396,50000,RocksDB/ReadAndWriteLoad/Sync/real_time/threads:8,iteration,,705744,833.7891259572015,823.9019290280888,9594752.13929648,,6200.0,10560.0
8bc6fca,2026-04-21T23:04:47+01:00,linuxpc,16,4427,True,31.26,3.31396,50000,RocksDB/ReadAndWriteLoad/Sync/real_time/threads:16,iteration,,699392,1048.2531701330558,897.1196339105976,15263488.302133257,,13420.0,22661.0
8bc6fca,2026-04-21T23:04:47+01:00,linuxpc,16,4427,True,31.26,3.31396,50000,RocksDB/ReadAndWriteLoad/Sync/real_time/threads:32,iteration,,544096,1368.5425385813726,934.600546594721,23382539.524983354,,28181.0,45383.0
8bc6fca,2026-04-21T23:04:47+01:00,linuxpc,16,4427,True,31.26,3.31396,50000,ByteCaskDB/PutMT/Sync/real_time/threads:2,iteration,,172,4098388.767763322,247183.02325581425,487.99665266784615,,8127944.0,9069436.0
8bc6fca,2026-04-21T23:04:47+01:00,linuxpc,16,4427,True,31.26,3.31396,50000,ByteCaskDB/PutMT/Sync/real_time/threads:4,iteration,,168,4285555.797520958,151152.5535714267,933.3678498163197,,16979380.0,18836080.0
8bc6fca,2026-04-21T23:04:47+01:00,linuxpc,16,4427,True,31.26,3.31396,50000,ByteCaskDB/PutMT/Sync/real_time/threads:8,iteration,,160,4545305.161809665,103610.63125000088,1760.0578432482814,,34945248.0,37759908.0
8bc6fca,2026-04-21T23:04:47+01:00,linuxpc,16,4427,True,31.26,3.31396,50000,ByteCaskDB/PutMT/Sync/real_time/threads:16,iteration,,160,3980586.7501854664,86014.15000000666,4019.507927883877,,59818126.0,71883609.0
8bc6fca,2026-04-21T23:04:47+01:00,linuxpc,16,4427,True,31.26,3.31396,50000,ByteCaskDB/PutMT/Sync/real_time/threads:32,iteration,,224,3072471.900720432,40835.55803570929,10415.066771642942,,80520871.0,108233895.0
8bc6fca,2026-04-21T23:04:47+01:00,linuxpc,16,4427,True,31.26,3.31396,50000,ByteCaskDB/PutMT/Sync/real_time/threads:64,iteration,,192,3360816.0738367587,24448.489583335308,19042.99390205446,,175686183.0,175686183.0
8bc6fca,2026-04-21T23:04:47+01:00,linuxpc,16,4427,True,31.26,3.31396,50000,RocksDB/PutMT/Sync/real_time/threads:2,iteration,,264,2835953.9772447366,300403.7348484847,705.2300622815799,,4345905.0,10266231.0
8bc6fca,2026-04-21T23:04:47+01:00,linuxpc,16,4427,True,31.26,3.31396,50000,RocksDB/PutMT/Sync/real_time/threads:4,iteration,,252,3001056.373163703,112363.48015873507,1332.8639994133846,,8675221.0,41851916.0
8bc6fca,2026-04-21T23:04:47+01:00,linuxpc,16,4427,True,31.26,3.31396,50000,RocksDB/PutMT/Sync/real_time/threads:8,iteration,,64,7964632.42295431,75927.20312498763,1004.4405786943488,,72635514.0,86593719.0
8bc6fca,2026-04-21T23:04:47+01:00,linuxpc,16,4427,True,31.26,3.31396,50000,RocksDB/PutMT/Sync/real_time/threads:16,iteration,,144,5401352.757164407,62918.076388892565,2962.2208952706237,,70213336.0,100756699.0
8bc6fca,2026-04-21T23:04:47+01:00,linuxpc,16,4427,True,31.26,3.31396,50000,RocksDB/PutMT/Sync/real_time/threads:32,iteration,,64,14864673.279589623,54291.65625000777,2152.7550184327656,,364498321.0,364498321.0
8bc6fca,2026-04-21T23:04:47+01:00,linuxpc,16,4427,True,31.26,3.31396,50000,RocksDB/PutMT/Sync/real_time/threads:64,iteration,,64,11705093.371347174,43610.7812500107,5467.705209141279,,749067196.0,749067196.0
8bc6fca,2026-04-21T23:04:47+01:00,linuxpc,16,4427,True,31.26,3.31396,50000,ByteCaskDB/PutMT/PeriodicSync/real_time/threads:2,iteration,,30666,22472.468465552058,12966.135622513557,88997.78869712469,,34590.0,57110.0
8bc6fca,2026-04-21T23:04:47+01:00,linuxpc,16,4427,True,31.26,3.31396,50000,ByteCaskDB/PutMT/PeriodicSync/real_time/threads:4,iteration,,29692,35821.119326023276,14983.243836723672,111665.96899427667,,88601.0,171792.0
8bc6fca,2026-04-21T23:04:47+01:00,linuxpc,16,4427,True,31.26,3.31396,50000,ByteCaskDB/PutMT/PeriodicSync/real_time/threads:8,iteration,,19656,54022.33572770118,14915.247608872645,148086.89576703767,,263852.0,444838.0
8bc6fca,2026-04-21T23:04:47+01:00,linuxpc,16,4427,True,31.26,3.31396,50000,ByteCaskDB/PutMT/PeriodicSync/real_time/threads:16,iteration,,12400,97675.24364325518,14203.23862903222,163808.14015102645,,949252.0,2690504.0
8bc6fca,2026-04-21T23:04:47+01:00,linuxpc,16,4427,True,31.26,3.31396,50000,ByteCaskDB/PutMT/PeriodicSync/real_time/threads:32,iteration,,6176,110738.22684176182,11329.494980569863,288969.7705357523,,3073387.0,7406794.0
8bc6fca,2026-04-21T23:04:47+01:00,linuxpc,16,4427,True,31.26,3.31396,50000,ByteCaskDB/PutMT/PeriodicSync/real_time/threads:64,iteration,,4160,186870.67720468174,10243.431009615138,342482.8387061498,,10835229.0,22486128.0
8bc6fca,2026-04-21T23:04:47+01:00,linuxpc,16,4427,True,31.26,3.31396,50000,RocksDB/PutMT/PeriodicSync/real_time/threads:2,iteration,,52626,14770.570364342015,12105.228404210817,135404.38525165198,,20050.0,52271.0
8bc6fca,2026-04-21T23:04:47+01:00,linuxpc,16,4427,True,31.26,3.31396,50000,RocksDB/PutMT/PeriodicSync/real_time/threads:4,iteration,,39844,25421.95203775781,16384.685222367225,157344.32958016061,,65060.0,122082.0
8bc6fca,2026-04-21T23:04:47+01:00,linuxpc,16,4427,True,31.26,3.31396,50000,RocksDB/PutMT/PeriodicSync/real_time/threads:8,iteration,,29728,80978.79578351844,24167.536833961247,98791.29372813216,,192563.0,341257.0
8bc6fca,2026-04-21T23:04:47+01:00,linuxpc,16,4427,True,31.26,3.31396,50000,RocksDB/PutMT/PeriodicSync/real_time/threads:16,iteration,,9488,157907.37446322548,24274.246416526224,101325.22343803635,,1212405.0,3055623.0
8bc6fca,2026-04-21T23:04:47+01:00,linuxpc,16,4427,True,31.26,3.31396,50000,RocksDB/PutMT/PeriodicSync/real_time/threads:32,iteration,,4704,151067.77912286922,23690.105229591656,211825.4480591336,,4774388.0,7063270.0
8bc6fca,2026-04-21T23:04:47+01:00,linuxpc,16,4427,True,31.26,3.31396,50000,RocksDB/PutMT/PeriodicSync/real_time/threads:64,iteration,,2432,268125.11396201444,25912.45353618458,238694.53724154667,,16915834.0,24829030.0
8bc6fca,2026-04-21T23:04:47+01:00,linuxpc,16,4427,True,31.26,3.31396,50000,ByteCaskDB/CasMT/NoSync/real_time/threads:2,iteration,,30968,20240.562223947578,15124.45311289075,,,38821.0,63470.0
8bc6fca,2026-04-21T23:04:47+01:00,linuxpc,16,4427,True,31.26,3.31396,50000,ByteCaskDB/CasMT/NoSync/real_time/threads:4,iteration,,30596,29558.107530965317,16505.295626879357,,,106233.0,233482.0
8bc6fca,2026-04-21T23:04:47+01:00,linuxpc,16,4427,True,31.26,3.31396,50000,ByteCaskDB/CasMT/NoSync/real_time/threads:8,iteration,,18272,37159.41987882491,17562.69220665503,,,251241.0,596117.0
8bc6fca,2026-04-21T23:04:47+01:00,linuxpc,16,4427,True,31.26,3.31396,50000,ByteCaskDB/CasMT/NoSync/real_time/threads:16,iteration,,11264,69004.11089687127,18177.863725141782,,,924503.0,2925868.0
8bc6fca,2026-04-21T23:04:47+01:00,linuxpc,16,4427,True,31.26,3.31396,50000,ByteCaskDB/CasMT/NoSync/real_time/threads:32,iteration,,6016,117201.36970983188,16281.670711436213,,,2886121.0,11470331.0
8bc6fca,2026-04-21T23:04:47+01:00,linuxpc,16,4427,True,31.26,3.31396,50000,ByteCaskDB/CasMT/Sync/real_time/threads:2,iteration,,116,4649970.465709038,279270.25862071017,,,8366008.0,14597126.0
8bc6fca,2026-04-21T23:04:47+01:00,linuxpc,16,4427,True,31.26,3.31396,50000,ByteCaskDB/CasMT/Sync/real_time/threads:4,iteration,,100,6617647.569510154,168099.38000000556,,,16922026.0,94352475.0
8bc6fca,2026-04-21T23:04:47+01:00,linuxpc,16,4427,True,31.26,3.31396,50000,ByteCaskDB/CasMT/Sync/real_time/threads:8,iteration,,96,6092628.584156047,106381.2604166624,,,31273152.0,62315318.0
8bc6fca,2026-04-21T23:04:47+01:00,linuxpc,16,4427,True,31.26,3.31396,50000,ByteCaskDB/CasMT/Sync/real_time/threads:16,iteration,,32,16115821.69243775,65216.906250059146,,,123848931.0,123848931.0
8bc6fca,2026-04-21T23:04:47+01:00,linuxpc,16,4427,True,31.26,3.31396,50000,ByteCaskDB/CasMT/Sync/real_time/threads:32,iteration,,32,24924727.254983738,67718.31249997758,,,797548762.0,797548762.0
8bc6fca,2026-04-21T23:04:47+01:00,linuxpc,16,4427,True,31.26,3.31396,50000,RocksDB/CasMT/NoSync/real_time/threads:2,iteration,,42078,14867.602691455046,14485.615000712938,,,27710.0,55201.0
8bc6fca,2026-04-21T23:04:47+01:00,linuxpc,16,4427,True,31.26,3.31396,50000,RocksDB/CasMT/NoSync/real_time/threads:4,iteration,,40308,19129.18586962382,18234.41731169993,,,69681.0,159401.0
8bc6fca,2026-04-21T23:04:47+01:00,linuxpc,16,4427,True,31.26,3.31396,50000,RocksDB/CasMT/NoSync/real_time/threads:8,iteration,,25168,27642.39756379943,26426.55256675143,,,206303.0,498827.0
8bc6fca,2026-04-21T23:04:47+01:00,linuxpc,16,4427,True,31.26,3.31396,50000,RocksDB/CasMT/NoSync/real_time/threads:16,iteration,,10864,91792.50314251885,37791.10382916042,,,1313307.0,3615505.0
8bc6fca,2026-04-21T23:04:47+01:00,linuxpc,16,4427,True,31.26,3.31396,50000,RocksDB/CasMT/NoSync/real_time/threads:32,iteration,,3616,180399.33437431557,36635.05669247801,,,4867142.0,14821470.0
8bc6fca,2026-04-21T23:04:47+01:00,linuxpc,16,4427,True,31.26,3.31396,50000,RocksDB/CasMT/Sync/real_time/threads:2,iteration,,162,4116456.4939623955,263444.27777777705,,,8283606.0,10616185.0
8bc6fca,2026-04-21T23:04:47+01:00,linuxpc,16,4427,True,31.26,3.31396,50000,RocksDB/CasMT/Sync/real_time/threads:4,iteration,,92,9616507.694970453,189095.54347828813,,,17263880.0,93298044.0
8bc6fca,2026-04-21T23:04:47+01:00,linuxpc,16,4427,True,31.26,3.31396,50000,RocksDB/CasMT/Sync/real_time/threads:8,iteration,,168,5469311.452456861,106662.99404763457,,,34681643.0,95404172.0
8bc6fca,2026-04-21T23:04:47+01:00,linuxpc,16,4427,True,31.26,3.31396,50000,RocksDB/CasMT/Sync/real_time/threads:16,iteration,,48,12285212.626011344,81355.22916669816,,,188311184.0,188311184.0
8bc6fca,2026-04-21T23:04:47+01:00,linuxpc,16,4427,True,31.26,3.31396,50000,RocksDB/CasMT/Sync/real_time/threads:32,iteration,,32,17229827.813935116,97382.84374995825,,,551313700.0,551313700.0
8bc6fca,2026-04-21T23:07:07+01:00,linuxpc,16,4427,True,31.26,2.51074,10000000,ByteCaskDB/Recovery/threads:1/real_time,iteration,,1,3526413630.9851894,3503693690.0000005,,,,
8bc6fca,2026-04-21T23:07:07+01:00,linuxpc,16,4427,True,31.26,2.51074,10000000,ByteCaskDB/Recovery/threads:2/real_time,iteration,,1,3203508643.9573207,1125626562.9999974,,,,
8bc6fca,2026-04-21T23:07:07+01:00,linuxpc,16,4427,True,31.26,2.51074,10000000,ByteCaskDB/Recovery/threads:4/real_time,iteration,,1,1795995574.9684014,858588907.0000014,,,,
8bc6fca,2026-04-21T23:07:07+01:00,linuxpc,16,4427,True,31.26,2.51074,10000000,ByteCaskDB/Recovery/threads:8/real_time,iteration,,1,1465006793.9655855,856395015.0000004,,,,
8bc6fca,2026-04-21T23:07:07+01:00,linuxpc,16,4427,True,31.26,2.51074,10000000,ByteCaskDB/Recovery/threads:16/real_time,iteration,,1,1263451337.988954,856475969.0000017,,,,
bdeb1bb,2026-04-21T23:21:51+01:00,linuxpc,16,4427,True,31.26,2.31982,10000000,ByteCaskDB/Recovery/threads:1/real_time,iteration,,1,3503340802.970342,3481230228.000003,,,,
bdeb1bb,2026-04-21T23:21:51+01:00,linuxpc,16,4427,True,31.26,2.31982,10000000,ByteCaskDB/Recovery/threads:2/real_time,iteration,,1,2743267056.008335,1116524439.9999993,,,,
bdeb1bb,2026-04-21T23:21:51+01:00,linuxpc,16,4427,True,31.26,2.31982,10000000,ByteCaskDB/Recovery/threads:4/real_time,iteration,,1,1639155635.9594688,854913536.9999981,,,,
bdeb1bb,2026-04-21T23:21:51+01:00,linuxpc,16,4427,True,31.26,2.31982,10000000,ByteCaskDB/Recovery/threads:8/real_time,iteration,,1,1369807898.9982605,861376628.9999987,,,,
bdeb1bb,2026-04-21T23:21:51+01:00,linuxpc,16,4427,True,31.26,2.31982,10000000,ByteCaskDB/Recovery/threads:16/real_time,iteration,,1,1239438712.0730243,858484749.9999988,,,,
bdeb1bb,2026-04-21T23:32:15+01:00,linuxpc,16,4427,True,31.26,2.45068,10000000,ByteCaskDB/Recovery/threads:1/real_time,iteration,,1,3565545383.0258923,3542942857.0000014,,,,
bdeb1bb,2026-04-21T23:32:15+01:00,linuxpc,16,4427,True,31.26,2.45068,10000000,ByteCaskDB/Recovery/threads:2/real_time,iteration,,1,2857463025.022298,1120037927.9999986,,,,
bdeb1bb,2026-04-21T23:32:15+01:00,linuxpc,16,4427,True,31.26,2.45068,10000000,ByteCaskDB/Recovery/threads:4/real_time,iteration,,1,1675526298.0586848,855688786.9999983,,,,
bdeb1bb,2026-04-21T23:32:15+01:00,linuxpc,16,4427,True,31.26,2.45068,10000000,ByteCaskDB/Recovery/threads:8/real_time,iteration,,1,1380337377.951946,854027347.9999989,,,,
bdeb1bb,2026-04-21T23:32:15+01:00,linuxpc,16,4427,True,31.26,2.45068,10000000,ByteCaskDB/Recovery/threads:16/real_time,iteration,,1,1298257896.9676979,862456667.0,,,,
bdeb1bb,2026-04-21T23:33:15+01:00,linuxpc,16,4427,True,31.26,3.66113,10000000,ByteCaskDB/Recovery/threads:1/real_time,iteration,,1,3557295257.0510097,3535550305.9999995,,,,
bdeb1bb,2026-04-21T23:33:15+01:00,linuxpc,16,4427,True,31.26,3.66113,10000000,ByteCaskDB/Recovery/threads:2/real_time,iteration,,1,2874034056.032542,1127456173.9999988,,,,
bdeb1bb,2026-04-21T23:33:15+01:00,linuxpc,16,4427,True,31.26,3.66113,10000000,ByteCaskDB/Recovery/threads:4/real_time,iteration,,1,1672040983.045008,855011596.0000006,,,,
bdeb1bb,2026-04-21T23:33:15+01:00,linuxpc,16,4427,True,31.26,3.66113,10000000,ByteCaskDB/Recovery/threads:8/real_time,iteration,,1,1399932639.033068,857142648.9999964,,,,
bdeb1bb,2026-04-21T23:33:15+01:00,linuxpc,16,4427,True,31.26,3.66113,10000000,ByteCaskDB/Recovery/threads:16/real_time,iteration,,1,1302329319.0053663,866802200.9999987,,,,
bdeb1bb,2026-04-21T23:51:21+01:00,linuxpc,16,4427,True,31.26,2.9502,10000000,ByteCaskDB/Recovery/threads:1/real_time,iteration,,1,2852988720.9879236,2832832365.999998,,,,
bdeb1bb,2026-04-21T23:51:21+01:00,linuxpc,16,4427,True,31.26,2.9502,10000000,ByteCaskDB/Recovery/threads:2/real_time,iteration,,1,2216623359.010555,493956997.99999803,,,,
bdeb1bb,2026-04-21T23:51:21+01:00,linuxpc,16,4427,True,31.26,2.9502,10000000,ByteCaskDB/Recovery/threads:4/real_time,iteration,,1,1082820833.9517004,225265011.0000012,,,,
bdeb1bb,2026-04-21T23:51:21+01:00,linuxpc,16,4427,True,31.26,2.9502,10000000,ByteCaskDB/Recovery/threads:8/real_time,iteration,,1,732162976.9285209,225006731.00000057,,,,
bdeb1bb,2026-04-21T23:51:21+01:00,linuxpc,16,4427,True,31.26,2.9502,10000000,ByteCaskDB/Recovery/threads:16/real_time,iteration,,1,649563131.0390308,225423712.00000134,,,,
git_commit,timestamp,host_name,num_cpus,mhz_per_cpu,cpu_scaling_enabled,memory_gb,load_avg_1m,dataset_size,bench_name,run_type,aggregate_name,iterations,real_time_ns,cpu_time_ns,ops_per_us,scans_per_us,lat_p50_ns,lat_p99_ns
bd497cd,2026-04-07T11:16:18+01:00,linuxpc,16,4427,True,31.26,1.37451,50000,ByteCask/Put/NoSync/real_time,iteration,,127396,5730.525157663956,5701.112515306604,174504.0764130681,,5180.0,10460.0
bd497cd,2026-04-07T11:16:18+01:00,linuxpc,16,4427,True,31.26,1.37451,50000,ByteCask/Put/NoSync/real_time,iteration,,127396,7263.748563703473,6072.931481365191,137669.96354980423,,5200.0,11290.0
bd497cd,2026-04-07T11:16:18+01:00,linuxpc,16,4427,True,31.26,1.37451,50000,ByteCask/Put/NoSync/real_time,iteration,,127396,5547.290283961089,5521.2595842883575,180268.19380469515,,5090.0,10200.0
bd497cd,2026-04-07T11:16:18+01:00,linuxpc,16,4427,True,31.26,1.37451,50000,ByteCask/Put/NoSync/real_time_mean,aggregate,mean,3,6180.521335109505,5765.101193653384,164147.4112558558,,5156.666666666666,10650.0
bd497cd,2026-04-07T11:16:18+01:00,linuxpc,16,4427,True,31.26,1.37451,50000,ByteCask/Put/NoSync/real_time_median,aggregate,median,3,5730.525157663956,5701.112515306603,174504.0764130681,,5180.0,10460.0
bd497cd,2026-04-07T11:16:18+01:00,linuxpc,16,4427,True,31.26,1.37451,50000,ByteCask/Put/NoSync/real_time_stddev,aggregate,stddev,3,942.5654758746305,281.347443072625,23110.553651873935,,58.59465277090792,569.2978130995982
bd497cd,2026-04-07T11:16:18+01:00,linuxpc,16,4427,True,31.26,1.37451,50000,ByteCask/Put/NoSync/real_time_cv,aggregate,cv,3,0.15250582026474474,0.0488018221401476,0.1407914597925131,,0.011362893232884537,0.053455193718272134
bd497cd,2026-04-07T11:16:18+01:00,linuxpc,16,4427,True,31.26,1.37451,50000,ByteCask/Put/Sync/real_time,iteration,,350,1984482.5629011863,213517.6085714287,503.9096934860764,,1930033.0,2901215.0
bd497cd,2026-04-07T11:16:18+01:00,linuxpc,16,4427,True,31.26,1.37451,50000,ByteCask/Put/Sync/real_time,iteration,,350,2099193.0799625283,252980.78285714303,476.3735215904249,,2035545.0,4339032.0
bd497cd,2026-04-07T11:16:18+01:00,linuxpc,16,4427,True,31.26,1.37451,50000,ByteCask/Put/Sync/real_time,iteration,,350,2052171.7172648225,223201.1428571428,487.28865698082075,,2008564.0,2903424.0
bd497cd,2026-04-07T11:16:18+01:00,linuxpc,16,4427,True,31.26,1.37451,50000,ByteCask/Put/Sync/real_time_mean,aggregate,mean,3,2045282.4533761789,229899.84476190482,489.1906240191073,,1991380.6666666665,3381223.6666666665
bd497cd,2026-04-07T11:16:18+01:00,linuxpc,16,4427,True,31.26,1.37451,50000,ByteCask/Put/Sync/real_time_median,aggregate,median,3,2052171.7172648227,223201.1428571428,487.28865698082075,,2008564.0,2903424.0
bd497cd,2026-04-07T11:16:18+01:00,linuxpc,16,4427,True,31.26,1.37451,50000,ByteCask/Put/Sync/real_time_stddev,aggregate,stddev,3,57664.7392157129,20566.720365260626,13.866264804474433,,54814.64899398463,829487.0839695649
bd497cd,2026-04-07T11:16:18+01:00,linuxpc,16,4427,True,31.26,1.37451,50000,ByteCask/Put/Sync/real_time_cv,aggregate,cv,3,0.028194022356435335,0.08945947913344829,0.028345320052439987,,0.027525952175551552,0.2453215657239568
bd497cd,2026-04-07T11:16:18+01:00,linuxpc,16,4427,True,31.26,1.37451,50000,ByteCask/Del/Sync/real_time,iteration,,386,1576773.5700241239,174492.1917098448,634.2064701050897,,1997634.0,3289089.0
bd497cd,2026-04-07T11:16:18+01:00,linuxpc,16,4427,True,31.26,1.37451,50000,ByteCask/Del/Sync/real_time,iteration,,386,144.4067224532057,144.19689119203096,6924885.372452416,,100.0,170.0
bd497cd,2026-04-07T11:16:18+01:00,linuxpc,16,4427,True,31.26,1.37451,50000,ByteCask/Del/Sync/real_time,iteration,,386,137.79789098379217,137.77202072564,7257005.117136519,,100.0,110.0
bd497cd,2026-04-07T11:16:18+01:00,linuxpc,16,4427,True,31.26,1.37451,50000,ByteCask/Del/Sync/real_time_mean,aggregate,mean,3,525685.2582125202,58258.05354058748,4727508.23201968,,665944.6666666666,1096456.3333333333
bd497cd,2026-04-07T11:16:18+01:00,linuxpc,16,4427,True,31.26,1.37451,50000,ByteCask/Del/Sync/real_time_median,aggregate,median,3,144.4067224532057,144.19689119203096,6924885.372452416,,100.0,170.0
bd497cd,2026-04-07T11:16:18+01:00,linuxpc,16,4427,True,31.26,1.37451,50000,ByteCask/Del/Sync/real_time_stddev,aggregate,stddev,3,910269.1796557456,100661.7164928268,4096959.777843041,,1153276.79261543,1898875.5907379328
bd497cd,2026-04-07T11:16:18+01:00,linuxpc,16,4427,True,31.26,1.37451,50000,ByteCask/Del/Sync/real_time_cv,aggregate,cv,3,1.731585897521495,1.7278592464936602,0.8666213947749687,,1.7317907182710326,1.731829652499856
bd497cd,2026-04-07T11:16:18+01:00,linuxpc,16,4427,True,31.26,1.37451,50000,ByteCask/Get/real_time,iteration,,831743,821.7434892707709,817.2885254219152,1216924.761871149,,750.0,1270.0
bd497cd,2026-04-07T11:16:18+01:00,linuxpc,16,4427,True,31.26,1.37451,50000,ByteCask/Get/real_time,iteration,,831743,795.2973478726772,791.2401462951893,1257391.3425901358,,740.0,1150.0
bd497cd,2026-04-07T11:16:18+01:00,linuxpc,16,4427,True,31.26,1.37451,50000,ByteCask/Get/real_time,iteration,,831743,741.3697920872556,737.9969425651911,1348854.5266790485,,680.0,1150.0
bd497cd,2026-04-07T11:16:18+01:00,linuxpc,16,4427,True,31.26,1.37451,50000,ByteCask/Get/real_time_mean,aggregate,mean,3,786.1368764102345,782.1752047607652,1274390.2103801111,,723.3333333333333,1190.0
bd497cd,2026-04-07T11:16:18+01:00,linuxpc,16,4427,True,31.26,1.37451,50000,ByteCask/Get/real_time_median,aggregate,median,3,795.2973478726773,791.2401462951893,1257391.3425901358,,740.0,1150.0
bd497cd,2026-04-07T11:16:18+01:00,linuxpc,16,4427,True,31.26,1.37451,50000,ByteCask/Get/real_time_stddev,aggregate,stddev,3,40.96240322292615,40.41557437112616,67587.62342450433,,37.8593889720031,69.2820323027551
bd497cd,2026-04-07T11:16:18+01:00,linuxpc,16,4427,True,31.26,1.37451,50000,ByteCask/Get/real_time_cv,aggregate,cv,3,0.052105942937029304,0.051670743492166306,0.05303526570903667,,0.052340169085718584,0.05822019521239924
bd497cd,2026-04-07T11:16:18+01:00,linuxpc,16,4427,True,31.26,1.37451,50000,ByteCask/Range50/real_time,iteration,,21394,32386.161399743334,32256.958493035407,,30877.3857962656,32041.0,38701.0
bd497cd,2026-04-07T11:16:18+01:00,linuxpc,16,4427,True,31.26,1.37451,50000,ByteCask/Range50/real_time,iteration,,21394,34148.85664100678,33949.03949705525,,29283.55729483416,32200.0,49890.0
bd497cd,2026-04-07T11:16:18+01:00,linuxpc,16,4427,True,31.26,1.37451,50000,ByteCask/Range50/real_time,iteration,,21394,33640.510329725585,33498.724408712726,,29726.06509825671,32341.0,40630.0
bd497cd,2026-04-07T11:16:18+01:00,linuxpc,16,4427,True,31.26,1.37451,50000,ByteCask/Range50/real_time_mean,aggregate,mean,3,33391.84279015856,33234.90746626778,,29962.336063118826,32194.0,43073.666666666664
bd497cd,2026-04-07T11:16:18+01:00,linuxpc,16,4427,True,31.26,1.37451,50000,ByteCask/Range50/real_time_median,aggregate,median,3,33640.51032972558,33498.72440871272,,29726.06509825671,32200.0,40630.0
bd497cd,2026-04-07T11:16:18+01:00,linuxpc,16,4427,True,31.26,1.37451,50000,ByteCask/Range50/real_time_stddev,aggregate,stddev,3,907.2763015307751,876.3470005550436,,822.7638176422347,150.08997301618786,5981.392842251157
bd497cd,2026-04-07T11:16:18+01:00,linuxpc,16,4427,True,31.26,1.37451,50000,ByteCask/Range50/real_time_cv,aggregate,cv,3,0.027170596939866194,0.02636826961063465,,0.027459935564069362,0.004662047990811575,0.1388642598861909
bd497cd,2026-04-07T11:16:18+01:00,linuxpc,16,4427,True,31.26,1.37451,50000,ByteCask/Mixed/Sync/real_time,iteration,,1716,304740.7528975466,33924.45687645675,3281.477749502701,,830.0,2125405.0
bd497cd,2026-04-07T11:16:18+01:00,linuxpc,16,4427,True,31.26,1.37451,50000,ByteCask/Mixed/Sync/real_time,iteration,,1716,214132.0227011973,26402.488927738195,4670.016130167572,,830.0,2142485.0
bd497cd,2026-04-07T11:16:18+01:00,linuxpc,16,4427,True,31.26,1.37451,50000,ByteCask/Mixed/Sync/real_time,iteration,,1716,206521.7622424452,24384.7803030301,4842.104721274143,,810.0,2113596.0
bd497cd,2026-04-07T11:16:18+01:00,linuxpc,16,4427,True,31.26,1.37451,50000,ByteCask/Mixed/Sync/real_time_mean,aggregate,mean,3,241798.17928039635,28237.24203574168,4264.532866981472,,823.3333333333333,2127162.0
bd497cd,2026-04-07T11:16:18+01:00,linuxpc,16,4427,True,31.26,1.37451,50000,ByteCask/Mixed/Sync/real_time_median,aggregate,median,3,214132.0227011973,26402.48892773819,4670.016130167572,,830.0,2125405.0
bd497cd,2026-04-07T11:16:18+01:00,linuxpc,16,4427,True,31.26,1.37451,50000,ByteCask/Mixed/Sync/real_time_stddev,aggregate,stddev,3,54642.517294002,5027.533839457744,855.6878191245702,,11.547005383799236,14524.423121040762
bd497cd,2026-04-07T11:16:18+01:00,linuxpc,16,4427,True,31.26,1.37451,50000,ByteCask/Mixed/Sync/real_time_cv,aggregate,cv,3,0.22598398985724746,0.17804620695937914,0.20065218062916337,,0.014024702895302717,0.006828075680667839
bd497cd,2026-04-07T11:16:18+01:00,linuxpc,16,4427,True,31.26,1.37451,50000,ByteCask/Recovery/Parallel/1/real_time,iteration,,56,13899878.947995603,11746100.500000102,,,,
bd497cd,2026-04-07T11:16:18+01:00,linuxpc,16,4427,True,31.26,1.37451,50000,ByteCask/Recovery/Parallel/1/real_time,iteration,,56,15497973.070263728,13251936.64285724,,,,
bd497cd,2026-04-07T11:16:18+01:00,linuxpc,16,4427,True,31.26,1.37451,50000,ByteCask/Recovery/Parallel/1/real_time,iteration,,56,16833799.004546434,14957703.999999993,,,,
bd497cd,2026-04-07T11:16:18+01:00,linuxpc,16,4427,True,31.26,1.37451,50000,ByteCask/Recovery/Parallel/1/real_time_mean,aggregate,mean,3,15410550.340935254,13318580.380952446,,,,
bd497cd,2026-04-07T11:16:18+01:00,linuxpc,16,4427,True,31.26,1.37451,50000,ByteCask/Recovery/Parallel/1/real_time_median,aggregate,median,3,15497973.070263728,13251936.642857239,,,,
bd497cd,2026-04-07T11:16:18+01:00,linuxpc,16,4427,True,31.26,1.37451,50000,ByteCask/Recovery/Parallel/1/real_time_stddev,aggregate,stddev,3,1468912.4462540818,1606838.6045814743,,,,
bd497cd,2026-04-07T11:16:18+01:00,linuxpc,16,4427,True,31.26,1.37451,50000,ByteCask/Recovery/Parallel/1/real_time_cv,aggregate,cv,3,95318623.52457264,120646387.12392297,,,,
bd497cd,2026-04-07T11:16:18+01:00,linuxpc,16,4427,True,31.26,1.37451,50000,ByteCask/Recovery/Parallel/2/real_time,iteration,,45,17208621.846253257,5191596.155555445,,,,
bd497cd,2026-04-07T11:16:18+01:00,linuxpc,16,4427,True,31.26,1.37451,50000,ByteCask/Recovery/Parallel/2/real_time,iteration,,45,17418790.52974077,5768550.666666686,,,,
bd497cd,2026-04-07T11:16:18+01:00,linuxpc,16,4427,True,31.26,1.37451,50000,ByteCask/Recovery/Parallel/2/real_time,iteration,,45,18700871.088852484,6423685.844444628,,,,
bd497cd,2026-04-07T11:16:18+01:00,linuxpc,16,4427,True,31.26,1.37451,50000,ByteCask/Recovery/Parallel/2/real_time_mean,aggregate,mean,3,17776094.48828217,5794610.88888892,,,,
bd497cd,2026-04-07T11:16:18+01:00,linuxpc,16,4427,True,31.26,1.37451,50000,ByteCask/Recovery/Parallel/2/real_time_median,aggregate,median,3,17418790.529740766,5768550.666666686,,,,
bd497cd,2026-04-07T11:16:18+01:00,linuxpc,16,4427,True,31.26,1.37451,50000,ByteCask/Recovery/Parallel/2/real_time_stddev,aggregate,stddev,3,807744.7242795894,616458.1102990466,,,,
bd497cd,2026-04-07T11:16:18+01:00,linuxpc,16,4427,True,31.26,1.37451,50000,ByteCask/Recovery/Parallel/2/real_time_cv,aggregate,cv,3,45439943.223301776,106384729.21125661,,,,
bd497cd,2026-04-07T11:16:18+01:00,linuxpc,16,4427,True,31.26,1.37451,50000,ByteCask/Recovery/Parallel/4/real_time,iteration,,39,19104627.453578778,7188733.743589911,,,,
bd497cd,2026-04-07T11:16:18+01:00,linuxpc,16,4427,True,31.26,1.37451,50000,ByteCask/Recovery/Parallel/4/real_time,iteration,,39,19242997.56781413,7781010.12820515,,,,
bd497cd,2026-04-07T11:16:18+01:00,linuxpc,16,4427,True,31.26,1.37451,50000,ByteCask/Recovery/Parallel/4/real_time,iteration,,39,19957600.745002333,8337831.743589664,,,,
bd497cd,2026-04-07T11:16:18+01:00,linuxpc,16,4427,True,31.26,1.37451,50000,ByteCask/Recovery/Parallel/4/real_time_mean,aggregate,mean,3,19435075.25546508,7769191.871794909,,,,
bd497cd,2026-04-07T11:16:18+01:00,linuxpc,16,4427,True,31.26,1.37451,50000,ByteCask/Recovery/Parallel/4/real_time_median,aggregate,median,3,19242997.56781413,7781010.12820515,,,,
bd497cd,2026-04-07T11:16:18+01:00,linuxpc,16,4427,True,31.26,1.37451,50000,ByteCask/Recovery/Parallel/4/real_time_stddev,aggregate,stddev,3,457778.5900853456,574640.1541741692,,,,
bd497cd,2026-04-07T11:16:18+01:00,linuxpc,16,4427,True,31.26,1.37451,50000,ByteCask/Recovery/Parallel/4/real_time_cv,aggregate,cv,3,23554248.39204673,73963954.50861876,,,,
bd497cd,2026-04-07T11:16:18+01:00,linuxpc,16,4427,True,31.26,1.37451,50000,ByteCask/Recovery/Parallel/8/real_time,iteration,,35,19930014.488220748,9145242.228571502,,,,
bd497cd,2026-04-07T11:16:18+01:00,linuxpc,16,4427,True,31.26,1.37451,50000,ByteCask/Recovery/Parallel/8/real_time,iteration,,35,20946881.943382323,9637325.514285777,,,,
bd497cd,2026-04-07T11:16:18+01:00,linuxpc,16,4427,True,31.26,1.37451,50000,ByteCask/Recovery/Parallel/8/real_time,iteration,,35,21499914.855563216,10324159.657142827,,,,
bd497cd,2026-04-07T11:16:18+01:00,linuxpc,16,4427,True,31.26,1.37451,50000,ByteCask/Recovery/Parallel/8/real_time_mean,aggregate,mean,3,20792270.42905543,9702242.466666702,,,,
bd497cd,2026-04-07T11:16:18+01:00,linuxpc,16,4427,True,31.26,1.37451,50000,ByteCask/Recovery/Parallel/8/real_time_median,aggregate,median,3,20946881.94338232,9637325.514285777,,,,
bd497cd,2026-04-07T11:16:18+01:00,linuxpc,16,4427,True,31.26,1.37451,50000,ByteCask/Recovery/Parallel/8/real_time_stddev,aggregate,stddev,3,796288.4722997284,592133.6283957872,,,,
bd497cd,2026-04-07T11:16:18+01:00,linuxpc,16,4427,True,31.26,1.37451,50000,ByteCask/Recovery/Parallel/8/real_time_cv,aggregate,cv,3,38297331.45385523,61030594.77539737,,,,
bd497cd,2026-04-07T11:16:18+01:00,linuxpc,16,4427,True,31.26,1.37451,50000,ByteCask/Recovery/Parallel/16/real_time,iteration,,32,21814339.443153586,11220430.281250026,,,,
bd497cd,2026-04-07T11:16:18+01:00,linuxpc,16,4427,True,31.26,1.37451,50000,ByteCask/Recovery/Parallel/16/real_time,iteration,,32,22156064.347655047,12011833.656250248,,,,
bd497cd,2026-04-07T11:16:18+01:00,linuxpc,16,4427,True,31.26,1.37451,50000,ByteCask/Recovery/Parallel/16/real_time,iteration,,32,22685860.851197504,12314102.96875024,,,,
bd497cd,2026-04-07T11:16:18+01:00,linuxpc,16,4427,True,31.26,1.37451,50000,ByteCask/Recovery/Parallel/16/real_time_mean,aggregate,mean,3,22218754.88066871,11848788.968750171,,,,
bd497cd,2026-04-07T11:16:18+01:00,linuxpc,16,4427,True,31.26,1.37451,50000,ByteCask/Recovery/Parallel/16/real_time_median,aggregate,median,3,22156064.347655047,12011833.656250248,,,,
bd497cd,2026-04-07T11:16:18+01:00,linuxpc,16,4427,True,31.26,1.37451,50000,ByteCask/Recovery/Parallel/16/real_time_stddev,aggregate,stddev,3,439129.7853334524,564772.2235003033,,,,
bd497cd,2026-04-07T11:16:18+01:00,linuxpc,16,4427,True,31.26,1.37451,50000,ByteCask/Recovery/Parallel/16/real_time_cv,aggregate,cv,3,19763924.11239545,47664974.45349273,,,,
bd497cd,2026-04-07T11:16:18+01:00,linuxpc,16,4427,True,31.26,1.37451,50000,ByteCask/Recovery/Parallel/32/real_time,iteration,,30,23812502.874837566,13592907.133333534,,,,
bd497cd,2026-04-07T11:16:18+01:00,linuxpc,16,4427,True,31.26,1.37451,50000,ByteCask/Recovery/Parallel/32/real_time,iteration,,30,24139083.76280839,14149504.49999992,,,,
bd497cd,2026-04-07T11:16:18+01:00,linuxpc,16,4427,True,31.26,1.37451,50000,ByteCask/Recovery/Parallel/32/real_time,iteration,,30,25268848.923345406,14480851.000000073,,,,
bd497cd,2026-04-07T11:16:18+01:00,linuxpc,16,4427,True,31.26,1.37451,50000,ByteCask/Recovery/Parallel/32/real_time_mean,aggregate,mean,3,24406811.85366379,14074420.877777843,,,,
bd497cd,2026-04-07T11:16:18+01:00,linuxpc,16,4427,True,31.26,1.37451,50000,ByteCask/Recovery/Parallel/32/real_time_median,aggregate,median,3,24139083.76280839,14149504.499999922,,,,
bd497cd,2026-04-07T11:16:18+01:00,linuxpc,16,4427,True,31.26,1.37451,50000,ByteCask/Recovery/Parallel/32/real_time_stddev,aggregate,stddev,3,764195.4600925917,448708.4134849331,,,,
bd497cd,2026-04-07T11:16:18+01:00,linuxpc,16,4427,True,31.26,1.37451,50000,ByteCask/Recovery/Parallel/32/real_time_cv,aggregate,cv,3,31310744.913120463,31881127.996776093,,,,
bd497cd,2026-04-07T11:16:18+01:00,linuxpc,16,4427,True,31.26,1.37451,50000,ByteCask/Recovery/Parallel/64/real_time,iteration,,26,25199580.27271339,16427779.92307715,,,,
bd497cd,2026-04-07T11:16:18+01:00,linuxpc,16,4427,True,31.26,1.37451,50000,ByteCask/Recovery/Parallel/64/real_time,iteration,,26,26047078.932886228,16974012.46153887,,,,
bd497cd,2026-04-07T11:16:18+01:00,linuxpc,16,4427,True,31.26,1.37451,50000,ByteCask/Recovery/Parallel/64/real_time,iteration,,26,26570661.58001096,17674454.846154112,,,,
bd497cd,2026-04-07T11:16:18+01:00,linuxpc,16,4427,True,31.26,1.37451,50000,ByteCask/Recovery/Parallel/64/real_time_mean,aggregate,mean,3,25939106.92853686,17025415.743590042,,,,
bd497cd,2026-04-07T11:16:18+01:00,linuxpc,16,4427,True,31.26,1.37451,50000,ByteCask/Recovery/Parallel/64/real_time_median,aggregate,median,3,26047078.932886228,16974012.46153887,,,,
bd497cd,2026-04-07T11:16:18+01:00,linuxpc,16,4427,True,31.26,1.37451,50000,ByteCask/Recovery/Parallel/64/real_time_stddev,aggregate,stddev,3,691888.3241519353,624925.0467147693,,,,
bd497cd,2026-04-07T11:16:18+01:00,linuxpc,16,4427,True,31.26,1.37451,50000,ByteCask/Recovery/Parallel/64/real_time_cv,aggregate,cv,3,26673559.96712268,36705420.6561769,,,,
bd497cd,2026-04-07T11:16:18+01:00,linuxpc,16,4427,True,31.26,1.37451,50000,LevelDB/Put/NoSync/real_time,iteration,,131709,5250.520860049301,5174.359299668197,190457.2949340897,,4580.0,10750.0
bd497cd,2026-04-07T11:16:18+01:00,linuxpc,16,4427,True,31.26,1.37451,50000,LevelDB/Put/NoSync/real_time,iteration,,131709,6024.688616528668,5911.934469170688,165983.68208715564,,5310.0,12151.0
bd497cd,2026-04-07T11:16:18+01:00,linuxpc,16,4427,True,31.26,1.37451,50000,LevelDB/Put/NoSync/real_time,iteration,,131709,5073.988740365482,4913.789839722434,197083.60644252622,,4260.0,10520.0
bd497cd,2026-04-07T11:16:18+01:00,linuxpc,16,4427,True,31.26,1.37451,50000,LevelDB/Put/NoSync/real_time_mean,aggregate,mean,3,5449.73273898115,5333.361202853774,184508.1944879238,,4716.666666666666,11140.333333333332
bd497cd,2026-04-07T11:16:18+01:00,linuxpc,16,4427,True,31.26,1.37451,50000,LevelDB/Put/NoSync/real_time_median,aggregate,median,3,5250.5208600493015,5174.359299668197,190457.2949340897,,4580.0,10750.0
bd497cd,2026-04-07T11:16:18+01:00,linuxpc,16,4427,True,31.26,1.37451,50000,LevelDB/Put/NoSync/real_time_stddev,aggregate,stddev,3,505.689225873804,517.7203678015483,16381.24448313964,,538.175931581242,882.7855534235823
bd497cd,2026-04-07T11:16:18+01:00,linuxpc,16,4427,True,31.26,1.37451,50000,LevelDB/Put/NoSync/real_time_cv,aggregate,cv,3,0.09279156430125134,0.09707206170932631,0.08878328969942743,,0.11410090422217146,0.07924229257864059
bd497cd,2026-04-07T11:16:18+01:00,linuxpc,16,4427,True,31.26,1.37451,50000,LevelDB/Put/Sync/real_time,iteration,,305,2094308.8523784012,244166.0852459101,477.48449273102693,,2038914.0,3348720.0
bd497cd,2026-04-07T11:16:18+01:00,linuxpc,16,4427,True,31.26,1.37451,50000,LevelDB/Put/Sync/real_time,iteration,,305,2068883.8917059733,211950.1573770601,483.35240271768646,,2008824.0,3391831.0
bd497cd,2026-04-07T11:16:18+01:00,linuxpc,16,4427,True,31.26,1.37451,50000,LevelDB/Put/Sync/real_time,iteration,,305,2091161.209754035,236748.2327868837,478.2032085023331,,2023834.0,3617134.0
bd497cd,2026-04-07T11:16:18+01:00,linuxpc,16,4427,True,31.26,1.37451,50000,LevelDB/Put/Sync/real_time_mean,aggregate,mean,3,2084784.65127947,230954.82513661796,479.68003465034883,,2023857.3333333333,3452561.6666666665
bd497cd,2026-04-07T11:16:18+01:00,linuxpc,16,4427,True,31.26,1.37451,50000,LevelDB/Put/Sync/real_time_median,aggregate,median,3,2091161.209754035,236748.2327868837,478.2032085023331,,2023834.0,3391831.0
bd497cd,2026-04-07T11:16:18+01:00,linuxpc,16,4427,True,31.26,1.37451,50000,LevelDB/Put/Sync/real_time_stddev,aggregate,stddev,3,13860.105691637784,16871.253102966886,3.2006020537414317,,15045.013570391087,144144.6469846694
bd497cd,2026-04-07T11:16:18+01:00,linuxpc,16,4427,True,31.26,1.37451,50000,LevelDB/Put/Sync/real_time_cv,aggregate,cv,3,0.006648219365550099,0.07305001353830534,0.0066723687094344735,,0.007433831092042269,0.041750057175325206
bd497cd,2026-04-07T11:16:18+01:00,linuxpc,16,4427,True,31.26,1.37451,50000,LevelDB/Del/Sync/real_time,iteration,,334,2169937.0328730117,241416.35029940223,460.84286541531253,,2097146.0,5063531.0
bd497cd,2026-04-07T11:16:18+01:00,linuxpc,16,4427,True,31.26,1.37451,50000,LevelDB/Del/Sync/real_time,iteration,,334,2198085.5748835327,254343.81137724733,454.94134142297247,,2080975.0,4720076.0
bd497cd,2026-04-07T11:16:18+01:00,linuxpc,16,4427,True,31.26,1.37451,50000,LevelDB/Del/Sync/real_time,iteration,,334,2173115.1558227367,249998.84431137974,460.16889501716355,,2086285.0,5107892.0
bd497cd,2026-04-07T11:16:18+01:00,linuxpc,16,4427,True,31.26,1.37451,50000,LevelDB/Del/Sync/real_time_mean,aggregate,mean,3,2180379.2545264266,248586.33532934307,458.65103395181615,,2088135.3333333333,4963833.0
bd497cd,2026-04-07T11:16:18+01:00,linuxpc,16,4427,True,31.26,1.37451,50000,LevelDB/Del/Sync/real_time_median,aggregate,median,3,2173115.1558227367,249998.8443113797,460.16889501716355,,2086285.0,5063531.0
bd497cd,2026-04-07T11:16:18+01:00,linuxpc,16,4427,True,31.26,1.37451,50000,LevelDB/Del/Sync/real_time_stddev,aggregate,stddev,3,15416.23987270159,6578.464767562695,3.2303131455524317,,8242.761086780341,212261.82150118283
bd497cd,2026-04-07T11:16:18+01:00,linuxpc,16,4427,True,31.26,1.37451,50000,LevelDB/Del/Sync/real_time_cv,aggregate,cv,3,0.007070439622234417,0.026463501136726297,0.007043073941683939,,0.0039474266610978,0.04276167661184065
bd497cd,2026-04-07T11:16:18+01:00,linuxpc,16,4427,True,31.26,1.37451,50000,LevelDB/Get/real_time,iteration,,625501,864.6230733247579,859.1409430200781,1156573.3449081732,,810.0,1360.0
bd497cd,2026-04-07T11:16:18+01:00,linuxpc,16,4427,True,31.26,1.37451,50000,LevelDB/Get/real_time,iteration,,625501,840.7351514622405,836.8417700371391,1189435.2201888545,,800.0,1240.0
bd497cd,2026-04-07T11:16:18+01:00,linuxpc,16,4427,True,31.26,1.37451,50000,LevelDB/Get/real_time,iteration,,625501,826.458952129032,822.3689042863273,1209981.4484723175,,790.0,1250.0
bd497cd,2026-04-07T11:16:18+01:00,linuxpc,16,4427,True,31.26,1.37451,50000,LevelDB/Get/real_time_mean,aggregate,mean,3,843.9390589720101,839.4505391145149,1185330.0045231148,,800.0,1283.3333333333333
bd497cd,2026-04-07T11:16:18+01:00,linuxpc,16,4427,True,31.26,1.37451,50000,LevelDB/Get/real_time_median,aggregate,median,3,840.7351514622405,836.8417700371392,1189435.2201888545,,800.0,1250.0
bd497cd,2026-04-07T11:16:18+01:00,linuxpc,16,4427,True,31.26,1.37451,50000,LevelDB/Get/real_time_stddev,aggregate,stddev,3,19.28273331659939,18.524307415755537,26939.67294395744,,9.99999999999709,66.58328118479596
bd497cd,2026-04-07T11:16:18+01:00,linuxpc,16,4427,True,31.26,1.37451,50000,LevelDB/Get/real_time_cv,aggregate,cv,3,0.02284849019796217,0.0220671815105339,0.022727571934531333,,0.012499999999996363,0.05188307624789296
bd497cd,2026-04-07T11:16:18+01:00,linuxpc,16,4427,True,31.26,1.37451,50000,LevelDB/Range50/real_time,iteration,,123485,6665.714272916475,6620.4561282746645,,150021.43192112347,6040.0,10850.0
bd497cd,2026-04-07T11:16:18+01:00,linuxpc,16,4427,True,31.26,1.37451,50000,LevelDB/Range50/real_time,iteration,,123485,5604.713114798546,5580.932356156609,,178421.26430336369,5680.0,8250.0
bd497cd,2026-04-07T11:16:18+01:00,linuxpc,16,4427,True,31.26,1.37451,50000,LevelDB/Range50/real_time,iteration,,123485,5211.939166820434,5191.34047860065,,191867.16651761197,5060.0,7390.0
bd497cd,2026-04-07T11:16:18+01:00,linuxpc,16,4427,True,31.26,1.37451,50000,LevelDB/Range50/real_time_mean,aggregate,mean,3,5827.455518178484,5797.576321010642,,173436.62091403303,5593.333333333333,8830.0
bd497cd,2026-04-07T11:16:18+01:00,linuxpc,16,4427,True,31.26,1.37451,50000,LevelDB/Range50/real_time_median,aggregate,median,3,5604.713114798546,5580.932356156609,,178421.26430336369,5680.0,8250.0
bd497cd,2026-04-07T11:16:18+01:00,linuxpc,16,4427,True,31.26,1.37451,50000,LevelDB/Range50/real_time_stddev,aggregate,stddev,3,752.0479695296998,738.7786141101684,,21363.552566673858,495.71497186723724,1801.4438653480117
bd497cd,2026-04-07T11:16:18+01:00,linuxpc,16,4427,True,31.26,1.37451,50000,LevelDB/Range50/real_time_cv,aggregate,cv,3,0.1290525456923215,0.12742887255020793,,0.12317786436385361,0.08862603787852871,0.2040140277857318
bd497cd,2026-04-07T11:16:18+01:00,linuxpc,16,4427,True,31.26,1.37451,50000,LevelDB/Mixed/Sync/real_time,iteration,,1636,423144.7860536514,34976.998166257945,2363.2572891331997,,1140.0,2271417.0
bd497cd,2026-04-07T11:16:18+01:00,linuxpc,16,4427,True,31.26,1.37451,50000,LevelDB/Mixed/Sync/real_time,iteration,,1636,383442.0244490117,38840.5599022014,2607.9561869540858,,1220.0,2409269.0
bd497cd,2026-04-07T11:16:18+01:00,linuxpc,16,4427,True,31.26,1.37451,50000,LevelDB/Mixed/Sync/real_time,iteration,,1636,426413.0348508749,49983.952322738165,2345.144069879852,,1210.0,2310938.0
bd497cd,2026-04-07T11:16:18+01:00,linuxpc,16,4427,True,31.26,1.37451,50000,LevelDB/Mixed/Sync/real_time_mean,aggregate,mean,3,410999.94845117937,41267.170130399165,2438.7858486557125,,1190.0,2330541.333333333
bd497cd,2026-04-07T11:16:18+01:00,linuxpc,16,4427,True,31.26,1.37451,50000,LevelDB/Mixed/Sync/real_time_median,aggregate,median,3,423144.7860536513,38840.5599022014,2363.2572891331997,,1210.0,2310938.0
bd497cd,2026-04-07T11:16:18+01:00,linuxpc,16,4427,True,31.26,1.37451,50000,LevelDB/Mixed/Sync/real_time_stddev,aggregate,stddev,3,23921.74207770159,7792.207399920159,146.78547168544202,,43.588989435404066,70985.99498728577
bd497cd,2026-04-07T11:16:18+01:00,linuxpc,16,4427,True,31.26,1.37451,50000,LevelDB/Mixed/Sync/real_time_cv,aggregate,cv,3,0.058203759313958006,0.18882340066686776,0.06018792989402981,,0.036629402886894175,0.03045901566815626
bd497cd,2026-04-07T11:16:18+01:00,linuxpc,16,4427,True,31.26,1.37451,50000,RocksDB/Put/NoSync/real_time,iteration,,123854,6110.181923749374,6078.427987792086,163661.24813946176,,5550.0,11900.0
bd497cd,2026-04-07T11:16:18+01:00,linuxpc,16,4427,True,31.26,1.37451,50000,RocksDB/Put/NoSync/real_time,iteration,,123854,5923.831333355934,5893.095362281406,168809.66788659155,,5530.0,11520.0
bd497cd,2026-04-07T11:16:18+01:00,linuxpc,16,4427,True,31.26,1.37451,50000,RocksDB/Put/NoSync/real_time,iteration,,123854,5761.096412126623,5734.277197345255,173578.07064208892,,5160.0,11030.0
bd497cd,2026-04-07T11:16:18+01:00,linuxpc,16,4427,True,31.26,1.37451,50000,RocksDB/Put/NoSync/real_time_mean,aggregate,mean,3,5931.70322307731,5901.933515806249,168682.99555604742,,5413.333333333333,11483.333333333332
bd497cd,2026-04-07T11:16:18+01:00,linuxpc,16,4427,True,31.26,1.37451,50000,RocksDB/Put/NoSync/real_time_median,aggregate,median,3,5923.831333355934,5893.095362281406,168809.66788659155,,5530.0,11520.0
bd497cd,2026-04-07T11:16:18+01:00,linuxpc,16,4427,True,31.26,1.37451,50000,RocksDB/Put/NoSync/real_time_stddev,aggregate,stddev,3,174.67583860415516,172.2455408990444,4959.624637676719,,219.62088546705652,436.157463920266
bd497cd,2026-04-07T11:16:18+01:00,linuxpc,16,4427,True,31.26,1.37451,50000,RocksDB/Put/NoSync/real_time_cv,aggregate,cv,3,0.029447838510291324,0.02918459525810405,0.029402042697473978,,0.04057036061583557,0.037981782054014465
bd497cd,2026-04-07T11:16:18+01:00,linuxpc,16,4427,True,31.26,1.37451,50000,RocksDB/Put/Sync/real_time,iteration,,323,2164774.9938670513,269808.9195046362,461.9417735483204,,2065965.0,3900077.0
bd497cd,2026-04-07T11:16:18+01:00,linuxpc,16,4427,True,31.26,1.37451,50000,RocksDB/Put/Sync/real_time,iteration,,323,2144643.916509146,259325.8916408686,466.27787125972316,,2060295.0,3913027.0
bd497cd,2026-04-07T11:16:18+01:00,linuxpc,16,4427,True,31.26,1.37451,50000,RocksDB/Put/Sync/real_time,iteration,,323,2210318.575823685,303089.092879257,452.4234700544673,,2148715.0,4312951.0
bd497cd,2026-04-07T11:16:18+01:00,linuxpc,16,4427,True,31.26,1.37451,50000,RocksDB/Put/Sync/real_time_mean,aggregate,mean,3,2173245.828733294,277407.96800825396,460.2143716208369,,2091658.3333333333,4042018.333333333
bd497cd,2026-04-07T11:16:18+01:00,linuxpc,16,4427,True,31.26,1.37451,50000,RocksDB/Put/Sync/real_time_median,aggregate,median,3,2164774.993867051,269808.9195046362,461.9417735483204,,2065965.0,3913027.0
bd497cd,2026-04-07T11:16:18+01:00,linuxpc,16,4427,True,31.26,1.37451,50000,RocksDB/Put/Sync/real_time_stddev,aggregate,stddev,3,33646.7903598387,22849.80523501572,7.086892566800092,,49493.78378476934,234723.8974312946
bd497cd,2026-04-07T11:16:18+01:00,linuxpc,16,4427,True,31.26,1.37451,50000,RocksDB/Put/Sync/real_time_cv,aggregate,cv,3,0.01548227536663452,0.08236895788925519,0.015399111813567758,,0.0236624610224436,0.058070963086831115
bd497cd,2026-04-07T11:16:18+01:00,linuxpc,16,4427,True,31.26,1.37451,50000,RocksDB/Del/Sync/real_time,iteration,,317,2152964.52051199,287966.69085174665,464.47583807010113,,2098475.0,3435001.0
bd497cd,2026-04-07T11:16:18+01:00,linuxpc,16,4427,True,31.26,1.37451,50000,RocksDB/Del/Sync/real_time,iteration,,317,2146109.233519256,291164.0063091363,465.9595068048652,,2081915.0,3371630.0
bd497cd,2026-04-07T11:16:18+01:00,linuxpc,16,4427,True,31.26,1.37451,50000,RocksDB/Del/Sync/real_time,iteration,,317,2180875.6150346403,292562.77917981835,458.531423390745,,2081445.0,5061371.0
bd497cd,2026-04-07T11:16:18+01:00,linuxpc,16,4427,True,31.26,1.37451,50000,RocksDB/Del/Sync/real_time_mean,aggregate,mean,3,2159983.123021962,290564.4921135671,462.9889227552371,,2087278.3333333333,3956000.6666666665
bd497cd,2026-04-07T11:16:18+01:00,linuxpc,16,4427,True,31.26,1.37451,50000,RocksDB/Del/Sync/real_time_median,aggregate,median,3,2152964.52051199,291164.0063091363,464.47583807010113,,2081915.0,3435001.0
bd497cd,2026-04-07T11:16:18+01:00,linuxpc,16,4427,True,31.26,1.37451,50000,RocksDB/Del/Sync/real_time_stddev,aggregate,stddev,3,18415.235725199298,2355.9647562906944,3.930940557546922,,9699.445001325603,957803.0336506227
bd497cd,2026-04-07T11:16:18+01:00,linuxpc,16,4427,True,31.26,1.37451,50000,RocksDB/Del/Sync/real_time_cv,aggregate,cv,3,0.008525638709359518,0.008108233525553652,0.0084903555233114,,0.0046469341660993636,0.24211397174957236
bd497cd,2026-04-07T11:16:18+01:00,linuxpc,16,4427,True,31.26,1.37451,50000,RocksDB/Get/real_time,iteration,,1014447,676.1645950906678,672.9026159079777,1478929.8452781436,,630.0,1030.0
bd497cd,2026-04-07T11:16:18+01:00,linuxpc,16,4427,True,31.26,1.37451,50000,RocksDB/Get/real_time,iteration,,1014447,642.7392343080145,639.8694056959143,1555840.9174703942,,600.0,1020.0
bd497cd,2026-04-07T11:16:18+01:00,linuxpc,16,4427,True,31.26,1.37451,50000,RocksDB/Get/real_time,iteration,,1014447,636.3271516842374,633.0049238649269,1571518.6714148365,,590.0,1040.0
bd497cd,2026-04-07T11:16:18+01:00,linuxpc,16,4427,True,31.26,1.37451,50000,RocksDB/Get/real_time_mean,aggregate,mean,3,651.7436603609732,648.592315156273,1535429.8113877913,,606.6666666666666,1030.0
bd497cd,2026-04-07T11:16:18+01:00,linuxpc,16,4427,True,31.26,1.37451,50000,RocksDB/Get/real_time_median,aggregate,median,3,642.7392343080145,639.8694056959145,1555840.9174703942,,600.0,1030.0
bd497cd,2026-04-07T11:16:18+01:00,linuxpc,16,4427,True,31.26,1.37451,50000,RocksDB/Get/real_time_stddev,aggregate,stddev,3,21.390774663337066,21.331275622444377,49554.34007208386,,20.81665999466296,9.999999999988358
bd497cd,2026-04-07T11:16:18+01:00,linuxpc,16,4427,True,31.26,1.37451,50000,RocksDB/Get/real_time_cv,aggregate,cv,3,0.03282084040754554,0.03288857287386265,0.03227392076443689,,0.03431317581537851,0.009708737864066367
bd497cd,2026-04-07T11:16:18+01:00,linuxpc,16,4427,True,31.26,1.37451,50000,RocksDB/Range50/real_time,iteration,,109964,6256.271225212012,6231.296797133614,,159839.617561675,6160.0,8020.0
bd497cd,2026-04-07T11:16:18+01:00,linuxpc,16,4427,True,31.26,1.37451,50000,RocksDB/Range50/real_time,iteration,,109964,6170.196473014739,6147.161234585894,,162069.39347450034,6090.0,7690.0
bd497cd,2026-04-07T11:16:18+01:00,linuxpc,16,4427,True,31.26,1.37451,50000,RocksDB/Range50/real_time,iteration,,109964,6176.498153675894,6153.001336801146,,161904.03933090434,6030.0,8110.0
bd497cd,2026-04-07T11:16:18+01:00,linuxpc,16,4427,True,31.26,1.37451,50000,RocksDB/Range50/real_time_mean,aggregate,mean,3,6200.988617300882,6177.153122840217,,161271.01678902656,6093.333333333333,7940.0
bd497cd,2026-04-07T11:16:18+01:00,linuxpc,16,4427,True,31.26,1.37451,50000,RocksDB/Range50/real_time_median,aggregate,median,3,6176.498153675894,6153.001336801147,,161904.03933090434,6090.0,8020.0
bd497cd,2026-04-07T11:16:18+01:00,linuxpc,16,4427,True,31.26,1.37451,50000,RocksDB/Range50/real_time_stddev,aggregate,stddev,3,47.97971287824556,46.980632158041296,,1242.382110807943,65.0640709864962,221.13344387495982
bd497cd,2026-04-07T11:16:18+01:00,linuxpc,16,4427,True,31.26,1.37451,50000,RocksDB/Range50/real_time_cv,aggregate,cv,3,0.007737429600238452,0.00760554760806057,,0.007703691187321137,0.010677910993407473,0.027850559681984865
bd497cd,2026-04-07T11:16:18+01:00,linuxpc,16,4427,True,31.26,1.37451,50000,RocksDB/Mixed/Sync/real_time,iteration,,1180,427974.32880911784,49744.45254237435,2336.588745363774,,910.0,2278067.0
bd497cd,2026-04-07T11:16:18+01:00,linuxpc,16,4427,True,31.26,1.37451,50000,RocksDB/Mixed/Sync/real_time,iteration,,1180,428024.7610610894,51630.55593220128,2336.3134355147176,,880.0,2376438.0
bd497cd,2026-04-07T11:16:18+01:00,linuxpc,16,4427,True,31.26,1.37451,50000,RocksDB/Mixed/Sync/real_time,iteration,,1180,429937.4872925139,56315.43220339097,2325.9195337847714,,900.0,2323088.0
bd497cd,2026-04-07T11:16:18+01:00,linuxpc,16,4427,True,31.26,1.37451,50000,RocksDB/Mixed/Sync/real_time_mean,aggregate,mean,3,428645.52572090697,52563.48022598886,2332.940571554421,,896.6666666666666,2325864.333333333
bd497cd,2026-04-07T11:16:18+01:00,linuxpc,16,4427,True,31.26,1.37451,50000,RocksDB/Mixed/Sync/real_time_median,aggregate,median,3,428024.76106108935,51630.55593220127,2336.3134355147176,,900.0,2323088.0
bd497cd,2026-04-07T11:16:18+01:00,linuxpc,16,4427,True,31.26,1.37451,50000,RocksDB/Mixed/Sync/real_time_stddev,aggregate,stddev,3,1119.155654905466,3383.3717250441537,6.081955064106209,,15.275252316522643,49244.23245756767
bd497cd,2026-04-07T11:16:18+01:00,linuxpc,16,4427,True,31.26,1.37451,50000,RocksDB/Mixed/Sync/real_time_cv,aggregate,cv,3,0.0026109117854974493,0.06436734612125854,0.0026069909959403072,,0.017035597379021536,0.02117244404663657
bd497cd,2026-04-07T11:16:18+01:00,linuxpc,16,4427,True,31.26,1.37451,50000,ByteCask/MixedBatch/Sync/real_time,iteration,,245,2865172.273536422,871429.4448979581,34901.91529620385,,2748153.0,5873100.0
bd497cd,2026-04-07T11:16:18+01:00,linuxpc,16,4427,True,31.26,1.37451,50000,ByteCask/MixedBatch/Sync/real_time,iteration,,245,2874336.6287945183,903923.88571428,34790.63621088094,,2749913.0,4886948.0
bd497cd,2026-04-07T11:16:18+01:00,linuxpc,16,4427,True,31.26,1.37451,50000,ByteCask/MixedBatch/Sync/real_time,iteration,,245,2843702.420335719,892703.2571428563,35165.423528455656,,2775633.0,4145929.0
bd497cd,2026-04-07T11:16:18+01:00,linuxpc,16,4427,True,31.26,1.37451,50000,ByteCask/MixedBatch/Sync/real_time_mean,aggregate,mean,3,2861070.440888886,889352.1959183648,34952.65834518014,,2757899.6666666665,4968659.0
bd497cd,2026-04-07T11:16:18+01:00,linuxpc,16,4427,True,31.26,1.37451,50000,ByteCask/MixedBatch/Sync/real_time_median,aggregate,median,3,2865172.273536422,892703.2571428563,34901.91529620385,,2749913.0,4886948.0
bd497cd,2026-04-07T11:16:18+01:00,linuxpc,16,4427,True,31.26,1.37451,50000,ByteCask/MixedBatch/Sync/real_time_stddev,aggregate,stddev,3,15723.627293852494,16504.37455612706,192.4773392347124,,15382.708907535902,866479.9082788915
bd497cd,2026-04-07T11:16:18+01:00,linuxpc,16,4427,True,31.26,1.37451,50000,ByteCask/MixedBatch/Sync/real_time_cv,aggregate,cv,3,0.005495714844744413,0.018557748698291878,0.005506801151828682,,0.005577689824419248,0.174389087332999
bd497cd,2026-04-07T11:16:18+01:00,linuxpc,16,4427,True,31.26,1.37451,50000,LevelDB/MixedBatch/Sync/real_time,iteration,,303,2713505.8318452276,360766.9504950467,36852.69396749311,,2221306.0,7934395.0
bd497cd,2026-04-07T11:16:18+01:00,linuxpc,16,4427,True,31.26,1.37451,50000,LevelDB/MixedBatch/Sync/real_time,iteration,,303,2324489.653402503,346859.353135295,43020.195789481644,,2201797.0,5426805.0
bd497cd,2026-04-07T11:16:18+01:00,linuxpc,16,4427,True,31.26,1.37451,50000,LevelDB/MixedBatch/Sync/real_time,iteration,,303,2472182.049411395,363948.01980199805,40450.095503205004,,2251687.0,5293944.0
bd497cd,2026-04-07T11:16:18+01:00,linuxpc,16,4427,True,31.26,1.37451,50000,LevelDB/MixedBatch/Sync/real_time_mean,aggregate,mean,3,2503392.511553042,357191.44114411325,40107.66175339325,,2224930.0,6218381.333333333
bd497cd,2026-04-07T11:16:18+01:00,linuxpc,16,4427,True,31.26,1.37451,50000,LevelDB/MixedBatch/Sync/real_time_median,aggregate,median,3,2472182.049411395,360766.95049504674,40450.095503205004,,2221306.0,5426805.0
bd497cd,2026-04-07T11:16:18+01:00,linuxpc,16,4427,True,31.26,1.37451,50000,LevelDB/MixedBatch/Sync/real_time_stddev,aggregate,stddev,3,196377.1027458811,9088.11490081173,3097.977620289693,,25141.659790077505,1487595.4387770675
bd497cd,2026-04-07T11:16:18+01:00,linuxpc,16,4427,True,31.26,1.37451,50000,LevelDB/MixedBatch/Sync/real_time_cv,aggregate,cv,3,0.07844439169631201,0.025443260543146717,0.07724154151239178,,0.011299977882485069,0.23922550886400032
bd497cd,2026-04-07T11:16:18+01:00,linuxpc,16,4427,True,31.26,1.37451,50000,RocksDB/MixedBatch/Sync/real_time,iteration,,274,2561774.730034866,551282.2445255411,39035.43852922579,,2455089.0,5454736.0
bd497cd,2026-04-07T11:16:18+01:00,linuxpc,16,4427,True,31.26,1.37451,50000,RocksDB/MixedBatch/Sync/real_time,iteration,,274,2534610.2809064416,527518.6861313684,39453.79719845429,,2431359.0,5479645.0
bd497cd,2026-04-07T11:16:18+01:00,linuxpc,16,4427,True,31.26,1.37451,50000,RocksDB/MixedBatch/Sync/real_time,iteration,,274,2540190.6788869197,538259.2773722536,39367.123433355315,,2451870.0,4479704.0
bd497cd,2026-04-07T11:16:18+01:00,linuxpc,16,4427,True,31.26,1.37451,50000,RocksDB/MixedBatch/Sync/real_time_mean,aggregate,mean,3,2545525.2299427423,539020.0693430543,39285.45305367846,,2446106.0,5138028.333333333
bd497cd,2026-04-07T11:16:18+01:00,linuxpc,16,4427,True,31.26,1.37451,50000,RocksDB/MixedBatch/Sync/real_time_median,aggregate,median,3,2540190.6788869197,538259.2773722537,39367.123433355315,,2451870.0,5454736.0
bd497cd,2026-04-07T11:16:18+01:00,linuxpc,16,4427,True,31.26,1.37451,50000,RocksDB/MixedBatch/Sync/real_time_stddev,aggregate,stddev,3,14346.42465346938,11900.03278169364,220.8133424812482,,12872.295715994098,570261.6158083375
bd497cd,2026-04-07T11:16:18+01:00,linuxpc,16,4427,True,31.26,1.37451,50000,RocksDB/MixedBatch/Sync/real_time_cv,aggregate,cv,3,0.005635938895719403,0.02207716086749262,0.005620740638514097,,0.005262362185446623,0.11098841400089675
bd497cd,2026-04-07T11:16:18+01:00,linuxpc,16,4427,True,31.26,1.37451,50000,ByteCask/GetMT/real_time/threads:2,iteration,,834958,858.6339851365037,854.5722611197189,2329281.2008623728,,1560.0,2720.0
bd497cd,2026-04-07T11:16:18+01:00,linuxpc,16,4427,True,31.26,1.37451,50000,ByteCask/GetMT/real_time/threads:2,iteration,,834958,863.8611499678184,859.9650617156814,2315186.8793665585,,1560.0,2700.0
bd497cd,2026-04-07T11:16:18+01:00,linuxpc,16,4427,True,31.26,1.37451,50000,ByteCask/GetMT/real_time/threads:2,iteration,,834958,883.9257040969039,879.7399653635197,2262633.602270199,,1660.0,2640.0
bd497cd,2026-04-07T11:16:18+01:00,linuxpc,16,4427,True,31.26,1.37451,50000,ByteCask/GetMT/real_time/threads:2_mean,aggregate,mean,3,868.8069464004087,864.7590960663065,2302367.22749971,,1593.3333333333333,2686.6666666666665
bd497cd,2026-04-07T11:16:18+01:00,linuxpc,16,4427,True,31.26,1.37451,50000,ByteCask/GetMT/real_time/threads:2_median,aggregate,median,3,863.8611499678183,859.9650617156814,2315186.8793665585,,1560.0,2700.0
bd497cd,2026-04-07T11:16:18+01:00,linuxpc,16,4427,True,31.26,1.37451,50000,ByteCask/GetMT/real_time/threads:2_stddev,aggregate,stddev,3,13.351533198756885,13.251053099386302,35124.53850254961,,57.73502691895989,41.63331998933011
bd497cd,2026-04-07T11:16:18+01:00,linuxpc,16,4427,True,31.26,1.37451,50000,ByteCask/GetMT/real_time/threads:2_cv,aggregate,cv,3,0.015367663960416287,0.015323404124528874,0.015255836724488832,,0.03623537254328027,0.015496272948882176
bd497cd,2026-04-07T11:16:18+01:00,linuxpc,16,4427,True,31.26,1.37451,50000,ByteCask/GetMT/real_time/threads:4,iteration,,537680,957.8627585931579,953.3496931260206,4175963.5857175626,,3570.0,5390.0
bd497cd,2026-04-07T11:16:18+01:00,linuxpc,16,4427,True,31.26,1.37451,50000,ByteCask/GetMT/real_time/threads:4,iteration,,537680,1028.0936951278584,1023.5687602291374,3890695.973485706,,3730.0,6340.0
bd497cd,2026-04-07T11:16:18+01:00,linuxpc,16,4427,True,31.26,1.37451,50000,ByteCask/GetMT/real_time/threads:4,iteration,,537680,1016.9187063110718,1012.239718791848,3933451.0961158527,,3670.0,6380.0
bd497cd,2026-04-07T11:16:18+01:00,linuxpc,16,4427,True,31.26,1.37451,50000,ByteCask/GetMT/real_time/threads:4_mean,aggregate,mean,3,1000.9583866773627,996.3860573823354,4000036.8851063736,,3656.6666666666665,6036.666666666666
bd497cd,2026-04-07T11:16:18+01:00,linuxpc,16,4427,True,31.26,1.37451,50000,ByteCask/GetMT/real_time/threads:4_median,aggregate,median,3,1016.9187063110718,1012.2397187918481,3933451.0961158527,,3670.0,6340.0
bd497cd,2026-04-07T11:16:18+01:00,linuxpc,16,4427,True,31.26,1.37451,50000,ByteCask/GetMT/real_time/threads:4_stddev,aggregate,stddev,3,37.737845245101916,37.69858460570737,153849.44952366062,,80.82903768655144,560.3867711976609
bd497cd,2026-04-07T11:16:18+01:00,linuxpc,16,4427,True,31.26,1.37451,50000,ByteCask/GetMT/real_time/threads:4_cv,aggregate,cv,3,0.03770171242619889,0.03783531927850089,0.0384620077121037,,0.022104568191399665,0.0928304977135827
bd497cd,2026-04-07T11:16:18+01:00,linuxpc,16,4427,True,31.26,1.37451,50000,ByteCask/GetMT/real_time/threads:8,iteration,,465208,1492.7602040834163,1483.3106954308619,5359199.674613616,,11240.0,18290.0
bd497cd,2026-04-07T11:16:18+01:00,linuxpc,16,4427,True,31.26,1.37451,50000,ByteCask/GetMT/real_time/threads:8,iteration,,465208,1488.410678512435,1482.136515279188,5374860.65875008,,11240.0,18231.0
bd497cd,2026-04-07T11:16:18+01:00,linuxpc,16,4427,True,31.26,1.37451,50000,ByteCask/GetMT/real_time/threads:8,iteration,,465208,1494.5147568876314,1481.0476023628162,5352908.001163015,,11320.0,18690.0
bd497cd,2026-04-07T11:16:18+01:00,linuxpc,16,4427,True,31.26,1.37451,50000,ByteCask/GetMT/real_time/threads:8_mean,aggregate,mean,3,1491.8952131611607,1482.1649376909552,5362322.77817557,,11266.666666666666,18403.666666666664
bd497cd,2026-04-07T11:16:18+01:00,linuxpc,16,4427,True,31.26,1.37451,50000,ByteCask/GetMT/real_time/threads:8_median,aggregate,median,3,1492.7602040834163,1482.136515279188,5359199.674613616,,11240.0,18290.0
bd497cd,2026-04-07T11:16:18+01:00,linuxpc,16,4427,True,31.26,1.37451,50000,ByteCask/GetMT/real_time/threads:8_stddev,aggregate,stddev,3,3.1426263180451106,1.1318142226428856,11304.650622002737,,46.188021535438914,249.72051043809452
bd497cd,2026-04-07T11:16:18+01:00,linuxpc,16,4427,True,31.26,1.37451,50000,ByteCask/GetMT/real_time/threads:8_cv,aggregate,cv,3,0.0021064658498275044,0.0007636223161547215,0.0021081630274127085,,0.004099528538648424,0.013569062891711501
bd497cd,2026-04-07T11:16:18+01:00,linuxpc,16,4427,True,31.26,1.37451,50000,ByteCask/GetMT/real_time/threads:16,iteration,,330032,2056.5344000011432,1997.109822683875,7780078.952236882,,31080.0,45240.0
bd497cd,2026-04-07T11:16:18+01:00,linuxpc,16,4427,True,31.26,1.37451,50000,ByteCask/GetMT/real_time/threads:16,iteration,,330032,2077.707413201241,1907.155942454065,7700795.549142264,,29820.0,44990.0
bd497cd,2026-04-07T11:16:18+01:00,linuxpc,16,4427,True,31.26,1.37451,50000,ByteCask/GetMT/real_time/threads:16,iteration,,330032,2403.2228963634193,1673.272273597719,6657726.182707129,,25341.0,45870.0
bd497cd,2026-04-07T11:16:18+01:00,linuxpc,16,4427,True,31.26,1.37451,50000,ByteCask/GetMT/real_time/threads:16_mean,aggregate,mean,3,2179.154903188601,1859.179346245219,7379533.561362092,,28747.0,45366.666666666664
bd497cd,2026-04-07T11:16:18+01:00,linuxpc,16,4427,True,31.26,1.37451,50000,ByteCask/GetMT/real_time/threads:16_median,aggregate,median,3,2077.7074132012403,1907.1559424540646,7700795.549142264,,29820.0,45240.0
bd497cd,2026-04-07T11:16:18+01:00,linuxpc,16,4427,True,31.26,1.37451,50000,ByteCask/GetMT/real_time/threads:16_stddev,aggregate,stddev,3,194.3371382315673,167.16460417018357,626359.2287275005,,3016.2107021890893,453.46811721841203
bd497cd,2026-04-07T11:16:18+01:00,linuxpc,16,4427,True,31.26,1.37451,50000,ByteCask/GetMT/real_time/threads:16_cv,aggregate,cv,3,0.08918004770895713,0.08991311381970095,0.08487788876074831,,0.10492262504571222,0.009995623450809964
bd497cd,2026-04-07T11:16:18+01:00,linuxpc,16,4427,True,31.26,1.37451,50000,ByteCask/GetMT/real_time/threads:32,iteration,,420832,2992.306770791674,1951.8888107368382,10694090.696968801,,60760.0,90281.0
bd497cd,2026-04-07T11:16:18+01:00,linuxpc,16,4427,True,31.26,1.37451,50000,ByteCask/GetMT/real_time/threads:32,iteration,,420832,3013.925179625265,1887.1899950574086,10617383.675058153,,58960.0,88130.0
bd497cd,2026-04-07T11:16:18+01:00,linuxpc,16,4427,True,31.26,1.37451,50000,ByteCask/GetMT/real_time/threads:32,iteration,,420832,2836.5943414555095,1955.0495019390237,11281133.693434713,,60760.0,89923.0
bd497cd,2026-04-07T11:16:18+01:00,linuxpc,16,4427,True,31.26,1.37451,50000,ByteCask/GetMT/real_time/threads:32_mean,aggregate,mean,3,2947.608763957483,1931.3761025777567,10864202.68848722,,60160.0,89444.66666666666
bd497cd,2026-04-07T11:16:18+01:00,linuxpc,16,4427,True,31.26,1.37451,50000,ByteCask/GetMT/real_time/threads:32_median,aggregate,median,3,2992.3067707916744,1951.8888107368382,10694090.696968801,,60760.0,89923.0
bd497cd,2026-04-07T11:16:18+01:00,linuxpc,16,4427,True,31.26,1.37451,50000,ByteCask/GetMT/real_time/threads:32_stddev,aggregate,stddev,3,96.74704337966863,38.29891076218896,363104.10210781626,,1039.2304845413264,1152.5199925968311
bd497cd,2026-04-07T11:16:18+01:00,linuxpc,16,4427,True,31.26,1.37451,50000,ByteCask/GetMT/real_time/threads:32_cv,aggregate,cv,3,0.03282221323354164,0.019829856396727918,0.03342206625918321,,0.01727444289463641,0.012885284674288363
bd497cd,2026-04-07T11:16:18+01:00,linuxpc,16,4427,True,31.26,1.37451,50000,RocksDB/GetMT/real_time/threads:2,iteration,,1046158,674.0657778635633,670.956562966587,2967069.484433635,,1230.0,2200.0
bd497cd,2026-04-07T11:16:18+01:00,linuxpc,16,4427,True,31.26,1.37451,50000,RocksDB/GetMT/real_time/threads:2,iteration,,1046158,653.7911300363864,651.4879578419318,3059080.963500822,,1200.0,2030.0
bd497cd,2026-04-07T11:16:18+01:00,linuxpc,16,4427,True,31.26,1.37451,50000,RocksDB/GetMT/real_time/threads:2,iteration,,1046158,673.5617067131215,670.7691916517398,2969289.9404268325,,1230.0,2300.0
bd497cd,2026-04-07T11:16:18+01:00,linuxpc,16,4427,True,31.26,1.37451,50000,RocksDB/GetMT/real_time/threads:2_mean,aggregate,mean,3,667.139538204357,664.404570820086,2998480.1294537634,,1220.0,2176.6666666666665
bd497cd,2026-04-07T11:16:18+01:00,linuxpc,16,4427,True,31.26,1.37451,50000,RocksDB/GetMT/real_time/threads:2_median,aggregate,median,3,673.5617067131215,670.7691916517398,2969289.9404268325,,1230.0,2200.0
bd497cd,2026-04-07T11:16:18+01:00,linuxpc,16,4427,True,31.26,1.37451,50000,RocksDB/GetMT/real_time/threads:2_stddev,aggregate,stddev,3,11.562807721106253,11.186507279902278,52493.60362560889,,17.320508075688775,136.50396819629245
bd497cd,2026-04-07T11:16:18+01:00,linuxpc,16,4427,True,31.26,1.37451,50000,RocksDB/GetMT/real_time/threads:2_cv,aggregate,cv,3,0.01733191792563845,0.016836890911353274,0.0175067371999466,,0.014197137766958011,0.06271238967670403
bd497cd,2026-04-07T11:16:18+01:00,linuxpc,16,4427,True,31.26,1.37451,50000,RocksDB/GetMT/real_time/threads:4,iteration,,973320,766.383454537298,762.7445639666292,5219319.358107736,,2740.0,5900.0
bd497cd,2026-04-07T11:16:18+01:00,linuxpc,16,4427,True,31.26,1.37451,50000,RocksDB/GetMT/real_time/threads:4,iteration,,973320,725.260885419713,722.0495972547556,5515256.758518247,,2670.0,4550.0
bd497cd,2026-04-07T11:16:18+01:00,linuxpc,16,4427,True,31.26,1.37451,50000,RocksDB/GetMT/real_time/threads:4,iteration,,973320,728.5754777078039,725.4663594706747,5490165.5660777055,,2680.0,4600.0
bd497cd,2026-04-07T11:16:18+01:00,linuxpc,16,4427,True,31.26,1.37451,50000,RocksDB/GetMT/real_time/threads:4_mean,aggregate,mean,3,740.0732725549383,736.7535068973531,5408247.227567896,,2696.6666666666665,5016.666666666666
bd497cd,2026-04-07T11:16:18+01:00,linuxpc,16,4427,True,31.26,1.37451,50000,RocksDB/GetMT/real_time/threads:4_median,aggregate,median,3,728.5754777078038,725.4663594706745,5490165.5660777055,,2680.0,4600.0
bd497cd,2026-04-07T11:16:18+01:00,linuxpc,16,4427,True,31.26,1.37451,50000,RocksDB/GetMT/real_time/threads:4_stddev,aggregate,stddev,3,22.845478490669848,22.573653928724784,164096.6083701546,,37.859388972010024,765.3975002136766
bd497cd,2026-04-07T11:16:18+01:00,linuxpc,16,4427,True,31.26,1.37451,50000,RocksDB/GetMT/real_time/threads:4_cv,aggregate,cv,3,0.030869211654949946,0.030639357284891516,0.030341920675092605,,0.01403932841978122,0.1525709302751515
bd497cd,2026-04-07T11:16:18+01:00,linuxpc,16,4427,True,31.26,1.37451,50000,RocksDB/GetMT/real_time/threads:8,iteration,,736864,724.0023477331471,719.9754744430511,11049687.925803026,,5310.0,8980.0
bd497cd,2026-04-07T11:16:18+01:00,linuxpc,16,4427,True,31.26,1.37451,50000,RocksDB/GetMT/real_time/threads:8,iteration,,736864,748.249625543646,740.0658221869946,10691619.115996942,,5400.0,9750.0
bd497cd,2026-04-07T11:16:18+01:00,linuxpc,16,4427,True,31.26,1.37451,50000,RocksDB/GetMT/real_time/threads:8,iteration,,736864,732.8980502808297,722.6321709297745,10915570.039972931,,5340.0,9020.0
bd497cd,2026-04-07T11:16:18+01:00,linuxpc,16,4427,True,31.26,1.37451,50000,RocksDB/GetMT/real_time/threads:8_mean,aggregate,mean,3,735.050007852541,727.55782251994,10885625.6939243,,5350.0,9250.0
bd497cd,2026-04-07T11:16:18+01:00,linuxpc,16,4427,True,31.26,1.37451,50000,RocksDB/GetMT/real_time/threads:8_median,aggregate,median,3,732.8980502808296,722.6321709297745,10915570.039972931,,5340.0,9020.0
bd497cd,2026-04-07T11:16:18+01:00,linuxpc,16,4427,True,31.26,1.37451,50000,RocksDB/GetMT/real_time/threads:8_stddev,aggregate,stddev,3,12.266043019154365,10.91338860340334,180902.78061490133,,45.8257569495584,433.4743360338477
bd497cd,2026-04-07T11:16:18+01:00,linuxpc,16,4427,True,31.26,1.37451,50000,RocksDB/GetMT/real_time/threads:8_cv,aggregate,cv,3,0.01668735853087028,0.015000029228747982,0.016618500920518548,,0.008565562046646429,0.04686209038203759
bd497cd,2026-04-07T11:16:18+01:00,linuxpc,16,4427,True,31.26,1.37451,50000,RocksDB/GetMT/real_time/threads:16,iteration,,589072,1234.731698203585,966.2185267675243,12958280.753040073,,14360.0,25750.0
bd497cd,2026-04-07T11:16:18+01:00,linuxpc,16,4427,True,31.26,1.37451,50000,RocksDB/GetMT/real_time/threads:16,iteration,,589072,1091.8850767708864,1079.9837659912505,14653556.807753066,,16121.0,27550.0
bd497cd,2026-04-07T11:16:18+01:00,linuxpc,16,4427,True,31.26,1.37451,50000,RocksDB/GetMT/real_time/threads:16,iteration,,589072,1185.593550372626,989.1505894016385,13495350.067458855,,14670.0,26130.0
bd497cd,2026-04-07T11:16:18+01:00,linuxpc,16,4427,True,31.26,1.37451,50000,RocksDB/GetMT/real_time/threads:16_mean,aggregate,mean,3,1170.736775115699,1011.7842940534711,13702395.876083996,,15050.333333333332,26476.666666666664
bd497cd,2026-04-07T11:16:18+01:00,linuxpc,16,4427,True,31.26,1.37451,50000,RocksDB/GetMT/real_time/threads:16_median,aggregate,median,3,1185.5935503726257,989.1505894016385,13495350.067458855,,14670.0,26130.0
bd497cd,2026-04-07T11:16:18+01:00,linuxpc,16,4427,True,31.26,1.37451,50000,RocksDB/GetMT/real_time/threads:16_stddev,aggregate,stddev,3,72.57294359443017,60.16515481246342,866395.5220179736,,940.0905984708911,948.7535682849539
bd497cd,2026-04-07T11:16:18+01:00,linuxpc,16,4427,True,31.26,1.37451,50000,RocksDB/GetMT/real_time/threads:16_cv,aggregate,cv,3,0.06198912098516603,0.059464408734223546,0.0632294913862597,,0.062463108135205725,0.03583357301844217
bd497cd,2026-04-07T11:16:18+01:00,linuxpc,16,4427,True,31.26,1.37451,50000,ByteCask/ReadAndWriteLoad/Sync/real_time/threads:2,iteration,,711426,847.9653611821713,843.2792672744582,2358586.908799844,,1610.0,2580.0
bd497cd,2026-04-07T11:16:18+01:00,linuxpc,16,4427,True,31.26,1.37451,50000,ByteCask/ReadAndWriteLoad/Sync/real_time/threads:2,iteration,,711426,821.4934089653927,817.2447450613356,2434590.4400119837,,1480.0,2680.0
bd497cd,2026-04-07T11:16:18+01:00,linuxpc,16,4427,True,31.26,1.37451,50000,ByteCask/ReadAndWriteLoad/Sync/real_time/threads:2,iteration,,711426,901.2501610425888,877.9987279070494,2219139.6866840497,,1510.0,3030.0
bd497cd,2026-04-07T11:16:18+01:00,linuxpc,16,4427,True,31.26,1.37451,50000,ByteCask/ReadAndWriteLoad/Sync/real_time/threads:2_mean,aggregate,mean,3,856.9029770633842,846.1742467476142,2337439.011831959,,1533.3333333333333,2763.333333333333
bd497cd,2026-04-07T11:16:18+01:00,linuxpc,16,4427,True,31.26,1.37451,50000,ByteCask/ReadAndWriteLoad/Sync/real_time/threads:2_median,aggregate,median,3,847.9653611821713,843.2792672744582,2358586.908799844,,1510.0,2680.0
bd497cd,2026-04-07T11:16:18+01:00,linuxpc,16,4427,True,31.26,1.37451,50000,ByteCask/ReadAndWriteLoad/Sync/real_time/threads:2_stddev,aggregate,stddev,3,40.62259972854699,30.480277024937752,109271.13954296024,,68.0685928555416,236.2907813126357
bd497cd,2026-04-07T11:16:18+01:00,linuxpc,16,4427,True,31.26,1.37451,50000,ByteCask/ReadAndWriteLoad/Sync/real_time/threads:2_cv,aggregate,cv,3,0.047406300148193053,0.03602127710940487,0.046748231286393827,,0.04439256055796191,0.08550932978744356
bd497cd,2026-04-07T11:16:18+01:00,linuxpc,16,4427,True,31.26,1.37451,50000,ByteCask/ReadAndWriteLoad/Sync/real_time/threads:4,iteration,,676736,982.5145166551823,977.2893802014339,4071186.666653412,,3540.0,6210.0
bd497cd,2026-04-07T11:16:18+01:00,linuxpc,16,4427,True,31.26,1.37451,50000,ByteCask/ReadAndWriteLoad/Sync/real_time/threads:4,iteration,,676736,1057.7495537388525,1046.0028859112017,3781613.5075274715,,3750.0,8450.0
bd497cd,2026-04-07T11:16:18+01:00,linuxpc,16,4427,True,31.26,1.37451,50000,ByteCask/ReadAndWriteLoad/Sync/real_time/threads:4,iteration,,676736,976.2044712284227,970.9318877671623,4097502.2322593294,,3540.0,6040.0
bd497cd,2026-04-07T11:16:18+01:00,linuxpc,16,4427,True,31.26,1.37451,50000,ByteCask/ReadAndWriteLoad/Sync/real_time/threads:4_mean,aggregate,mean,3,1005.4895138741526,998.0747179599326,3983434.135480071,,3610.0,6900.0
bd497cd,2026-04-07T11:16:18+01:00,linuxpc,16,4427,True,31.26,1.37451,50000,ByteCask/ReadAndWriteLoad/Sync/real_time/threads:4_median,aggregate,median,3,982.5145166551824,977.289380201434,4071186.666653412,,3540.0,6210.0
bd497cd,2026-04-07T11:16:18+01:00,linuxpc,16,4427,True,31.26,1.37451,50000,ByteCask/ReadAndWriteLoad/Sync/real_time/threads:4_stddev,aggregate,stddev,3,45.36835894450187,41.62855257977146,175276.35792849734,,121.2435565298214,1345.0278807519182
bd497cd,2026-04-07T11:16:18+01:00,linuxpc,16,4427,True,31.26,1.37451,50000,ByteCask/ReadAndWriteLoad/Sync/real_time/threads:4_cv,aggregate,cv,3,0.04512066840925821,0.04170885388707203,0.044001319456327244,,0.03358547272294222,0.19493157692056787
bd497cd,2026-04-07T11:16:18+01:00,linuxpc,16,4427,True,31.26,1.37451,50000,ByteCask/ReadAndWriteLoad/Sync/real_time/threads:8,iteration,,483664,1498.6809603346317,1482.8303036818986,5338027.379899273,,11300.0,18370.0
bd497cd,2026-04-07T11:16:18+01:00,linuxpc,16,4427,True,31.26,1.37451,50000,ByteCask/ReadAndWriteLoad/Sync/real_time/threads:8,iteration,,483664,1568.4142111942379,1533.7824047272438,5100693.390114439,,11620.0,18911.0
bd497cd,2026-04-07T11:16:18+01:00,linuxpc,16,4427,True,31.26,1.37451,50000,ByteCask/ReadAndWriteLoad/Sync/real_time/threads:8,iteration,,483664,1587.7026094722353,1559.7723502266065,5038726.996020534,,11600.0,26160.0
bd497cd,2026-04-07T11:16:18+01:00,linuxpc,16,4427,True,31.26,1.37451,50000,ByteCask/ReadAndWriteLoad/Sync/real_time/threads:8_mean,aggregate,mean,3,1551.5992603337015,1525.4616862119162,5159149.2553447485,,11506.666666666666,21147.0
bd497cd,2026-04-07T11:16:18+01:00,linuxpc,16,4427,True,31.26,1.37451,50000,ByteCask/ReadAndWriteLoad/Sync/real_time/threads:8_median,aggregate,median,3,1568.414211194238,1533.782404727244,5100693.390114439,,11600.0,18911.0
bd497cd,2026-04-07T11:16:18+01:00,linuxpc,16,4427,True,31.26,1.37451,50000,ByteCask/ReadAndWriteLoad/Sync/real_time/threads:8_stddev,aggregate,stddev,3,46.83236523096917,39.140074081186825,157980.9991181013,,179.2577287967193,4349.804248469112
bd497cd,2026-04-07T11:16:18+01:00,linuxpc,16,4427,True,31.26,1.37451,50000,ByteCask/ReadAndWriteLoad/Sync/real_time/threads:8_cv,aggregate,cv,3,0.03018328664380579,0.025657854559678207,0.03062152135925065,,0.015578597519992987,0.20569367988221082
bd497cd,2026-04-07T11:16:18+01:00,linuxpc,16,4427,True,31.26,1.37451,50000,ByteCask/ReadAndWriteLoad/Sync/real_time/threads:16,iteration,,339264,2076.8121785571307,1958.018772990949,7704115.06885328,,30560.0,45490.0
bd497cd,2026-04-07T11:16:18+01:00,linuxpc,16,4427,True,31.26,1.37451,50000,ByteCask/ReadAndWriteLoad/Sync/real_time/threads:16,iteration,,339264,2055.4849649619405,1794.578160370674,7784051.098761629,,27641.0,44120.0
bd497cd,2026-04-07T11:16:18+01:00,linuxpc,16,4427,True,31.26,1.37451,50000,ByteCask/ReadAndWriteLoad/Sync/real_time/threads:16,iteration,,339264,2115.399777112315,1935.833751886447,7563582.152703657,,30502.0,46420.0
bd497cd,2026-04-07T11:16:18+01:00,linuxpc,16,4427,True,31.26,1.37451,50000,ByteCask/ReadAndWriteLoad/Sync/real_time/threads:16_mean,aggregate,mean,3,2082.565640210462,1896.1435617493564,7683916.106772855,,29567.666666666664,45343.33333333333
bd497cd,2026-04-07T11:16:18+01:00,linuxpc,16,4427,True,31.26,1.37451,50000,ByteCask/ReadAndWriteLoad/Sync/real_time/threads:16_median,aggregate,median,3,2076.8121785571307,1935.8337518864473,7704115.06885328,,30502.0,45490.0
bd497cd,2026-04-07T11:16:18+01:00,linuxpc,16,4427,True,31.26,1.37451,50000,ByteCask/ReadAndWriteLoad/Sync/real_time/threads:16_stddev,aggregate,stddev,3,30.368946631425327,88.65490318229244,111613.78766003918,,1668.794275317845,1156.9932295972392
bd497cd,2026-04-07T11:16:18+01:00,linuxpc,16,4427,True,31.26,1.37451,50000,ByteCask/ReadAndWriteLoad/Sync/real_time/threads:16_cv,aggregate,cv,3,0.014582467916044305,0.046755374946663125,0.014525638503738886,,0.05643983660026758,0.02551628088503799
bd497cd,2026-04-07T11:16:18+01:00,linuxpc,16,4427,True,31.26,1.37451,50000,ByteCask/ReadAndWriteLoad/Sync/StaleRead/real_time/threads:2,iteration,,854074,822.2820165021548,817.9161922737358,2432255.552064307,,1451.0,2620.0
bd497cd,2026-04-07T11:16:18+01:00,linuxpc,16,4427,True,31.26,1.37451,50000,ByteCask/ReadAndWriteLoad/Sync/StaleRead/real_time/threads:2,iteration,,854074,874.2326332263582,867.6599065186393,2287720.5951681235,,1560.0,3320.0
bd497cd,2026-04-07T11:16:18+01:00,linuxpc,16,4427,True,31.26,1.37451,50000,ByteCask/ReadAndWriteLoad/Sync/StaleRead/real_time/threads:2,iteration,,854074,827.452940826637,823.2362383118968,2417055.8847757215,,1590.0,2380.0
bd497cd,2026-04-07T11:16:18+01:00,linuxpc,16,4427,True,31.26,1.37451,50000,ByteCask/ReadAndWriteLoad/Sync/StaleRead/real_time/threads:2_mean,aggregate,mean,3,841.3225301850499,836.2707790347572,2379010.67733605,,1533.6666666666665,2773.333333333333
bd497cd,2026-04-07T11:16:18+01:00,linuxpc,16,4427,True,31.26,1.37451,50000,ByteCask/ReadAndWriteLoad/Sync/StaleRead/real_time/threads:2_median,aggregate,median,3,827.452940826637,823.2362383118967,2417055.8847757215,,1560.0,2620.0
bd497cd,2026-04-07T11:16:18+01:00,linuxpc,16,4427,True,31.26,1.37451,50000,ByteCask/ReadAndWriteLoad/Sync/StaleRead/real_time/threads:2_stddev,aggregate,stddev,3,28.618014889830178,27.313617768649483,79423.96866244944,,73.14597277590536,488.39874419713226
bd497cd,2026-04-07T11:16:18+01:00,linuxpc,16,4427,True,31.26,1.37451,50000,ByteCask/ReadAndWriteLoad/Sync/StaleRead/real_time/threads:2_cv,aggregate,cv,3,0.034015509941871656,0.03266121267584583,0.033385293062823146,,0.047693527130562074,0.1761053164172352
bd497cd,2026-04-07T11:16:18+01:00,linuxpc,16,4427,True,31.26,1.37451,50000,ByteCask/ReadAndWriteLoad/Sync/StaleRead/real_time/threads:4,iteration,,610436,983.8318071159248,978.3046642072167,4065735.597353664,,3540.0,6100.0
bd497cd,2026-04-07T11:16:18+01:00,linuxpc,16,4427,True,31.26,1.37451,50000,ByteCask/ReadAndWriteLoad/Sync/StaleRead/real_time/threads:4,iteration,,610436,957.1279364673322,951.3966853200108,4179169.625707111,,3510.0,6000.0
bd497cd,2026-04-07T11:16:18+01:00,linuxpc,16,4427,True,31.26,1.37451,50000,ByteCask/ReadAndWriteLoad/Sync/StaleRead/real_time/threads:4,iteration,,610436,1088.7630972680734,1073.8317645093068,3673893.8066846756,,3780.0,8190.0
bd497cd,2026-04-07T11:16:18+01:00,linuxpc,16,4427,True,31.26,1.37451,50000,ByteCask/ReadAndWriteLoad/Sync/StaleRead/real_time/threads:4_mean,aggregate,mean,3,1009.9076136171102,1001.1777046788446,3972933.0099151507,,3610.0,6763.333333333333
bd497cd,2026-04-07T11:16:18+01:00,linuxpc,16,4427,True,31.26,1.37451,50000,ByteCask/ReadAndWriteLoad/Sync/StaleRead/real_time/threads:4_median,aggregate,median,3,983.8318071159248,978.3046642072168,4065735.597353664,,3540.0,6100.0
bd497cd,2026-04-07T11:16:18+01:00,linuxpc,16,4427,True,31.26,1.37451,50000,ByteCask/ReadAndWriteLoad/Sync/StaleRead/real_time/threads:4_stddev,aggregate,stddev,3,69.5838677659907,64.34259195381075,265113.4728727593,,147.9864858694874,1236.5408741053925
bd497cd,2026-04-07T11:16:18+01:00,linuxpc,16,4427,True,31.26,1.37451,50000,ByteCask/ReadAndWriteLoad/Sync/StaleRead/real_time/threads:4_cv,aggregate,cv,3,0.068901221089687,0.06426690451966308,0.06672991268947202,,0.040993486390439725,0.18283009474204917
bd497cd,2026-04-07T11:16:18+01:00,linuxpc,16,4427,True,31.26,1.37451,50000,ByteCask/ReadAndWriteLoad/Sync/StaleRead/real_time/threads:8,iteration,,474120,1497.2394712002238,1487.6953155319295,5343166.64360111,,11280.0,18440.0
bd497cd,2026-04-07T11:16:18+01:00,linuxpc,16,4427,True,31.26,1.37451,50000,ByteCask/ReadAndWriteLoad/Sync/StaleRead/real_time/threads:8,iteration,,474120,1470.3647008592052,1454.024042436518,5440827.024292145,,11010.0,18160.0
bd497cd,2026-04-07T11:16:18+01:00,linuxpc,16,4427,True,31.26,1.37451,50000,ByteCask/ReadAndWriteLoad/Sync/StaleRead/real_time/threads:8,iteration,,474120,1501.491158278971,1489.903077280007,5328036.702640131,,11400.0,18661.0
bd497cd,2026-04-07T11:16:18+01:00,linuxpc,16,4427,True,31.26,1.37451,50000,ByteCask/ReadAndWriteLoad/Sync/StaleRead/real_time/threads:8_mean,aggregate,mean,3,1489.698443446133,1477.2074784161514,5370676.790177795,,11230.0,18420.333333333332
bd497cd,2026-04-07T11:16:18+01:00,linuxpc,16,4427,True,31.26,1.37451,50000,ByteCask/ReadAndWriteLoad/Sync/StaleRead/real_time/threads:8_median,aggregate,median,3,1497.2394712002235,1487.6953155319295,5343166.64360111,,11280.0,18440.0
bd497cd,2026-04-07T11:16:18+01:00,linuxpc,16,4427,True,31.26,1.37451,50000,ByteCask/ReadAndWriteLoad/Sync/StaleRead/real_time/threads:8_stddev,aggregate,stddev,3,16.8779267852016,20.107767923137093,61221.07715566273,,199.74984355438178,251.0783410281195
bd497cd,2026-04-07T11:16:18+01:00,linuxpc,16,4427,True,31.26,1.37451,50000,ByteCask/ReadAndWriteLoad/Sync/StaleRead/real_time/threads:8_cv,aggregate,cv,3,0.011329760636761983,0.013612013354208348,0.011399136374698136,,0.017787163272874603,0.01363049932292862
bd497cd,2026-04-07T11:16:18+01:00,linuxpc,16,4427,True,31.26,1.37451,50000,ByteCask/ReadAndWriteLoad/Sync/StaleRead/real_time/threads:16,iteration,,354224,2400.0598040071777,1673.4814552373584,6666500.548563893,,25500.0,44931.0
bd497cd,2026-04-07T11:16:18+01:00,linuxpc,16,4427,True,31.26,1.37451,50000,ByteCask/ReadAndWriteLoad/Sync/StaleRead/real_time/threads:16,iteration,,354224,1997.4824041861705,1821.2413162292867,8010083.075810044,,28641.0,43150.0
bd497cd,2026-04-07T11:16:18+01:00,linuxpc,16,4427,True,31.26,1.37451,50000,ByteCask/ReadAndWriteLoad/Sync/StaleRead/real_time/threads:16,iteration,,354224,1858.8205348314887,1789.6388895162534,8607608.803638743,,28050.0,39950.0
bd497cd,2026-04-07T11:16:18+01:00,linuxpc,16,4427,True,31.26,1.37451,50000,ByteCask/ReadAndWriteLoad/Sync/StaleRead/real_time/threads:16_mean,aggregate,mean,3,2085.4542476749452,1761.4538869942992,7761397.476004226,,27397.0,42677.0
bd497cd,2026-04-07T11:16:18+01:00,linuxpc,16,4427,True,31.26,1.37451,50000,ByteCask/ReadAndWriteLoad/Sync/StaleRead/real_time/threads:16_median,aggregate,median,3,1997.4824041861702,1789.6388895162534,8010083.075810044,,28050.0,43150.0
bd497cd,2026-04-07T11:16:18+01:00,linuxpc,16,4427,True,31.26,1.37451,50000,ByteCask/ReadAndWriteLoad/Sync/StaleRead/real_time/threads:16_stddev,aggregate,stddev,3,281.13923696198907,77.80771109254992,994162.3157930617,,1669.2144859184514,2523.9625591517324
bd497cd,2026-04-07T11:16:18+01:00,linuxpc,16,4427,True,31.26,1.37451,50000,ByteCask/ReadAndWriteLoad/Sync/StaleRead/real_time/threads:16_cv,aggregate,cv,3,0.13480959233482526,0.04417243713675585,0.1280906330163731,,0.06092690754164512,0.059141049257251735
bd497cd,2026-04-07T11:16:18+01:00,linuxpc,16,4427,True,31.26,1.37451,50000,RocksDB/ReadAndWriteLoad/Sync/real_time/threads:2,iteration,,1070550,642.8562243850141,639.7771323151676,3111115.5560689988,,1180.0,2000.0
bd497cd,2026-04-07T11:16:18+01:00,linuxpc,16,4427,True,31.26,1.37451,50000,RocksDB/ReadAndWriteLoad/Sync/real_time/threads:2,iteration,,1070550,663.1569015966578,658.777334080617,3015877.532428111,,1210.0,2200.0
bd497cd,2026-04-07T11:16:18+01:00,linuxpc,16,4427,True,31.26,1.37451,50000,RocksDB/ReadAndWriteLoad/Sync/real_time/threads:2,iteration,,1070550,663.6493568943757,659.9824258558635,3013639.6264425428,,1200.0,2220.0
bd497cd,2026-04-07T11:16:18+01:00,linuxpc,16,4427,True,31.26,1.37451,50000,RocksDB/ReadAndWriteLoad/Sync/real_time/threads:2_mean,aggregate,mean,3,656.5541609586825,652.8456307505493,3046877.5716465507,,1196.6666666666665,2140.0
bd497cd,2026-04-07T11:16:18+01:00,linuxpc,16,4427,True,31.26,1.37451,50000,RocksDB/ReadAndWriteLoad/Sync/real_time/threads:2_median,aggregate,median,3,663.1569015966578,658.7773340806169,3015877.532428111,,1200.0,2200.0
bd497cd,2026-04-07T11:16:18+01:00,linuxpc,16,4427,True,31.26,1.37451,50000,RocksDB/ReadAndWriteLoad/Sync/real_time/threads:2_stddev,aggregate,stddev,3,11.865316170979435,11.33367989945683,55642.978333262305,,15.275252316528357,121.65525060596056
bd497cd,2026-04-07T11:16:18+01:00,linuxpc,16,4427,True,31.26,1.37451,50000,RocksDB/ReadAndWriteLoad/Sync/real_time/threads:2_cv,aggregate,cv,3,0.018072105663992782,0.01736042850807927,0.018262295423702408,,0.01276483480489835,0.05684824794671054
bd497cd,2026-04-07T11:16:18+01:00,linuxpc,16,4427,True,31.26,1.37451,50000,RocksDB/ReadAndWriteLoad/Sync/real_time/threads:4,iteration,,1029776,719.0055953921946,713.2741800158524,5563239.042414027,,2640.0,4640.0
bd497cd,2026-04-07T11:16:18+01:00,linuxpc,16,4427,True,31.26,1.37451,50000,RocksDB/ReadAndWriteLoad/Sync/real_time/threads:4,iteration,,1029776,699.6812967448631,695.5563743959818,5716888.558561241,,2591.0,4220.0
bd497cd,2026-04-07T11:16:18+01:00,linuxpc,16,4427,True,31.26,1.37451,50000,RocksDB/ReadAndWriteLoad/Sync/real_time/threads:4,iteration,,1029776,698.3645200818601,694.2273921707246,5727667.836749685,,2580.0,4200.0
bd497cd,2026-04-07T11:16:18+01:00,linuxpc,16,4427,True,31.26,1.37451,50000,RocksDB/ReadAndWriteLoad/Sync/real_time/threads:4_mean,aggregate,mean,3,705.6838040729726,701.0193155275193,5669265.145908317,,2603.6666666666665,4353.333333333333
bd497cd,2026-04-07T11:16:18+01:00,linuxpc,16,4427,True,31.26,1.37451,50000,RocksDB/ReadAndWriteLoad/Sync/real_time/threads:4_median,aggregate,median,3,699.6812967448631,695.5563743959816,5716888.558561241,,2591.0,4220.0
bd497cd,2026-04-07T11:16:18+01:00,linuxpc,16,4427,True,31.26,1.37451,50000,RocksDB/ReadAndWriteLoad/Sync/real_time/threads:4_stddev,aggregate,stddev,3,11.5557807248008,10.633805817264964,91979.34102947681,,31.942656954837364,248.46193538112422
bd497cd,2026-04-07T11:16:18+01:00,linuxpc,16,4427,True,31.26,1.37451,50000,RocksDB/ReadAndWriteLoad/Sync/real_time/threads:4_cv,aggregate,cv,3,0.016375295363312396,0.015169062509016586,0.016224208722335227,,0.012268335791129445,0.057073951465801895
bd497cd,2026-04-07T11:16:18+01:00,linuxpc,16,4427,True,31.26,1.37451,50000,RocksDB/ReadAndWriteLoad/Sync/real_time/threads:8,iteration,,889664,832.7948966958561,806.6352870297142,9606206.80042624,,5880.0,11040.0
bd497cd,2026-04-07T11:16:18+01:00,linuxpc,16,4427,True,31.26,1.37451,50000,RocksDB/ReadAndWriteLoad/Sync/real_time/threads:8,iteration,,889664,711.0498693777138,704.649672235812,11250968.946807237,,5231.0,8750.0
bd497cd,2026-04-07T11:16:18+01:00,linuxpc,16,4427,True,31.26,1.37451,50000,RocksDB/ReadAndWriteLoad/Sync/real_time/threads:8,iteration,,889664,713.8384119960875,702.4941461045961,11207018.094795167,,5200.0,9100.0
bd497cd,2026-04-07T11:16:18+01:00,linuxpc,16,4427,True,31.26,1.37451,50000,RocksDB/ReadAndWriteLoad/Sync/real_time/threads:8_mean,aggregate,mean,3,752.5610593565522,737.9263684567073,10688064.614009548,,5437.0,9630.0
bd497cd,2026-04-07T11:16:18+01:00,linuxpc,16,4427,True,31.26,1.37451,50000,RocksDB/ReadAndWriteLoad/Sync/real_time/threads:8_median,aggregate,median,3,713.8384119960874,704.6496722358119,11207018.094795167,,5231.0,9100.0
bd497cd,2026-04-07T11:16:18+01:00,linuxpc,16,4427,True,31.26,1.37451,50000,RocksDB/ReadAndWriteLoad/Sync/real_time/threads:8_stddev,aggregate,stddev,3,69.49852864000853,59.513428668071526,937174.0318407132,,383.9622377265716,1233.572048969976
bd497cd,2026-04-07T11:16:18+01:00,linuxpc,16,4427,True,31.26,1.37451,50000,RocksDB/ReadAndWriteLoad/Sync/real_time/threads:8_cv,aggregate,cv,3,0.09234935527946464,0.0806495488059837,0.08768416600067122,,0.07062023868430597,0.12809678597819066
bd497cd,2026-04-07T11:16:18+01:00,linuxpc,16,4427,True,31.26,1.37451,50000,RocksDB/ReadAndWriteLoad/Sync/real_time/threads:16,iteration,,663984,1055.6518242533764,960.523750572304,15156512.433743209,,14570.0,23361.0
bd497cd,2026-04-07T11:16:18+01:00,linuxpc,16,4427,True,31.26,1.37451,50000,RocksDB/ReadAndWriteLoad/Sync/real_time/threads:16,iteration,,663984,1079.5405687401712,978.9905148316825,14821119.708981453,,14870.0,23880.0
bd497cd,2026-04-07T11:16:18+01:00,linuxpc,16,4427,True,31.26,1.37451,50000,RocksDB/ReadAndWriteLoad/Sync/real_time/threads:16,iteration,,663984,1031.0708964182095,1001.9611827995868,15517846.595788587,,15280.0,23990.0
bd497cd,2026-04-07T11:16:18+01:00,linuxpc,16,4427,True,31.26,1.37451,50000,RocksDB/ReadAndWriteLoad/Sync/real_time/threads:16_mean,aggregate,mean,3,1055.4210964705858,980.4918160678577,15165159.579504415,,14906.666666666666,23743.666666666664
bd497cd,2026-04-07T11:16:18+01:00,linuxpc,16,4427,True,31.26,1.37451,50000,RocksDB/ReadAndWriteLoad/Sync/real_time/threads:16_median,aggregate,median,3,1055.6518242533764,978.9905148316825,15156512.433743209,,14870.0,23880.0
bd497cd,2026-04-07T11:16:18+01:00,linuxpc,16,4427,True,31.26,1.37451,50000,RocksDB/ReadAndWriteLoad/Sync/real_time/threads:16_stddev,aggregate,stddev,3,24.235659888515112,20.7594707651454,348443.92453787936,,356.41735835021177,335.9320367773414
bd497cd,2026-04-07T11:16:18+01:00,linuxpc,16,4427,True,31.26,1.37451,50000,RocksDB/ReadAndWriteLoad/Sync/real_time/threads:16_cv,aggregate,cv,3,0.022963023924347483,0.021172507944430086,0.022976607843203864,,0.023909930121883617,0.014148279686260538
bd497cd,2026-04-07T11:16:18+01:00,linuxpc,16,4427,True,31.26,1.37451,50000,RocksDB/ReadAndWriteLoad/Sync/NoCache/real_time/threads:2,iteration,,1122294,653.7353902144546,648.883959105193,3059341.7917055245,,1190.0,2210.0
bd497cd,2026-04-07T11:16:18+01:00,linuxpc,16,4427,True,31.26,1.37451,50000,RocksDB/ReadAndWriteLoad/Sync/NoCache/real_time/threads:2,iteration,,1122294,642.4353110892491,638.913484345456,3113153.909004472,,1170.0,2140.0
bd497cd,2026-04-07T11:16:18+01:00,linuxpc,16,4427,True,31.26,1.37451,50000,RocksDB/ReadAndWriteLoad/Sync/NoCache/real_time/threads:2,iteration,,1122294,648.9383717565903,645.4217611427973,3081956.757444108,,1170.0,2240.0
bd497cd,2026-04-07T11:16:18+01:00,linuxpc,16,4427,True,31.26,1.37451,50000,RocksDB/ReadAndWriteLoad/Sync/NoCache/real_time/threads:2_mean,aggregate,mean,3,648.369691020098,644.4064015311487,3084817.486051368,,1176.6666666666665,2196.6666666666665
bd497cd,2026-04-07T11:16:18+01:00,linuxpc,16,4427,True,31.26,1.37451,50000,RocksDB/ReadAndWriteLoad/Sync/NoCache/real_time/threads:2_median,aggregate,median,3,648.9383717565903,645.4217611427973,3081956.757444108,,1170.0,2210.0
bd497cd,2026-04-07T11:16:18+01:00,linuxpc,16,4427,True,31.26,1.37451,50000,RocksDB/ReadAndWriteLoad/Sync/NoCache/real_time/threads:2_stddev,aggregate,stddev,3,5.671463249807182,5.062193999582618,27019.878204238357,,11.547005383814358,51.31601439447489
bd497cd,2026-04-07T11:16:18+01:00,linuxpc,16,4427,True,31.26,1.37451,50000,RocksDB/ReadAndWriteLoad/Sync/NoCache/real_time/threads:2_cv,aggregate,cv,3,0.008747267690573431,0.007855592352209007,0.008758987631007102,,0.009813319023071695,0.023360856325254125
bd497cd,2026-04-07T11:16:18+01:00,linuxpc,16,4427,True,31.26,1.37451,50000,RocksDB/ReadAndWriteLoad/Sync/NoCache/real_time/threads:4,iteration,,1020348,712.0288380801691,707.0375754154479,5617749.992802441,,2600.0,4600.0
bd497cd,2026-04-07T11:16:18+01:00,linuxpc,16,4427,True,31.26,1.37451,50000,RocksDB/ReadAndWriteLoad/Sync/NoCache/real_time/threads:4,iteration,,1020348,725.1955107195449,716.0198971331375,5515753.94617538,,2590.0,5100.0
bd497cd,2026-04-07T11:16:18+01:00,linuxpc,16,4427,True,31.26,1.37451,50000,RocksDB/ReadAndWriteLoad/Sync/NoCache/real_time/threads:4,iteration,,1020348,705.6857494101382,698.2274939530408,5668245.395834452,,2570.0,4480.0
bd497cd,2026-04-07T11:16:18+01:00,linuxpc,16,4427,True,31.26,1.37451,50000,RocksDB/ReadAndWriteLoad/Sync/NoCache/real_time/threads:4_mean,aggregate,mean,3,714.3033660699507,707.0949888338754,5600583.111604091,,2586.6666666666665,4726.666666666666
bd497cd,2026-04-07T11:16:18+01:00,linuxpc,16,4427,True,31.26,1.37451,50000,RocksDB/ReadAndWriteLoad/Sync/NoCache/real_time/threads:4_median,aggregate,median,3,712.0288380801691,707.0375754154479,5617749.992802441,,2590.0,4600.0
bd497cd,2026-04-07T11:16:18+01:00,linuxpc,16,4427,True,31.26,1.37451,50000,RocksDB/ReadAndWriteLoad/Sync/NoCache/real_time/threads:4_stddev,aggregate,stddev,3,9.951773950898923,8.896340537347841,77681.63819293393,,15.27525231653979,328.83633213703393
bd497cd,2026-04-07T11:16:18+01:00,linuxpc,16,4427,True,31.26,1.37451,50000,RocksDB/ReadAndWriteLoad/Sync/NoCache/real_time/threads:4_cv,aggregate,cv,3,0.013932139233296517,0.01258153526447625,0.01387027683456424,,0.005905381050208682,0.0695704510868196
bd497cd,2026-04-07T11:16:18+01:00,linuxpc,16,4427,True,31.26,1.37451,50000,RocksDB/ReadAndWriteLoad/Sync/NoCache/real_time/threads:8,iteration,,962008,695.2282132895718,691.0651002902301,11507012.873005906,,5050.0,9090.0
bd497cd,2026-04-07T11:16:18+01:00,linuxpc,16,4427,True,31.26,1.37451,50000,RocksDB/ReadAndWriteLoad/Sync/NoCache/real_time/threads:8,iteration,,962008,801.385793068137,794.7796099408678,9982707.541359931,,5770.0,11321.0
bd497cd,2026-04-07T11:16:18+01:00,linuxpc,16,4427,True,31.26,1.37451,50000,RocksDB/ReadAndWriteLoad/Sync/NoCache/real_time/threads:8,iteration,,962008,705.8478932512737,695.7483388911583,11333886.629809763,,5110.0,9040.0
bd497cd,2026-04-07T11:16:18+01:00,linuxpc,16,4427,True,31.26,1.37451,50000,RocksDB/ReadAndWriteLoad/Sync/NoCache/real_time/threads:8_mean,aggregate,mean,3,734.1539665363275,727.197683040752,10941202.348058533,,5310.0,9817.0
bd497cd,2026-04-07T11:16:18+01:00,linuxpc,16,4427,True,31.26,1.37451,50000,RocksDB/ReadAndWriteLoad/Sync/NoCache/real_time/threads:8_median,aggregate,median,3,705.8478932512736,695.7483388911583,11333886.629809763,,5110.0,9090.0
bd497cd,2026-04-07T11:16:18+01:00,linuxpc,16,4427,True,31.26,1.37451,50000,RocksDB/ReadAndWriteLoad/Sync/NoCache/real_time/threads:8_stddev,aggregate,stddev,3,58.46608653505644,58.574489443766225,834582.167837263,,399.49968710876357,1302.7421080167728
bd497cd,2026-04-07T11:16:18+01:00,linuxpc,16,4427,True,31.26,1.37451,50000,RocksDB/ReadAndWriteLoad/Sync/NoCache/real_time/threads:8_cv,aggregate,cv,3,0.07963736382286973,0.08054823442071353,0.07627883492944958,,0.07523534597151857,0.13270266965638922
bd497cd,2026-04-07T11:16:18+01:00,linuxpc,16,4427,True,31.26,1.37451,50000,RocksDB/ReadAndWriteLoad/Sync/NoCache/real_time/threads:16,iteration,,634384,1048.4881381608388,944.1748278645046,15260067.727676656,,14110.0,24750.0
bd497cd,2026-04-07T11:16:18+01:00,linuxpc,16,4427,True,31.26,1.37451,50000,RocksDB/ReadAndWriteLoad/Sync/NoCache/real_time/threads:16,iteration,,634384,1141.5444525280557,859.3904606673565,14016098.947847825,,12690.0,22680.0
bd497cd,2026-04-07T11:16:18+01:00,linuxpc,16,4427,True,31.26,1.37451,50000,RocksDB/ReadAndWriteLoad/Sync/NoCache/real_time/threads:16,iteration,,634384,1083.6510094292603,888.94994041464,14764901.117405795,,13280.0,23950.0
bd497cd,2026-04-07T11:16:18+01:00,linuxpc,16,4427,True,31.26,1.37451,50000,RocksDB/ReadAndWriteLoad/Sync/NoCache/real_time/threads:16_mean,aggregate,mean,3,1091.2278667060514,897.5050763155003,14680355.930976758,,13360.0,23793.333333333332
bd497cd,2026-04-07T11:16:18+01:00,linuxpc,16,4427,True,31.26,1.37451,50000,RocksDB/ReadAndWriteLoad/Sync/NoCache/real_time/threads:16_median,aggregate,median,3,1083.65100942926,888.9499404146401,14764901.117405795,,13280.0,23950.0
bd497cd,2026-04-07T11:16:18+01:00,linuxpc,16,4427,True,31.26,1.37451,50000,RocksDB/ReadAndWriteLoad/Sync/NoCache/real_time/threads:16_stddev,aggregate,stddev,3,46.9885729252062,43.034753315978776,626279.0893111897,,713.3722730804619,1043.855034635228
bd497cd,2026-04-07T11:16:18+01:00,linuxpc,16,4427,True,31.26,1.37451,50000,RocksDB/ReadAndWriteLoad/Sync/NoCache/real_time/threads:16_cv,aggregate,cv,3,0.043060275822175004,0.047949314663096966,0.04266102894615037,,0.053396128224585476,0.0438717442407633
bd497cd,2026-04-07T11:16:18+01:00,linuxpc,16,4427,True,31.26,1.37451,50000,ByteCask/PutMT/Sync/real_time/threads:2,iteration,,154,4021360.3053133115,282008.5064935157,497.3441443079487,,8297449.0,9017429.0
bd497cd,2026-04-07T11:16:18+01:00,linuxpc,16,4427,True,31.26,1.37451,50000,ByteCask/PutMT/Sync/real_time/threads:2,iteration,,154,4073593.7859076867,280604.3636363473,490.96697047183756,,8092497.0,13958886.0
bd497cd,2026-04-07T11:16:18+01:00,linuxpc,16,4427,True,31.26,1.37451,50000,ByteCask/PutMT/Sync/real_time/threads:2,iteration,,154,5535230.44838183,277218.1493506599,361.321903153044,,8512442.0,47188294.0
bd497cd,2026-04-07T11:16:18+01:00,linuxpc,16,4427,True,31.26,1.37451,50000,ByteCask/PutMT/Sync/real_time/threads:2_mean,aggregate,mean,3,4543394.846534275,279943.6731601743,449.8776726442767,,8300796.0,23388203.0
bd497cd,2026-04-07T11:16:18+01:00,linuxpc,16,4427,True,31.26,1.37451,50000,ByteCask/PutMT/Sync/real_time/threads:2_median,aggregate,median,3,4073593.7859076858,280604.36363634723,490.96697047183756,,8297449.0,13958886.0
bd497cd,2026-04-07T11:16:18+01:00,linuxpc,16,4427,True,31.26,1.37451,50000,ByteCask/PutMT/Sync/real_time/threads:2_stddev,aggregate,stddev,3,859351.7789258241,2462.5727030889743,76.75780298557471,,209992.50596865616,20759040.151869327
bd497cd,2026-04-07T11:16:18+01:00,linuxpc,16,4427,True,31.26,1.37451,50000,ByteCask/PutMT/Sync/real_time/threads:2_cv,aggregate,cv,3,0.1891430984875422,0.008796672113679004,0.17061927642332222,,0.02529787576621039,0.8875859403079974
bd497cd,2026-04-07T11:16:18+01:00,linuxpc,16,4427,True,31.26,1.37451,50000,ByteCask/PutMT/Sync/real_time/threads:4,iteration,,84,6455725.036045936,187599.67857145204,619.605075753034,,17611181.0,88380258.0
bd497cd,2026-04-07T11:16:18+01:00,linuxpc,16,4427,True,31.26,1.37451,50000,ByteCask/PutMT/Sync/real_time/threads:4,iteration,,84,5853527.261587303,191725.41666664794,683.3486582097712,,18515673.0,47999805.0
bd497cd,2026-04-07T11:16:18+01:00,linuxpc,16,4427,True,31.26,1.37451,50000,ByteCask/PutMT/Sync/real_time/threads:4,iteration,,84,4755307.40472355,180825.0476190329,841.1653883882907,,18159016.0,19571235.0
bd497cd,2026-04-07T11:16:18+01:00,linuxpc,16,4427,True,31.26,1.37451,50000,ByteCask/PutMT/Sync/real_time/threads:4_mean,aggregate,mean,3,5688186.567452262,186716.71428571094,714.7063741170319,,18095290.0,51983766.0
bd497cd,2026-04-07T11:16:18+01:00,linuxpc,16,4427,True,31.26,1.37451,50000,ByteCask/PutMT/Sync/real_time/threads:4_median,aggregate,median,3,5853527.261587303,187599.67857145204,683.3486582097712,,18159016.0,47999805.0
bd497cd,2026-04-07T11:16:18+01:00,linuxpc,16,4427,True,31.26,1.37451,50000,ByteCask/PutMT/Sync/real_time/threads:4_stddev,aggregate,stddev,3,862182.2249854113,5503.565279978272,114.06017181272613,,455600.91837367654,34577078.68647627
bd497cd,2026-04-07T11:16:18+01:00,linuxpc,16,4427,True,31.26,1.37451,50000,ByteCask/PutMT/Sync/real_time/threads:4_cv,aggregate,cv,3,0.15157418181724347,0.02947548269062192,0.15959025404473162,,0.025177873268329855,0.665151476068053
bd497cd,2026-04-07T11:16:18+01:00,linuxpc,16,4427,True,31.26,1.37451,50000,ByteCask/PutMT/Sync/real_time/threads:8,iteration,,64,7873054.626543308,146607.50000003353,1016.1240305673363,,38502623.0,97336014.0
bd497cd,2026-04-07T11:16:18+01:00,linuxpc,16,4427,True,31.26,1.37451,50000,ByteCask/PutMT/Sync/real_time/threads:8,iteration,,64,8192544.655685197,114293.81250000211,976.4975762992539,,36989730.0,102447239.0
bd497cd,2026-04-07T11:16:18+01:00,linuxpc,16,4427,True,31.26,1.37451,50000,ByteCask/PutMT/Sync/real_time/threads:8,iteration,,64,7965107.078234723,117584.92187493679,1004.380722245483,,34493395.0,103262365.0
bd497cd,2026-04-07T11:16:18+01:00,linuxpc,16,4427,True,31.26,1.37451,50000,ByteCask/PutMT/Sync/real_time/threads:8_mean,aggregate,mean,3,8010235.453487742,126162.07812499079,999.000776370691,,36661916.0,101015206.0
bd497cd,2026-04-07T11:16:18+01:00,linuxpc,16,4427,True,31.26,1.37451,50000,ByteCask/PutMT/Sync/real_time/threads:8_median,aggregate,median,3,7965107.078234724,117584.92187493679,1004.380722245483,,36989730.0,102447239.0
bd497cd,2026-04-07T11:16:18+01:00,linuxpc,16,4427,True,31.26,1.37451,50000,ByteCask/PutMT/Sync/real_time/threads:8_stddev,aggregate,stddev,3,164456.36919873182,17782.556255100113,20.35366877682835,,2024616.9521523695,3212234.1023991387
bd497cd,2026-04-07T11:16:18+01:00,linuxpc,16,4427,True,31.26,1.37451,50000,ByteCask/PutMT/Sync/real_time/threads:8_cv,aggregate,cv,3,0.020530778421391567,0.14095008991119065,0.020374026986016956,,0.055223980987583125,0.03179951048557124
bd497cd,2026-04-07T11:16:18+01:00,linuxpc,16,4427,True,31.26,1.37451,50000,ByteCask/PutMT/Sync/real_time/threads:16,iteration,,64,8053545.219809166,81617.21875001391,1986.7026959313616,,72351201.0,177889775.0
bd497cd,2026-04-07T11:16:18+01:00,linuxpc,16,4427,True,31.26,1.37451,50000,ByteCask/PutMT/Sync/real_time/threads:16,iteration,,64,11802521.670688294,83100.65625000658,1355.642501359366,,181253449.0,197815164.0
bd497cd,2026-04-07T11:16:18+01:00,linuxpc,16,4427,True,31.26,1.37451,50000,ByteCask/PutMT/Sync/real_time/threads:16,iteration,,64,11701741.482283978,81054.10937499216,1367.3178495887498,,178948396.0,196210674.0
bd497cd,2026-04-07T11:16:18+01:00,linuxpc,16,4427,True,31.26,1.37451,50000,ByteCask/PutMT/Sync/real_time/threads:16_mean,aggregate,mean,3,10519269.457593812,81923.99479167089,1569.887682293159,,144184348.66666666,190638537.66666666
bd497cd,2026-04-07T11:16:18+01:00,linuxpc,16,4427,True,31.26,1.37451,50000,ByteCask/PutMT/Sync/real_time/threads:16_median,aggregate,median,3,11701741.482283978,81617.21875001393,1367.3178495887498,,178948396.0,196210674.0
bd497cd,2026-04-07T11:16:18+01:00,linuxpc,16,4427,True,31.26,1.37451,50000,ByteCask/PutMT/Sync/real_time/threads:16_stddev,aggregate,stddev,3,2135974.2915570736,1057.2001620819713,361.01959106775735,,62220005.98769706,11069860.396060647
bd497cd,2026-04-07T11:16:18+01:00,linuxpc,16,4427,True,31.26,1.37451,50000,ByteCask/PutMT/Sync/real_time/threads:16_cv,aggregate,cv,3,0.20305348200916404,0.012904646126820168,0.2299652358189157,,0.4315309294182873,0.058067275019788527
bd497cd,2026-04-07T11:16:18+01:00,linuxpc,16,4427,True,31.26,1.37451,50000,RocksDB/PutMT/Sync/real_time/threads:2,iteration,,266,2840620.7478619213,246516.40225562637,704.071460966889,,4413193.0,9704196.0
bd497cd,2026-04-07T11:16:18+01:00,linuxpc,16,4427,True,31.26,1.37451,50000,RocksDB/PutMT/Sync/real_time/threads:2,iteration,,266,2756135.9811238106,228685.42857141682,725.6536011639392,,4335402.0,12429919.0
bd497cd,2026-04-07T11:16:18+01:00,linuxpc,16,4427,True,31.26,1.37451,50000,RocksDB/PutMT/Sync/real_time/threads:2,iteration,,266,2514748.120044981,181901.03383459456,795.3082792101764,,4189350.0,8900536.0
bd497cd,2026-04-07T11:16:18+01:00,linuxpc,16,4427,True,31.26,1.37451,50000,RocksDB/PutMT/Sync/real_time/threads:2_mean,aggregate,mean,3,2703834.9496769044,219034.2882205459,741.6777804470014,,4312648.333333333,10344883.666666666
bd497cd,2026-04-07T11:16:18+01:00,linuxpc,16,4427,True,31.26,1.37451,50000,RocksDB/PutMT/Sync/real_time/threads:2_median,aggregate,median,3,2756135.9811238106,228685.42857141676,725.6536011639392,,4335402.0,9704196.0
bd497cd,2026-04-07T11:16:18+01:00,linuxpc,16,4427,True,31.26,1.37451,50000,RocksDB/PutMT/Sync/real_time/threads:2_stddev,aggregate,stddev,3,169114.726762299,33371.31764855229,47.68249146239836,,113642.94598582831,1849863.9422498986
bd497cd,2026-04-07T11:16:18+01:00,linuxpc,16,4427,True,31.26,1.37451,50000,RocksDB/PutMT/Sync/real_time/threads:2_cv,aggregate,cv,3,0.0625462463167389,0.1523565918362091,0.06429003634659329,,0.026351081099624783,0.1788192116853415
bd497cd,2026-04-07T11:16:18+01:00,linuxpc,16,4427,True,31.26,1.37451,50000,RocksDB/PutMT/Sync/real_time/threads:4,iteration,,152,5194501.09928393,127675.22368419565,770.045077197386,,10843659.0,91476876.0
bd497cd,2026-04-07T11:16:18+01:00,linuxpc,16,4427,True,31.26,1.37451,50000,RocksDB/PutMT/Sync/real_time/threads:4,iteration,,152,2815332.2104787403,124898.70394733165,1420.7914736001296,,8679304.0,17468071.0
bd497cd,2026-04-07T11:16:18+01:00,linuxpc,16,4427,True,31.26,1.37451,50000,RocksDB/PutMT/Sync/real_time/threads:4,iteration,,152,3078635.5392161855,139451.5986842094,1299.276887129807,,8887356.0,24196120.0
bd497cd,2026-04-07T11:16:18+01:00,linuxpc,16,4427,True,31.26,1.37451,50000,RocksDB/PutMT/Sync/real_time/threads:4_mean,aggregate,mean,3,3696156.2829929516,130675.17543857888,1163.3711459757742,,9470106.333333332,44380355.666666664
bd497cd,2026-04-07T11:16:18+01:00,linuxpc,16,4427,True,31.26,1.37451,50000,RocksDB/PutMT/Sync/real_time/threads:4_median,aggregate,median,3,3078635.539216185,127675.22368419562,1299.276887129807,,8887356.0,24196120.0
bd497cd,2026-04-07T11:16:18+01:00,linuxpc,16,4427,True,31.26,1.37451,50000,RocksDB/PutMT/Sync/real_time/threads:4_stddev,aggregate,stddev,3,1304266.097125348,7726.349021506237,346.0064970007923,,1194071.4403905454,40925277.41466952
bd497cd,2026-04-07T11:16:18+01:00,linuxpc,16,4427,True,31.26,1.37451,50000,RocksDB/PutMT/Sync/real_time/threads:4_cv,aggregate,cv,3,0.3528709278681318,0.05912637190326822,0.29741712109473056,,0.12608849345097592,0.9221484776294347
bd497cd,2026-04-07T11:16:18+01:00,linuxpc,16,4427,True,31.26,1.37451,50000,RocksDB/PutMT/Sync/real_time/threads:8,iteration,,232,3450464.4141195277,98397.99137932579,2318.5284761272924,,21806463.0,39088828.0
bd497cd,2026-04-07T11:16:18+01:00,linuxpc,16,4427,True,31.26,1.37451,50000,RocksDB/PutMT/Sync/real_time/threads:8,iteration,,232,3483528.991888181,101183.41379308248,2296.521722261812,,25757077.0,39838002.0
bd497cd,2026-04-07T11:16:18+01:00,linuxpc,16,4427,True,31.26,1.37451,50000,RocksDB/PutMT/Sync/real_time/threads:8,iteration,,232,3825437.0173772573,115518.30172414442,2091.2643349399195,,27903385.0,60069059.0
bd497cd,2026-04-07T11:16:18+01:00,linuxpc,16,4427,True,31.26,1.37451,50000,RocksDB/PutMT/Sync/real_time/threads:8_mean,aggregate,mean,3,3586476.807794988,105033.23563218424,2235.438177776341,,25155641.666666664,46331963.0
bd497cd,2026-04-07T11:16:18+01:00,linuxpc,16,4427,True,31.26,1.37451,50000,RocksDB/PutMT/Sync/real_time/threads:8_median,aggregate,median,3,3483528.9918881804,101183.41379308247,2296.521722261812,,25757077.0,39838002.0
bd497cd,2026-04-07T11:16:18+01:00,linuxpc,16,4427,True,31.26,1.37451,50000,RocksDB/PutMT/Sync/real_time/threads:8_stddev,aggregate,stddev,3,207604.92021736654,9186.517442444947,125.34211990624476,,3092637.6790140546,11902569.903406607
bd497cd,2026-04-07T11:16:18+01:00,linuxpc,16,4427,True,31.26,1.37451,50000,RocksDB/PutMT/Sync/real_time/threads:8_cv,aggregate,cv,3,0.057885476846288246,0.0874629576738472,0.05607049264539555,,0.12294012293520856,0.2568975958002601
bd497cd,2026-04-07T11:16:18+01:00,linuxpc,16,4427,True,31.26,1.37451,50000,RocksDB/PutMT/Sync/real_time/threads:16,iteration,,64,15762310.451464146,112602.54687498041,1015.0796134404126,,242852750.0,282112048.0
bd497cd,2026-04-07T11:16:18+01:00,linuxpc,16,4427,True,31.26,1.37451,50000,RocksDB/PutMT/Sync/real_time/threads:16,iteration,,64,9171492.814857628,111933.45312500984,1744.5360665910712,,56570285.0,190521809.0
bd497cd,2026-04-07T11:16:18+01:00,linuxpc,16,4427,True,31.26,1.37451,50000,RocksDB/PutMT/Sync/real_time/threads:16,iteration,,64,5910337.452405656,94264.21874996537,2707.121231036918,,70073703.0,74679915.0
bd497cd,2026-04-07T11:16:18+01:00,linuxpc,16,4427,True,31.26,1.37451,50000,RocksDB/PutMT/Sync/real_time/threads:16_mean,aggregate,mean,3,10281380.23957581,106266.73958331853,1822.2456370228003,,123165579.33333333,182437924.0
bd497cd,2026-04-07T11:16:18+01:00,linuxpc,16,4427,True,31.26,1.37451,50000,RocksDB/PutMT/Sync/real_time/threads:16_median,aggregate,median,3,9171492.81485763,111933.45312500984,1744.5360665910712,,70073703.0,190521809.0
bd497cd,2026-04-07T11:16:18+01:00,linuxpc,16,4427,True,31.26,1.37451,50000,RocksDB/PutMT/Sync/real_time/threads:16_stddev,aggregate,stddev,3,5018887.383196103,10399.870257742241,848.6932849517327,,103871794.49236698,103952077.16901255
bd497cd,2026-04-07T11:16:18+01:00,linuxpc,16,4427,True,31.26,1.37451,50000,RocksDB/PutMT/Sync/real_time/threads:16_cv,aggregate,cv,3,0.4881530753893382,0.09786571319042131,0.4657403303422554,,0.8433508375846636,0.5697942340596495
bd497cd,2026-04-07T11:33:58+01:00,linuxpc,16,4427,True,31.26,0.171875,50000,ByteCask/Recovery//8/real_time,iteration,,40,16286255.195154808,5367892.549999976,,,,
bd497cd,2026-04-07T11:33:58+01:00,linuxpc,16,4427,True,31.26,0.171875,50000,ByteCask/Recovery//8/real_time,iteration,,40,17113884.798891377,6064933.850000021,,,,
bd497cd,2026-04-07T11:33:58+01:00,linuxpc,16,4427,True,31.26,0.171875,50000,ByteCask/Recovery//8/real_time,iteration,,40,19551381.675410084,8480249.150000008,,,,
bd497cd,2026-04-07T11:33:58+01:00,linuxpc,16,4427,True,31.26,0.171875,50000,ByteCask/Recovery//8/real_time_mean,aggregate,mean,3,17650507.22315209,6637691.8500000015,,,,
bd497cd,2026-04-07T11:33:58+01:00,linuxpc,16,4427,True,31.26,0.171875,50000,ByteCask/Recovery//8/real_time_median,aggregate,median,3,17113884.798891377,6064933.85000002,,,,
bd497cd,2026-04-07T11:33:58+01:00,linuxpc,16,4427,True,31.26,0.171875,50000,ByteCask/Recovery//8/real_time_stddev,aggregate,stddev,3,1697420.234556132,1633318.6144515488,,,,
bd497cd,2026-04-07T11:33:58+01:00,linuxpc,16,4427,True,31.26,0.171875,50000,ByteCask/Recovery//8/real_time_cv,aggregate,cv,3,96168354.43287621,246067255.20883417,,,,
bd497cd,2026-04-07T11:33:58+01:00,linuxpc,16,4427,True,31.26,0.171875,50000,ByteCask/Recovery//16/real_time,iteration,,39,17573283.441985648,7022857.846153854,,,,
bd497cd,2026-04-07T11:33:58+01:00,linuxpc,16,4427,True,31.26,0.171875,50000,ByteCask/Recovery//16/real_time,iteration,,39,20115596.51239226,9560028.051282097,,,,
bd497cd,2026-04-07T11:33:58+01:00,linuxpc,16,4427,True,31.26,0.171875,50000,ByteCask/Recovery//16/real_time,iteration,,39,20626917.717238076,10101407.820512803,,,,
bd497cd,2026-04-07T11:33:58+01:00,linuxpc,16,4427,True,31.26,0.171875,50000,ByteCask/Recovery//16/real_time_mean,aggregate,mean,3,19438599.223871995,8894764.572649585,,,,
bd497cd,2026-04-07T11:33:58+01:00,linuxpc,16,4427,True,31.26,0.171875,50000,ByteCask/Recovery//16/real_time_median,aggregate,median,3,20115596.51239226,9560028.051282097,,,,
bd497cd,2026-04-07T11:33:58+01:00,linuxpc,16,4427,True,31.26,0.171875,50000,ByteCask/Recovery//16/real_time_stddev,aggregate,stddev,3,1635516.6059220918,1643562.9310002294,,,,
bd497cd,2026-04-07T11:33:58+01:00,linuxpc,16,4427,True,31.26,0.171875,50000,ByteCask/Recovery//16/real_time_cv,aggregate,cv,3,84137575.29984774,184778688.35944274,,,,
bd497cd,2026-04-07T11:33:58+01:00,linuxpc,16,4427,True,31.26,0.171875,50000,ByteCask/Recovery//1/real_time,iteration,,56,13903339.069137083,11728563.946428584,,,,
bd497cd,2026-04-07T11:33:58+01:00,linuxpc,16,4427,True,31.26,0.171875,50000,ByteCask/Recovery//1/real_time,iteration,,56,14965029.070611177,13106708.642857166,,,,
bd497cd,2026-04-07T11:33:58+01:00,linuxpc,16,4427,True,31.26,0.171875,50000,ByteCask/Recovery//1/real_time,iteration,,56,24946872.890203457,23107183.66071426,,,,
bd497cd,2026-04-07T11:33:58+01:00,linuxpc,16,4427,True,31.26,0.171875,50000,ByteCask/Recovery//1/real_time_mean,aggregate,mean,3,17938413.67665057,15980818.75,,,,
bd497cd,2026-04-07T11:33:58+01:00,linuxpc,16,4427,True,31.26,0.171875,50000,ByteCask/Recovery//1/real_time_median,aggregate,median,3,14965029.070611177,13106708.642857166,,,,
bd497cd,2026-04-07T11:33:58+01:00,linuxpc,16,4427,True,31.26,0.171875,50000,ByteCask/Recovery//1/real_time_stddev,aggregate,stddev,3,6092673.618850218,6209962.023359572,,,,
bd497cd,2026-04-07T11:33:58+01:00,linuxpc,16,4427,True,31.26,0.171875,50000,ByteCask/Recovery//1/real_time_cv,aggregate,cv,3,339643946.70977575,388588477.2555581,,,,
bd497cd,2026-04-07T11:33:58+01:00,linuxpc,16,4427,True,31.26,0.171875,50000,ByteCask/Recovery//2/real_time,iteration,,41,15661259.780910503,4200434.121951258,,,,
bd497cd,2026-04-07T11:33:58+01:00,linuxpc,16,4427,True,31.26,0.171875,50000,ByteCask/Recovery//2/real_time,iteration,,41,23485854.0253055,10555679.951219454,,,,
bd497cd,2026-04-07T11:33:58+01:00,linuxpc,16,4427,True,31.26,0.171875,50000,ByteCask/Recovery//2/real_time,iteration,,41,24239829.07557951,11441895.658536585,,,,
bd497cd,2026-04-07T11:33:58+01:00,linuxpc,16,4427,True,31.26,0.171875,50000,ByteCask/Recovery//2/real_time_mean,aggregate,mean,3,21128980.9605985,8732669.9105691,,,,
bd497cd,2026-04-07T11:33:58+01:00,linuxpc,16,4427,True,31.26,0.171875,50000,ByteCask/Recovery//2/real_time_median,aggregate,median,3,23485854.0253055,10555679.951219454,,,,
bd497cd,2026-04-07T11:33:58+01:00,linuxpc,16,4427,True,31.26,0.171875,50000,ByteCask/Recovery//2/real_time_stddev,aggregate,stddev,3,4750168.4989288105,3949963.9875187716,,,,
bd497cd,2026-04-07T11:33:58+01:00,linuxpc,16,4427,True,31.26,0.171875,50000,ByteCask/Recovery//2/real_time_cv,aggregate,cv,3,224817680.88044396,452320313.02799547,,,,
bd497cd,2026-04-07T11:33:58+01:00,linuxpc,16,4427,True,31.26,0.171875,50000,ByteCask/Recovery//4/real_time,iteration,,38,18296428.631353926,7104613.605263148,,,,
bd497cd,2026-04-07T11:33:58+01:00,linuxpc,16,4427,True,31.26,0.171875,50000,ByteCask/Recovery//4/real_time,iteration,,38,19133006.968523227,7784435.921052601,,,,
bd497cd,2026-04-07T11:33:58+01:00,linuxpc,16,4427,True,31.26,0.171875,50000,ByteCask/Recovery//4/real_time,iteration,,38,23795542.740691945,12007938.131578907,,,,
bd497cd,2026-04-07T11:33:58+01:00,linuxpc,16,4427,True,31.26,0.171875,50000,ByteCask/Recovery//4/real_time_mean,aggregate,mean,3,20408326.113523033,8965662.552631551,,,,
bd497cd,2026-04-07T11:33:58+01:00,linuxpc,16,4427,True,31.26,0.171875,50000,ByteCask/Recovery//4/real_time_median,aggregate,median,3,19133006.968523227,7784435.921052601,,,,
bd497cd,2026-04-07T11:33:58+01:00,linuxpc,16,4427,True,31.26,0.171875,50000,ByteCask/Recovery//4/real_time_stddev,aggregate,stddev,3,2963088.454312885,2656524.067076366,,,,
bd497cd,2026-04-07T11:33:58+01:00,linuxpc,16,4427,True,31.26,0.171875,50000,ByteCask/Recovery//4/real_time_cv,aggregate,cv,3,145190175.70723125,296299805.1155336,,,,
bd497cd,2026-04-07T11:34:31+01:00,linuxpc,16,4427,True,31.26,0.481934,50000,ByteCask/Recovery/2/real_time,iteration,,58,13077990.380758097,2350067.7758620717,,,,
bd497cd,2026-04-07T11:34:31+01:00,linuxpc,16,4427,True,31.26,0.481934,50000,ByteCask/Recovery/2/real_time,iteration,,58,16949059.692580767,5375362.034482753,,,,
bd497cd,2026-04-07T11:34:31+01:00,linuxpc,16,4427,True,31.26,0.481934,50000,ByteCask/Recovery/2/real_time,iteration,,58,17652344.36105198,5965505.379310333,,,,
bd497cd,2026-04-07T11:34:31+01:00,linuxpc,16,4427,True,31.26,0.481934,50000,ByteCask/Recovery/2/real_time_mean,aggregate,mean,3,15893131.47813028,4563645.063218386,,,,
bd497cd,2026-04-07T11:34:31+01:00,linuxpc,16,4427,True,31.26,0.481934,50000,ByteCask/Recovery/2/real_time_median,aggregate,median,3,16949059.692580767,5375362.034482753,,,,
bd497cd,2026-04-07T11:34:31+01:00,linuxpc,16,4427,True,31.26,0.481934,50000,ByteCask/Recovery/2/real_time_stddev,aggregate,stddev,3,2463212.715096297,1939590.3168416445,,,,
bd497cd,2026-04-07T11:34:31+01:00,linuxpc,16,4427,True,31.26,0.481934,50000,ByteCask/Recovery/2/real_time_cv,aggregate,cv,3,154985989.9218601,425009020.1961941,,,,
bd497cd,2026-04-07T11:34:31+01:00,linuxpc,16,4427,True,31.26,0.481934,50000,ByteCask/Recovery/16/real_time,iteration,,38,19299958.759036504,8438260.210526276,,,,
bd497cd,2026-04-07T11:34:31+01:00,linuxpc,16,4427,True,31.26,0.481934,50000,ByteCask/Recovery/16/real_time,iteration,,38,20252789.055168826,9609746.921052694,,,,
bd497cd,2026-04-07T11:34:31+01:00,linuxpc,16,4427,True,31.26,0.481934,50000,ByteCask/Recovery/16/real_time,iteration,,38,21114132.602968693,10341992.894736841,,,,
bd497cd,2026-04-07T11:34:31+01:00,linuxpc,16,4427,True,31.26,0.481934,50000,ByteCask/Recovery/16/real_time_mean,aggregate,mean,3,20222293.472391337,9463333.34210527,,,,
bd497cd,2026-04-07T11:34:31+01:00,linuxpc,16,4427,True,31.26,0.481934,50000,ByteCask/Recovery/16/real_time_median,aggregate,median,3,20252789.055168826,9609746.921052692,,,,
bd497cd,2026-04-07T11:34:31+01:00,linuxpc,16,4427,True,31.26,0.481934,50000,ByteCask/Recovery/16/real_time_stddev,aggregate,stddev,3,907471.3050166384,960274.5624601571,,,,
bd497cd,2026-04-07T11:34:31+01:00,linuxpc,16,4427,True,31.26,0.481934,50000,ByteCask/Recovery/16/real_time_cv,aggregate,cv,3,44874796.5336163,101473183.6812301,,,,
bd497cd,2026-04-07T11:34:31+01:00,linuxpc,16,4427,True,31.26,0.481934,50000,ByteCask/Recovery/8/real_time,iteration,,52,14546453.824060826,3890551.4230769137,,,,
bd497cd,2026-04-07T11:34:31+01:00,linuxpc,16,4427,True,31.26,0.481934,50000,ByteCask/Recovery/8/real_time,iteration,,52,17952759.30691367,7171996.230769224,,,,
bd497cd,2026-04-07T11:34:31+01:00,linuxpc,16,4427,True,31.26,0.481934,50000,ByteCask/Recovery/8/real_time,iteration,,52,22504925.11554442,11485064.173076803,,,,
bd497cd,2026-04-07T11:34:31+01:00,linuxpc,16,4427,True,31.26,0.481934,50000,ByteCask/Recovery/8/real_time_mean,aggregate,mean,3,18334712.74883964,7515870.608974313,,,,
bd497cd,2026-04-07T11:34:31+01:00,linuxpc,16,4427,True,31.26,0.481934,50000,ByteCask/Recovery/8/real_time_median,aggregate,median,3,17952759.306913674,7171996.230769225,,,,
bd497cd,2026-04-07T11:34:31+01:00,linuxpc,16,4427,True,31.26,0.481934,50000,ByteCask/Recovery/8/real_time_stddev,aggregate,stddev,3,3992960.386504176,3808916.272178632,,,,
bd497cd,2026-04-07T11:34:31+01:00,linuxpc,16,4427,True,31.26,0.481934,50000,ByteCask/Recovery/8/real_time_cv,aggregate,cv,3,217781453.20312592,506783108.74998325,,,,
bd497cd,2026-04-07T11:34:31+01:00,linuxpc,16,4427,True,31.26,0.481934,50000,ByteCask/Recovery/1/real_time,iteration,,32,23602528.315677773,21647750.99999991,,,,
bd497cd,2026-04-07T11:34:31+01:00,linuxpc,16,4427,True,31.26,0.481934,50000,ByteCask/Recovery/1/real_time,iteration,,32,26445145.40770615,24394563.000000007,,,,
bd497cd,2026-04-07T11:34:31+01:00,linuxpc,16,4427,True,31.26,0.481934,50000,ByteCask/Recovery/1/real_time,iteration,,32,28797861.374187052,26340750.281249993,,,,
bd497cd,2026-04-07T11:34:31+01:00,linuxpc,16,4427,True,31.26,0.481934,50000,ByteCask/Recovery/1/real_time_mean,aggregate,mean,3,26281845.032523658,24127688.09374997,,,,
bd497cd,2026-04-07T11:34:31+01:00,linuxpc,16,4427,True,31.26,0.481934,50000,ByteCask/Recovery/1/real_time_median,aggregate,median,3,26445145.40770615,24394563.000000007,,,,
bd497cd,2026-04-07T11:34:31+01:00,linuxpc,16,4427,True,31.26,0.481934,50000,ByteCask/Recovery/1/real_time_stddev,aggregate,stddev,3,2601513.339695006,2357854.3689428875,,,,
bd497cd,2026-04-07T11:34:31+01:00,linuxpc,16,4427,True,31.26,0.481934,50000,ByteCask/Recovery/1/real_time_cv,aggregate,cv,3,98985186.78866138,97724007.36370866,,,,
bd497cd,2026-04-07T11:34:31+01:00,linuxpc,16,4427,True,31.26,0.481934,50000,ByteCask/Recovery/4/real_time,iteration,,48,15503998.620260973,4581623.125000007,,,,
bd497cd,2026-04-07T11:34:31+01:00,linuxpc,16,4427,True,31.26,0.481934,50000,ByteCask/Recovery/4/real_time,iteration,,48,22354608.91461116,10423380.875000019,,,,
bd497cd,2026-04-07T11:34:31+01:00,linuxpc,16,4427,True,31.26,0.481934,50000,ByteCask/Recovery/4/real_time,iteration,,48,24453704.35210255,12510340.604166633,,,,
bd497cd,2026-04-07T11:34:31+01:00,linuxpc,16,4427,True,31.26,0.481934,50000,ByteCask/Recovery/4/real_time_mean,aggregate,mean,3,20770770.628991563,9171781.53472222,,,,
bd497cd,2026-04-07T11:34:31+01:00,linuxpc,16,4427,True,31.26,0.481934,50000,ByteCask/Recovery/4/real_time_median,aggregate,median,3,22354608.91461116,10423380.875000019,,,,
bd497cd,2026-04-07T11:34:31+01:00,linuxpc,16,4427,True,31.26,0.481934,50000,ByteCask/Recovery/4/real_time_stddev,aggregate,stddev,3,4680354.25559703,4109868.111940875,,,,
bd497cd,2026-04-07T11:34:31+01:00,linuxpc,16,4427,True,31.26,0.481934,50000,ByteCask/Recovery/4/real_time_cv,aggregate,cv,3,225333683.53046346,448099215.66294134,,,,
bd497cd,2026-04-07T11:35:22+01:00,linuxpc,16,4427,True,31.26,0.561035,1000000,ByteCask/Recovery/1/real_time,iteration,,1,558401089.9765418,546133991.9999996,,,,
bd497cd,2026-04-07T11:35:22+01:00,linuxpc,16,4427,True,31.26,0.561035,1000000,ByteCask/Recovery/1/real_time,iteration,,1,247826455.04456013,244689617.99999976,,,,
bd497cd,2026-04-07T11:35:22+01:00,linuxpc,16,4427,True,31.26,0.561035,1000000,ByteCask/Recovery/1/real_time,iteration,,1,260169263.9873363,257058731.00000077,,,,
bd497cd,2026-04-07T11:35:22+01:00,linuxpc,16,4427,True,31.26,0.561035,1000000,ByteCask/Recovery/1/real_time_mean,aggregate,mean,3,355465603.00281274,349294113.66666675,,,,
bd497cd,2026-04-07T11:35:22+01:00,linuxpc,16,4427,True,31.26,0.561035,1000000,ByteCask/Recovery/1/real_time_median,aggregate,median,3,260169263.9873363,257058731.00000077,,,,
bd497cd,2026-04-07T11:35:22+01:00,linuxpc,16,4427,True,31.26,0.561035,1000000,ByteCask/Recovery/1/real_time_stddev,aggregate,stddev,3,175855608.77634212,170580485.44840255,,,,
bd497cd,2026-04-07T11:35:22+01:00,linuxpc,16,4427,True,31.26,0.561035,1000000,ByteCask/Recovery/1/real_time_cv,aggregate,cv,3,494719059.4273917,488357744.30252326,,,,
bd497cd,2026-04-07T11:35:22+01:00,linuxpc,16,4427,True,31.26,0.561035,1000000,ByteCask/Recovery/16/real_time,iteration,,8,87535638.75507098,28766275.49999988,,,,
bd497cd,2026-04-07T11:35:22+01:00,linuxpc,16,4427,True,31.26,0.561035,1000000,ByteCask/Recovery/16/real_time,iteration,,8,93486129.61912295,35759862.37500017,,,,
bd497cd,2026-04-07T11:35:22+01:00,linuxpc,16,4427,True,31.26,0.561035,1000000,ByteCask/Recovery/16/real_time,iteration,,8,88881051.50253978,32624799.124999937,,,,
bd497cd,2026-04-07T11:35:22+01:00,linuxpc,16,4427,True,31.26,0.561035,1000000,ByteCask/Recovery/16/real_time_mean,aggregate,mean,3,89967606.6255779,32383645.66666666,,,,
bd497cd,2026-04-07T11:35:22+01:00,linuxpc,16,4427,True,31.26,0.561035,1000000,ByteCask/Recovery/16/real_time_median,aggregate,median,3,88881051.50253978,32624799.124999937,,,,
bd497cd,2026-04-07T11:35:22+01:00,linuxpc,16,4427,True,31.26,0.561035,1000000,ByteCask/Recovery/16/real_time_stddev,aggregate,stddev,3,3120502.6690166253,3503024.491406502,,,,
bd497cd,2026-04-07T11:35:22+01:00,linuxpc,16,4427,True,31.26,0.561035,1000000,ByteCask/Recovery/16/real_time_cv,aggregate,cv,3,34684735.82945645,108172641.44574858,,,,
bd497cd,2026-04-07T11:35:22+01:00,linuxpc,16,4427,True,31.26,0.561035,1000000,ByteCask/Recovery/4/real_time,iteration,,9,80585730.11334778,26019367.55555556,,,,
bd497cd,2026-04-07T11:35:22+01:00,linuxpc,16,4427,True,31.26,0.561035,1000000,ByteCask/Recovery/4/real_time,iteration,,9,88039079.44174069,31021901.888888966,,,,
bd497cd,2026-04-07T11:35:22+01:00,linuxpc,16,4427,True,31.26,0.561035,1000000,ByteCask/Recovery/4/real_time,iteration,,9,84567019.56068476,29434238.999999627,,,,
bd497cd,2026-04-07T11:35:22+01:00,linuxpc,16,4427,True,31.26,0.561035,1000000,ByteCask/Recovery/4/real_time_mean,aggregate,mean,3,84397276.3719244,28825169.48148138,,,,
bd497cd,2026-04-07T11:35:22+01:00,linuxpc,16,4427,True,31.26,0.561035,1000000,ByteCask/Recovery/4/real_time_median,aggregate,median,3,84567019.56068476,29434238.999999627,,,,
bd497cd,2026-04-07T11:35:22+01:00,linuxpc,16,4427,True,31.26,0.561035,1000000,ByteCask/Recovery/4/real_time_stddev,aggregate,stddev,3,3729572.8462331193,2556278.877164236,,,,
bd497cd,2026-04-07T11:35:22+01:00,linuxpc,16,4427,True,31.26,0.561035,1000000,ByteCask/Recovery/4/real_time_cv,aggregate,cv,3,44190677.786775105,88682180.30102156,,,,
bd497cd,2026-04-07T11:35:22+01:00,linuxpc,16,4427,True,31.26,0.561035,1000000,ByteCask/Recovery/8/real_time,iteration,,8,86123206.87825559,24857984.374999974,,,,
bd497cd,2026-04-07T11:35:22+01:00,linuxpc,16,4427,True,31.26,0.561035,1000000,ByteCask/Recovery/8/real_time,iteration,,8,89152689.87766467,31427848.749999933,,,,
bd497cd,2026-04-07T11:35:22+01:00,linuxpc,16,4427,True,31.26,0.561035,1000000,ByteCask/Recovery/8/real_time,iteration,,8,89847851.88658862,30512873.625000436,,,,
bd497cd,2026-04-07T11:35:22+01:00,linuxpc,16,4427,True,31.26,0.561035,1000000,ByteCask/Recovery/8/real_time_mean,aggregate,mean,3,88374582.8808363,28932902.250000115,,,,
bd497cd,2026-04-07T11:35:22+01:00,linuxpc,16,4427,True,31.26,0.561035,1000000,ByteCask/Recovery/8/real_time_median,aggregate,median,3,89152689.87766467,30512873.625000436,,,,
bd497cd,2026-04-07T11:35:22+01:00,linuxpc,16,4427,True,31.26,0.561035,1000000,ByteCask/Recovery/8/real_time_stddev,aggregate,stddev,3,1980488.066970378,3558512.559460592,,,,
bd497cd,2026-04-07T11:35:22+01:00,linuxpc,16,4427,True,31.26,0.561035,1000000,ByteCask/Recovery/8/real_time_cv,aggregate,cv,3,22410154.62150305,122991897.8992361,,,,
bd497cd,2026-04-07T11:35:22+01:00,linuxpc,16,4427,True,31.26,0.561035,1000000,ByteCask/Recovery/2/real_time,iteration,,5,121858465.19423649,23002580.600000046,,,,
bd497cd,2026-04-07T11:35:22+01:00,linuxpc,16,4427,True,31.26,0.561035,1000000,ByteCask/Recovery/2/real_time,iteration,,5,133393195.38790734,26940769.39999981,,,,
bd497cd,2026-04-07T11:35:22+01:00,linuxpc,16,4427,True,31.26,0.561035,1000000,ByteCask/Recovery/2/real_time,iteration,,5,135231421.39893025,32483029.000000127,,,,
bd497cd,2026-04-07T11:35:22+01:00,linuxpc,16,4427,True,31.26,0.561035,1000000,ByteCask/Recovery/2/real_time_mean,aggregate,mean,3,130161027.32702467,27475459.666666657,,,,
bd497cd,2026-04-07T11:35:22+01:00,linuxpc,16,4427,True,31.26,0.561035,1000000,ByteCask/Recovery/2/real_time_median,aggregate,median,3,133393195.38790731,26940769.399999812,,,,
bd497cd,2026-04-07T11:35:22+01:00,linuxpc,16,4427,True,31.26,0.561035,1000000,ByteCask/Recovery/2/real_time_stddev,aggregate,stddev,3,7248735.903142503,4762787.600472788,,,,
bd497cd,2026-04-07T11:35:22+01:00,linuxpc,16,4427,True,31.26,0.561035,1000000,ByteCask/Recovery/2/real_time_cv,aggregate,cv,3,55690524.66780496,173346967.0118394,,,,
bd497cd,2026-04-07T11:35:53+01:00,linuxpc,16,4427,True,31.26,0.81543,1000000,ByteCask/Recovery/1/real_time,iteration,,1,605617522.9605287,575870750.0,,,,
bd497cd,2026-04-07T11:35:53+01:00,linuxpc,16,4427,True,31.26,0.81543,1000000,ByteCask/Recovery/1/real_time,iteration,,1,234831218.08385476,231979154.99999943,,,,
bd497cd,2026-04-07T11:35:53+01:00,linuxpc,16,4427,True,31.26,0.81543,1000000,ByteCask/Recovery/1/real_time,iteration,,1,255239704.97306436,252054499.99999896,,,,
bd497cd,2026-04-07T11:35:53+01:00,linuxpc,16,4427,True,31.26,0.81543,1000000,ByteCask/Recovery/1/real_time_mean,aggregate,mean,3,365229482.005816,353301468.33333284,,,,
bd497cd,2026-04-07T11:35:53+01:00,linuxpc,16,4427,True,31.26,0.81543,1000000,ByteCask/Recovery/1/real_time_median,aggregate,median,3,255239704.97306436,252054499.99999896,,,,
bd497cd,2026-04-07T11:35:53+01:00,linuxpc,16,4427,True,31.26,0.81543,1000000,ByteCask/Recovery/1/real_time_stddev,aggregate,stddev,3,208432085.48544115,193011835.71332982,,,,
bd497cd,2026-04-07T11:35:53+01:00,linuxpc,16,4427,True,31.26,0.81543,1000000,ByteCask/Recovery/1/real_time_cv,aggregate,cv,3,570688007.8266027,546309180.7227564,,,,
bd497cd,2026-04-07T11:35:53+01:00,linuxpc,16,4427,True,31.26,0.81543,1000000,ByteCask/Recovery/2/real_time,iteration,,4,130952490.23172073,23268929.000000328,,,,
bd497cd,2026-04-07T11:35:53+01:00,linuxpc,16,4427,True,31.26,0.81543,1000000,ByteCask/Recovery/2/real_time,iteration,,4,130601610.4936134,24592701.500000257,,,,
bd497cd,2026-04-07T11:35:53+01:00,linuxpc,16,4427,True,31.26,0.81543,1000000,ByteCask/Recovery/2/real_time,iteration,,4,123503122.23134097,25138136.250000052,,,,
bd497cd,2026-04-07T11:35:53+01:00,linuxpc,16,4427,True,31.26,0.81543,1000000,ByteCask/Recovery/2/real_time_mean,aggregate,mean,3,128352407.65222503,24333255.583333544,,,,
bd497cd,2026-04-07T11:35:53+01:00,linuxpc,16,4427,True,31.26,0.81543,1000000,ByteCask/Recovery/2/real_time_median,aggregate,median,3,130601610.4936134,24592701.500000257,,,,
bd497cd,2026-04-07T11:35:53+01:00,linuxpc,16,4427,True,31.26,0.81543,1000000,ByteCask/Recovery/2/real_time_stddev,aggregate,stddev,3,4203267.2967057545,961232.5803982624,,,,
bd497cd,2026-04-07T11:35:53+01:00,linuxpc,16,4427,True,31.26,0.81543,1000000,ByteCask/Recovery/2/real_time_cv,aggregate,cv,3,32747864.832381193,39502835.003164746,,,,
bd497cd,2026-04-07T11:35:53+01:00,linuxpc,16,4427,True,31.26,0.81543,1000000,ByteCask/Recovery/4/real_time,iteration,,8,82808747.74209224,27137509.87500008,,,,
bd497cd,2026-04-07T11:35:53+01:00,linuxpc,16,4427,True,31.26,0.81543,1000000,ByteCask/Recovery/4/real_time,iteration,,8,83889288.73318946,25824614.749999754,,,,
bd497cd,2026-04-07T11:35:53+01:00,linuxpc,16,4427,True,31.26,0.81543,1000000,ByteCask/Recovery/4/real_time,iteration,,8,85257798.63703065,26764294.74999964,,,,
bd497cd,2026-04-07T11:35:53+01:00,linuxpc,16,4427,True,31.26,0.81543,1000000,ByteCask/Recovery/4/real_time_mean,aggregate,mean,3,83985278.37077078,26575473.12499982,,,,
bd497cd,2026-04-07T11:35:53+01:00,linuxpc,16,4427,True,31.26,0.81543,1000000,ByteCask/Recovery/4/real_time_median,aggregate,median,3,83889288.73318946,26764294.74999964,,,,
bd497cd,2026-04-07T11:35:53+01:00,linuxpc,16,4427,True,31.26,0.81543,1000000,ByteCask/Recovery/4/real_time_stddev,aggregate,stddev,3,1227343.9124360557,676508.393786281,,,,
bd497cd,2026-04-07T11:35:53+01:00,linuxpc,16,4427,True,31.26,0.81543,1000000,ByteCask/Recovery/4/real_time_cv,aggregate,cv,3,14613798.23041946,25456118.527195003,,,,
bd497cd,2026-04-07T11:35:53+01:00,linuxpc,16,4427,True,31.26,0.81543,1000000,ByteCask/Recovery/8/real_time,iteration,,9,89334384.32480519,30891281.00000001,,,,
bd497cd,2026-04-07T11:35:53+01:00,linuxpc,16,4427,True,31.26,0.81543,1000000,ByteCask/Recovery/8/real_time,iteration,,9,91117623.65015845,33583683.666666925,,,,
bd497cd,2026-04-07T11:35:53+01:00,linuxpc,16,4427,True,31.26,0.81543,1000000,ByteCask/Recovery/8/real_time,iteration,,9,85340771.22910982,28999610.555555418,,,,
bd497cd,2026-04-07T11:35:53+01:00,linuxpc,16,4427,True,31.26,0.81543,1000000,ByteCask/Recovery/8/real_time_mean,aggregate,mean,3,88597593.06802446,31158191.740740787,,,,
bd497cd,2026-04-07T11:35:53+01:00,linuxpc,16,4427,True,31.26,0.81543,1000000,ByteCask/Recovery/8/real_time_median,aggregate,median,3,89334384.32480519,30891281.00000001,,,,
bd497cd,2026-04-07T11:35:53+01:00,linuxpc,16,4427,True,31.26,0.81543,1000000,ByteCask/Recovery/8/real_time_stddev,aggregate,stddev,3,2958065.5825551874,2303662.861541541,,,,
bd497cd,2026-04-07T11:35:53+01:00,linuxpc,16,4427,True,31.26,0.81543,1000000,ByteCask/Recovery/8/real_time_cv,aggregate,cv,3,33387651.74223198,73934420.86465482,,,,
bd497cd,2026-04-07T11:35:53+01:00,linuxpc,16,4427,True,31.26,0.81543,1000000,ByteCask/Recovery/16/real_time,iteration,,7,88603428.28224279,35151056.9999997,,,,
bd497cd,2026-04-07T11:35:53+01:00,linuxpc,16,4427,True,31.26,0.81543,1000000,ByteCask/Recovery/16/real_time,iteration,,7,95293658.14523771,39486053.85714288,,,,
bd497cd,2026-04-07T11:35:53+01:00,linuxpc,16,4427,True,31.26,0.81543,1000000,ByteCask/Recovery/16/real_time,iteration,,7,96004226.56928588,38289405.2857145,,,,
bd497cd,2026-04-07T11:35:53+01:00,linuxpc,16,4427,True,31.26,0.81543,1000000,ByteCask/Recovery/16/real_time_mean,aggregate,mean,3,93300437.66558878,37642172.04761902,,,,
bd497cd,2026-04-07T11:35:53+01:00,linuxpc,16,4427,True,31.26,0.81543,1000000,ByteCask/Recovery/16/real_time_median,aggregate,median,3,95293658.14523771,38289405.2857145,,,,
bd497cd,2026-04-07T11:35:53+01:00,linuxpc,16,4427,True,31.26,0.81543,1000000,ByteCask/Recovery/16/real_time_stddev,aggregate,stddev,3,4083215.6117141526,2238801.595995464,,,,
bd497cd,2026-04-07T11:35:53+01:00,linuxpc,16,4427,True,31.26,0.81543,1000000,ByteCask/Recovery/16/real_time_cv,aggregate,cv,3,43764163.533180624,59475887.66034224,,,,
bd497cd,2026-04-07T11:54:36+01:00,linuxpc,16,4427,True,31.26,0.00390625,50000,ByteCask/Put/NoSync/real_time,iteration,,127579,5741.305747592863,5710.85343982944,174176.40584970877,,5170.0,10560.0
bd497cd,2026-04-07T11:54:36+01:00,linuxpc,16,4427,True,31.26,0.00390625,50000,ByteCask/Put/NoSync/real_time,iteration,,127579,7152.409604820179,6016.003589932512,139813.0217998248,,5200.0,10380.0
bd497cd,2026-04-07T11:54:36+01:00,linuxpc,16,4427,True,31.26,0.00390625,50000,ByteCask/Put/NoSync/real_time,iteration,,127579,5336.003174839038,5308.0443333150415,187406.1853477374,,4810.0,9500.0
bd497cd,2026-04-07T11:54:36+01:00,linuxpc,16,4427,True,31.26,0.00390625,50000,ByteCask/Put/NoSync/real_time_mean,aggregate,mean,3,6076.57284241736,5678.300454358999,167131.87099909032,,5060.0,10146.666666666666
bd497cd,2026-04-07T11:54:36+01:00,linuxpc,16,4427,True,31.26,0.00390625,50000,ByteCask/Put/NoSync/real_time_median,aggregate,median,3,5741.305747592863,5710.85343982944,174176.40584970877,,5170.0,10380.0
bd497cd,2026-04-07T11:54:36+01:00,linuxpc,16,4427,True,31.26,0.00390625,50000,ByteCask/Put/NoSync/real_time_stddev,aggregate,stddev,3,953.4862864106885,355.10047860410015,24566.1638757616,,217.02534414210706,567.2154205708298
bd497cd,2026-04-07T11:54:36+01:00,linuxpc,16,4427,True,31.26,0.00390625,50000,ByteCask/Put/NoSync/real_time_cv,aggregate,cv,3,0.1569118500077712,0.06253640177343982,0.146986710128407,,0.04289038421780772,0.05590165117320925
bd497cd,2026-04-07T11:54:36+01:00,linuxpc,16,4427,True,31.26,0.00390625,50000,ByteCask/Put/Sync/real_time,iteration,,349,2007977.065982505,219388.09742120394,498.01365610254066,,1927013.0,4038439.0
bd497cd,2026-04-07T11:54:36+01:00,linuxpc,16,4427,True,31.26,0.00390625,50000,ByteCask/Put/Sync/real_time,iteration,,349,2112581.6474575284,251109.03724928363,473.35448606376485,,2058395.0,3513513.0
bd497cd,2026-04-07T11:54:36+01:00,linuxpc,16,4427,True,31.26,0.00390625,50000,ByteCask/Put/Sync/real_time,iteration,,349,2142347.8595803045,280860.7936962759,466.7776036128439,,2068095.0,4961111.0
bd497cd,2026-04-07T11:54:36+01:00,linuxpc,16,4427,True,31.26,0.00390625,50000,ByteCask/Put/Sync/real_time_mean,aggregate,mean,3,2087635.5243401127,250452.64278892116,479.38191525971644,,2017834.3333333333,4171021.0
bd497cd,2026-04-07T11:54:36+01:00,linuxpc,16,4427,True,31.26,0.00390625,50000,ByteCask/Put/Sync/real_time_median,aggregate,median,3,2112581.6474575284,251109.03724928363,473.35448606376485,,2058395.0,4038439.0
bd497cd,2026-04-07T11:54:36+01:00,linuxpc,16,4427,True,31.26,0.00390625,50000,ByteCask/Put/Sync/real_time_stddev,aggregate,stddev,3,70573.43223174273,30741.604335127457,16.467245392566237,,78802.97228743178,732849.5633102308
bd497cd,2026-04-07T11:54:36+01:00,linuxpc,16,4427,True,31.26,0.00390625,50000,ByteCask/Put/Sync/real_time_cv,aggregate,cv,3,0.03380543749563301,0.12274418026818808,0.03435099420395264,,0.039053241877024816,0.17570028137240998
bd497cd,2026-04-07T11:54:36+01:00,linuxpc,16,4427,True,31.26,0.00390625,50000,ByteCask/Del/Sync/real_time,iteration,,383,1559097.2532749213,180011.38903394222,641.3968069660028,,2019155.0,3391811.0
bd497cd,2026-04-07T11:54:36+01:00,linuxpc,16,4427,True,31.26,0.00390625,50000,ByteCask/Del/Sync/real_time,iteration,,383,130.0261878741628,129.8172323754799,7690758.426047094,,90.0,130.0
bd497cd,2026-04-07T11:54:36+01:00,linuxpc,16,4427,True,31.26,0.00390625,50000,ByteCask/Del/Sync/real_time,iteration,,383,126.44907634695579,126.3968668413075,7908321.902298139,,90.0,100.0
bd497cd,2026-04-07T11:54:36+01:00,linuxpc,16,4427,True,31.26,0.00390625,50000,ByteCask/Del/Sync/real_time_mean,aggregate,mean,3,519784.5761797141,60089.20104438633,5199907.241717399,,673111.6666666666,1130680.3333333333
bd497cd,2026-04-07T11:54:36+01:00,linuxpc,16,4427,True,31.26,0.00390625,50000,ByteCask/Del/Sync/real_time_median,aggregate,median,3,130.0261878741628,129.8172323754799,7690758.426047094,,90.0,130.0
bd497cd,2026-04-07T11:54:36+01:00,linuxpc,16,4427,True,31.26,0.00390625,50000,ByteCask/Del/Sync/real_time_stddev,aggregate,stddev,3,900071.1808414398,103855.6612904492,4504010.153306581,,1165707.7212613516,1958196.598666828
bd497cd,2026-04-07T11:54:36+01:00,linuxpc,16,4427,True,31.26,0.00390625,50000,ByteCask/Del/Sync/real_time_cv,aggregate,cv,3,1.7316234880548718,1.7283581656167093,0.8661712495892561,,1.7318192195866733,1.7318746430247995
bd497cd,2026-04-07T11:54:36+01:00,linuxpc,16,4427,True,31.26,0.00390625,50000,ByteCask/Get/real_time,iteration,,883481,816.9190893246623,797.3387826110576,1224111.4365765264,,730.0,1210.0
bd497cd,2026-04-07T11:54:36+01:00,linuxpc,16,4427,True,31.26,0.00390625,50000,ByteCask/Get/real_time,iteration,,883481,795.51963309145,791.2820479444377,1257040.0005263523,,730.0,1170.0
bd497cd,2026-04-07T11:54:36+01:00,linuxpc,16,4427,True,31.26,0.00390625,50000,ByteCask/Get/real_time,iteration,,883481,790.8002198182439,786.8447448219038,1264541.8842066561,,730.0,1250.0
bd497cd,2026-04-07T11:54:36+01:00,linuxpc,16,4427,True,31.26,0.00390625,50000,ByteCask/Get/real_time_mean,aggregate,mean,3,801.0796474114521,791.8218584591331,1248564.4404365115,,730.0,1210.0
bd497cd,2026-04-07T11:54:36+01:00,linuxpc,16,4427,True,31.26,0.00390625,50000,ByteCask/Get/real_time_median,aggregate,median,3,795.51963309145,791.2820479444376,1257040.0005263523,,730.0,1210.0
bd497cd,2026-04-07T11:54:36+01:00,linuxpc,16,4427,True,31.26,0.00390625,50000,ByteCask/Get/real_time_stddev,aggregate,stddev,3,13.918841744278696,5.267803510385589,21506.548142856307,,0.0,39.99999999999709
bd497cd,2026-04-07T11:54:36+01:00,linuxpc,16,4427,True,31.26,0.00390625,50000,ByteCask/Get/real_time_cv,aggregate,cv,3,0.017375103448520984,0.006652763439287483,0.017225020548668986,,0.0,0.033057851239667015
bd497cd,2026-04-07T11:54:36+01:00,linuxpc,16,4427,True,31.26,0.00390625,50000,ByteCask/Range50/real_time,iteration,,19206,34667.144903364606,34520.9989065917,,28845.755910604144,35081.0,42800.0
bd497cd,2026-04-07T11:54:36+01:00,linuxpc,16,4427,True,31.26,0.00390625,50000,ByteCask/Range50/real_time,iteration,,19206,32996.86348088622,32863.556492762655,,30305.91075964722,32040.0,40331.0
bd497cd,2026-04-07T11:54:36+01:00,linuxpc,16,4427,True,31.26,0.00390625,50000,ByteCask/Range50/real_time,iteration,,19206,36072.611060460185,35909.29553264603,,27721.863502587352,35320.0,44310.0
bd497cd,2026-04-07T11:54:36+01:00,linuxpc,16,4427,True,31.26,0.00390625,50000,ByteCask/Range50/real_time_mean,aggregate,mean,3,34578.873148237,34431.28364400013,,28957.843390946236,34147.0,42480.33333333333
bd497cd,2026-04-07T11:54:36+01:00,linuxpc,16,4427,True,31.26,0.00390625,50000,ByteCask/Range50/real_time_median,aggregate,median,3,34667.144903364606,34520.9989065917,,28845.755910604144,35081.0,42800.0
bd497cd,2026-04-07T11:54:36+01:00,linuxpc,16,4427,True,31.26,0.00390625,50000,ByteCask/Range50/real_time_stddev,aggregate,stddev,3,1539.7726197004229,1524.8502208493007,,1295.6649872235291,1828.624346332445,2008.6687963259972
bd497cd,2026-04-07T11:54:36+01:00,linuxpc,16,4427,True,31.26,0.00390625,50000,ByteCask/Range50/real_time_cv,aggregate,cv,3,0.04452928853694956,0.044286766552632306,,0.04474314505163126,0.053551537362943886,0.04728467595968324
bd497cd,2026-04-07T11:54:36+01:00,linuxpc,16,4427,True,31.26,0.00390625,50000,ByteCask/MixedBatch/Sync/real_time,iteration,,232,2851159.8748395797,897361.0431034468,35073.445330955525,,2745094.0,5510597.0
bd497cd,2026-04-07T11:54:36+01:00,linuxpc,16,4427,True,31.26,0.00390625,50000,ByteCask/MixedBatch/Sync/real_time,iteration,,232,2782702.0518277,860128.0560344877,35936.294341796034,,2720123.0,4271732.0
bd497cd,2026-04-07T11:54:36+01:00,linuxpc,16,4427,True,31.26,0.00390625,50000,ByteCask/MixedBatch/Sync/real_time,iteration,,232,2813780.4053177866,851479.3965517243,35539.37606893885,,2698263.0,5162384.0
bd497cd,2026-04-07T11:54:36+01:00,linuxpc,16,4427,True,31.26,0.00390625,50000,ByteCask/MixedBatch/Sync/real_time_mean,aggregate,mean,3,2815880.7773283552,869656.1652298863,35516.3719138968,,2721160.0,4981571.0
bd497cd,2026-04-07T11:54:36+01:00,linuxpc,16,4427,True,31.26,0.00390625,50000,ByteCask/MixedBatch/Sync/real_time_median,aggregate,median,3,2813780.4053177866,860128.0560344877,35539.37606893885,,2720123.0,5162384.0
bd497cd,2026-04-07T11:54:36+01:00,linuxpc,16,4427,True,31.26,0.00390625,50000,ByteCask/MixedBatch/Sync/real_time_stddev,aggregate,stddev,3,34277.208970650376,24379.705109043698,431.88424055410223,,23432.715741010972,638918.3263790451
bd497cd,2026-04-07T11:54:36+01:00,linuxpc,16,4427,True,31.26,0.00390625,50000,ByteCask/MixedBatch/Sync/real_time_cv,aggregate,cv,3,0.01217281968989178,0.028033728827299386,0.01216014523108187,,0.008611296557722064,0.1282563926879784
bd497cd,2026-04-07T11:54:36+01:00,linuxpc,16,4427,True,31.26,0.00390625,50000,RocksDB/Put/NoSync/real_time,iteration,,118117,6085.975583522021,6045.925810848566,164312.19387529796,,5530.0,11470.0
bd497cd,2026-04-07T11:54:36+01:00,linuxpc,16,4427,True,31.26,0.00390625,50000,RocksDB/Put/NoSync/real_time,iteration,,118117,5896.367779473117,5868.68786034186,169595.93386987763,,5530.0,11411.0
bd497cd,2026-04-07T11:54:36+01:00,linuxpc,16,4427,True,31.26,0.00390625,50000,RocksDB/Put/NoSync/real_time,iteration,,118117,5781.318988646843,5752.894926217221,172970.90888147947,,5140.0,11430.0
bd497cd,2026-04-07T11:54:36+01:00,linuxpc,16,4427,True,31.26,0.00390625,50000,RocksDB/Put/NoSync/real_time_mean,aggregate,mean,3,5921.220783880661,5889.1695324692155,168959.67887555168,,5400.0,11437.0
bd497cd,2026-04-07T11:54:36+01:00,linuxpc,16,4427,True,31.26,0.00390625,50000,RocksDB/Put/NoSync/real_time_median,aggregate,median,3,5896.367779473117,5868.687860341862,169595.93386987763,,5530.0,11430.0
bd497cd,2026-04-07T11:54:36+01:00,linuxpc,16,4427,True,31.26,0.00390625,50000,RocksDB/Put/NoSync/real_time_stddev,aggregate,stddev,3,153.8413600801219,147.5852262484598,4364.281350111212,,225.16660498395404,30.1164406925038
bd497cd,2026-04-07T11:54:36+01:00,linuxpc,16,4427,True,31.26,0.00390625,50000,RocksDB/Put/NoSync/real_time_cv,aggregate,cv,3,0.025981358523047178,0.02506044790097597,0.025830312765483837,,0.04169751944147297,0.002633246541269896
bd497cd,2026-04-07T11:54:36+01:00,linuxpc,16,4427,True,31.26,0.00390625,50000,RocksDB/Put/Sync/real_time,iteration,,343,2109677.6881385543,240569.81632653196,474.0060558171503,,2030145.0,3595554.0
bd497cd,2026-04-07T11:54:36+01:00,linuxpc,16,4427,True,31.26,0.00390625,50000,RocksDB/Put/Sync/real_time,iteration,,343,2190957.25944244,253268.49854227214,456.42150055199266,,2085565.0,3925908.0
bd497cd,2026-04-07T11:54:36+01:00,linuxpc,16,4427,True,31.26,0.00390625,50000,RocksDB/Put/Sync/real_time,iteration,,343,2202552.56557848,289620.27405248024,454.01867616147416,,2103016.0,4382404.0
bd497cd,2026-04-07T11:54:36+01:00,linuxpc,16,4427,True,31.26,0.00390625,50000,RocksDB/Put/Sync/real_time_mean,aggregate,mean,3,2167729.1710531577,261152.86297376142,461.4820775102057,,2072908.6666666665,3967955.333333333
bd497cd,2026-04-07T11:54:36+01:00,linuxpc,16,4427,True,31.26,0.00390625,50000,RocksDB/Put/Sync/real_time_median,aggregate,median,3,2190957.25944244,253268.49854227214,456.42150055199266,,2085565.0,3925908.0
bd497cd,2026-04-07T11:54:36+01:00,linuxpc,16,4427,True,31.26,0.00390625,50000,RocksDB/Put/Sync/real_time_stddev,aggregate,stddev,3,50607.25029614723,25457.989956939782,10.912420251139968,,38048.426253049416,395106.5860060244
bd497cd,2026-04-07T11:54:36+01:00,linuxpc,16,4427,True,31.26,0.00390625,50000,RocksDB/Put/Sync/real_time_cv,aggregate,cv,3,0.0233457440034174,0.0974830973210414,0.023646465990650827,,0.018355090537699886,0.09957435324104566
bd497cd,2026-04-07T11:54:36+01:00,linuxpc,16,4427,True,31.26,0.00390625,50000,RocksDB/Del/Sync/real_time,iteration,,341,2083619.8387006598,238452.55425220059,479.93399824010004,,2027395.0,3021317.0
bd497cd,2026-04-07T11:54:36+01:00,linuxpc,16,4427,True,31.26,0.00390625,50000,RocksDB/Del/Sync/real_time,iteration,,341,2114121.155551146,252737.31964809337,473.0097881922489,,2025765.0,4490276.0
bd497cd,2026-04-07T11:54:36+01:00,linuxpc,16,4427,True,31.26,0.00390625,50000,RocksDB/Del/Sync/real_time,iteration,,341,2089570.4135088432,233964.20234604232,478.5672660443074,,2028155.0,3843697.0
bd497cd,2026-04-07T11:54:36+01:00,linuxpc,16,4427,True,31.26,0.00390625,50000,RocksDB/Del/Sync/real_time_mean,aggregate,mean,3,2095770.4692535496,241718.02541544542,477.17035082555213,,2027105.0,3785096.6666666665
bd497cd,2026-04-07T11:54:36+01:00,linuxpc,16,4427,True,31.26,0.00390625,50000,RocksDB/Del/Sync/real_time_median,aggregate,median,3,2089570.4135088434,238452.55425220064,478.5672660443074,,2027395.0,3843697.0
bd497cd,2026-04-07T11:54:36+01:00,linuxpc,16,4427,True,31.26,0.00390625,50000,RocksDB/Del/Sync/real_time_stddev,aggregate,stddev,3,16168.274516136275,9803.313712599429,3.667383303245987,,1221.1060559000841,736230.6942938035
bd497cd,2026-04-07T11:54:36+01:00,linuxpc,16,4427,True,31.26,0.00390625,50000,RocksDB/Del/Sync/real_time_cv,aggregate,cv,3,0.0077147162598845695,0.0405568169595556,0.007685689810569851,,0.0006023891490081096,0.1945077653570636
bd497cd,2026-04-07T11:54:36+01:00,linuxpc,16,4427,True,31.26,0.00390625,50000,RocksDB/Get/real_time,iteration,,1042898,688.7264449994146,684.7597905068385,1451955.2824791705,,630.0,1140.0
bd497cd,2026-04-07T11:54:36+01:00,linuxpc,16,4427,True,31.26,0.00390625,50000,RocksDB/Get/real_time,iteration,,1042898,678.6974296400031,675.4913260932516,1473410.6191184828,,620.0,1060.0
bd497cd,2026-04-07T11:54:36+01:00,linuxpc,16,4427,True,31.26,0.00390625,50000,RocksDB/Get/real_time,iteration,,1042898,688.3435455759208,684.0644051479625,1452762.9501680352,,630.0,1140.0
bd497cd,2026-04-07T11:54:36+01:00,linuxpc,16,4427,True,31.26,0.00390625,50000,RocksDB/Get/real_time_mean,aggregate,mean,3,685.2558067384462,681.4385072493508,1459376.283921896,,626.6666666666666,1113.3333333333333
bd497cd,2026-04-07T11:54:36+01:00,linuxpc,16,4427,True,31.26,0.00390625,50000,RocksDB/Get/real_time_median,aggregate,median,3,688.3435455759208,684.0644051479625,1452762.9501680352,,630.0,1140.0
bd497cd,2026-04-07T11:54:36+01:00,linuxpc,16,4427,True,31.26,0.00390625,50000,RocksDB/Get/real_time_stddev,aggregate,stddev,3,5.68294691302319,5.162132599704488,12160.797880151991,,5.773502691899618,46.18802153517048
bd497cd,2026-04-07T11:54:36+01:00,linuxpc,16,4427,True,31.26,0.00390625,50000,RocksDB/Get/real_time_cv,aggregate,cv,3,0.008293175858037351,0.007575346190137694,0.008332873443353025,,0.009213036210478115,0.04148624688787768
bd497cd,2026-04-07T11:54:36+01:00,linuxpc,16,4427,True,31.26,0.00390625,50000,RocksDB/Range50/real_time,iteration,,111774,6331.217903972635,6300.4857659204945,,157947.49369983494,6190.0,9030.0
bd497cd,2026-04-07T11:54:36+01:00,linuxpc,16,4427,True,31.26,0.00390625,50000,RocksDB/Range50/real_time,iteration,,111774,6315.237345151591,6287.734768371881,,158347.17609904747,6191.0,8871.0
bd497cd,2026-04-07T11:54:36+01:00,linuxpc,16,4427,True,31.26,0.00390625,50000,RocksDB/Range50/real_time,iteration,,111774,6355.219398166041,6328.469653049915,,157350.97993447326,6190.0,9010.0
bd497cd,2026-04-07T11:54:36+01:00,linuxpc,16,4427,True,31.26,0.00390625,50000,RocksDB/Range50/real_time_mean,aggregate,mean,3,6333.891549096756,6305.563395780763,,157881.8832444519,6190.333333333333,8970.333333333332
bd497cd,2026-04-07T11:54:36+01:00,linuxpc,16,4427,True,31.26,0.00390625,50000,RocksDB/Range50/real_time_median,aggregate,median,3,6331.217903972633,6300.4857659204945,,157947.49369983494,6190.0,9010.0
bd497cd,2026-04-07T11:54:36+01:00,linuxpc,16,4427,True,31.26,0.00390625,50000,RocksDB/Range50/real_time_stddev,aggregate,stddev,3,20.124672034511516,20.836733217665664,,501.3284836035289,0.5773502713404232,86.60446485810168
bd497cd,2026-04-07T11:54:36+01:00,linuxpc,16,4427,True,31.26,0.00390625,50000,RocksDB/Range50/real_time_cv,aggregate,cv,3,0.0031772997498483208,0.0033044998376525925,,0.0031753388881694,9.326642690330459e-05,0.009654542550418234
bd497cd,2026-04-07T11:54:36+01:00,linuxpc,16,4427,True,31.26,0.00390625,50000,RocksDB/MixedBatch/Sync/real_time,iteration,,291,2601950.553396262,565796.591065294,38432.70575202609,,2456740.0,5746921.0
bd497cd,2026-04-07T11:54:36+01:00,linuxpc,16,4427,True,31.26,0.00390625,50000,RocksDB/MixedBatch/Sync/real_time,iteration,,291,2534881.3059784574,540080.4054982871,39449.57886752029,,2445070.0,5211494.0
bd497cd,2026-04-07T11:54:36+01:00,linuxpc,16,4427,True,31.26,0.00390625,50000,RocksDB/MixedBatch/Sync/real_time,iteration,,291,2695303.2130657146,563484.5498281785,37101.577112082006,,2457331.0,5511688.0
bd497cd,2026-04-07T11:54:36+01:00,linuxpc,16,4427,True,31.26,0.00390625,50000,RocksDB/MixedBatch/Sync/real_time_mean,aggregate,mean,3,2610711.6908134776,556453.8487972532,38327.9539105428,,2453047.0,5490034.333333333
bd497cd,2026-04-07T11:54:36+01:00,linuxpc,16,4427,True,31.26,0.00390625,50000,RocksDB/MixedBatch/Sync/real_time_median,aggregate,median,3,2601950.553396262,563484.5498281785,38432.70575202609,,2456740.0,5511688.0
bd497cd,2026-04-07T11:54:36+01:00,linuxpc,16,4427,True,31.26,0.00390625,50000,RocksDB/MixedBatch/Sync/real_time_stddev,aggregate,stddev,3,80569.0090233877,14226.862541292343,1177.5006463292043,,6914.601723888369,268369.48232304625
bd497cd,2026-04-07T11:54:36+01:00,linuxpc,16,4427,True,31.26,0.00390625,50000,RocksDB/MixedBatch/Sync/real_time_cv,aggregate,cv,3,0.03086093700307559,0.025567012560058635,0.030721719429048663,,0.0028187807750476726,0.04888302440908468
bd497cd,2026-04-07T11:54:36+01:00,linuxpc,16,4427,True,31.26,0.00390625,50000,ByteCask/GetMT/real_time/threads:2,iteration,,778960,839.2400085071253,835.1223323405567,2383108.50260545,,1550.0,2410.0
bd497cd,2026-04-07T11:54:36+01:00,linuxpc,16,4427,True,31.26,0.00390625,50000,ByteCask/GetMT/real_time/threads:2,iteration,,778960,848.5803442755713,844.2153807640931,2356877.5938445637,,1560.0,2540.0
bd497cd,2026-04-07T11:54:36+01:00,linuxpc,16,4427,True,31.26,0.00390625,50000,ByteCask/GetMT/real_time/threads:2,iteration,,778960,917.126430101396,912.7611404950195,2180724.417438153,,1680.0,2820.0
bd497cd,2026-04-07T11:54:36+01:00,linuxpc,16,4427,True,31.26,0.00390625,50000,ByteCask/GetMT/real_time/threads:2_mean,aggregate,mean,3,868.3155942946973,864.0329511998898,2306903.504629389,,1596.6666666666665,2590.0
bd497cd,2026-04-07T11:54:36+01:00,linuxpc,16,4427,True,31.26,0.00390625,50000,ByteCask/GetMT/real_time/threads:2_median,aggregate,median,3,848.5803442755713,844.2153807640931,2356877.5938445637,,1560.0,2540.0
bd497cd,2026-04-07T11:54:36+01:00,linuxpc,16,4427,True,31.26,0.00390625,50000,ByteCask/GetMT/real_time/threads:2_stddev,aggregate,stddev,3,42.52862256384704,42.444059730361225,110058.56021643234,,72.34178138070342,209.52326839756742
bd497cd,2026-04-07T11:54:36+01:00,linuxpc,16,4427,True,31.26,0.00390625,50000,ByteCask/GetMT/real_time/threads:2_cv,aggregate,cv,3,0.048978301027049455,0.04912319567375156,0.04770835017397643,,0.045308005040106535,0.08089701482531561
bd497cd,2026-04-07T11:54:36+01:00,linuxpc,16,4427,True,31.26,0.00390625,50000,ByteCask/GetMT/real_time/threads:4,iteration,,646996,979.9609766303543,971.573250839264,4081795.18918621,,3610.0,5700.0
bd497cd,2026-04-07T11:54:36+01:00,linuxpc,16,4427,True,31.26,0.00390625,50000,ByteCask/GetMT/real_time/threads:4,iteration,,646996,1009.8941293268088,998.6131738063307,3960811.221535057,,3670.0,6810.0
bd497cd,2026-04-07T11:54:36+01:00,linuxpc,16,4427,True,31.26,0.00390625,50000,ByteCask/GetMT/real_time/threads:4,iteration,,646996,970.9634417700055,966.5582584745517,4119619.5736352857,,3550.0,5920.0
bd497cd,2026-04-07T11:54:36+01:00,linuxpc,16,4427,True,31.26,0.00390625,50000,ByteCask/GetMT/real_time/threads:4_mean,aggregate,mean,3,986.9395159090562,978.9148943733825,4054075.3281188505,,3610.0,6143.333333333333
bd497cd,2026-04-07T11:54:36+01:00,linuxpc,16,4427,True,31.26,0.00390625,50000,ByteCask/GetMT/real_time/threads:4_median,aggregate,median,3,979.9609766303543,971.5732508392642,4081795.18918621,,3610.0,5920.0
bd497cd,2026-04-07T11:54:36+01:00,linuxpc,16,4427,True,31.26,0.00390625,50000,ByteCask/GetMT/real_time/threads:4_stddev,aggregate,stddev,3,20.381967919206954,17.24251131848359,82953.69911822188,,60.0,587.7357682950154
bd497cd,2026-04-07T11:54:36+01:00,linuxpc,16,4427,True,31.26,0.00390625,50000,ByteCask/GetMT/real_time/threads:4_cv,aggregate,cv,3,0.02065168897450966,0.01761390230916935,0.020461805073738872,,0.01662049861495845,0.0956704994511691
bd497cd,2026-04-07T11:54:36+01:00,linuxpc,16,4427,True,31.26,0.00390625,50000,ByteCask/GetMT/real_time/threads:8,iteration,,459784,1473.360132357227,1467.0113074835097,5429765.489311027,,11110.0,17980.0
bd497cd,2026-04-07T11:54:36+01:00,linuxpc,16,4427,True,31.26,0.00390625,50000,ByteCask/GetMT/real_time/threads:8,iteration,,459784,1475.0663528365094,1466.5791088859119,5423484.838235402,,11150.0,18170.0
bd497cd,2026-04-07T11:54:36+01:00,linuxpc,16,4427,True,31.26,0.00390625,50000,ByteCask/GetMT/real_time/threads:8,iteration,,459784,1615.079578613359,1594.2029583456615,4953316.2984256605,,12090.0,25400.0
bd497cd,2026-04-07T11:54:36+01:00,linuxpc,16,4427,True,31.26,0.00390625,50000,ByteCask/GetMT/real_time/threads:8_mean,aggregate,mean,3,1521.1686879356985,1509.264458238361,5268855.5419906955,,11450.0,20516.666666666664
bd497cd,2026-04-07T11:54:36+01:00,linuxpc,16,4427,True,31.26,0.00390625,50000,ByteCask/GetMT/real_time/threads:8_median,aggregate,median,3,1475.0663528365094,1467.0113074835097,5423484.838235402,,11150.0,18170.0
bd497cd,2026-04-07T11:54:36+01:00,linuxpc,16,4427,True,31.26,0.00390625,50000,ByteCask/GetMT/real_time/threads:8_stddev,aggregate,stddev,3,81.33369128464072,73.55921627685589,273283.0443270961,,554.6169849544684,4230.157601476985
bd497cd,2026-04-07T11:54:36+01:00,linuxpc,16,4427,True,31.26,0.00390625,50000,ByteCask/GetMT/real_time/threads:8_cv,aggregate,cv,3,0.05346789736713197,0.048738453937168476,0.05186762896593734,,0.048438164624844404,0.20618152403624626
bd497cd,2026-04-07T11:54:36+01:00,linuxpc,16,4427,True,31.26,0.00390625,50000,ByteCask/GetMT/real_time/threads:16,iteration,,335712,2044.5082476399202,1932.2471255123376,7825842.726958725,,30081.0,45842.0
bd497cd,2026-04-07T11:54:36+01:00,linuxpc,16,4427,True,31.26,0.00390625,50000,ByteCask/GetMT/real_time/threads:16,iteration,,335712,2111.251271595608,1786.0367487608444,7578444.221803961,,27800.0,43120.0
bd497cd,2026-04-07T11:54:36+01:00,linuxpc,16,4427,True,31.26,0.00390625,50000,ByteCask/GetMT/real_time/threads:16,iteration,,335712,2071.2195395395875,1941.60311814889,7724917.467491953,,30210.0,45290.0
bd497cd,2026-04-07T11:54:36+01:00,linuxpc,16,4427,True,31.26,0.00390625,50000,ByteCask/GetMT/real_time/threads:16_mean,aggregate,mean,3,2075.6596862583724,1886.628997474024,7709734.805418213,,29363.666666666664,44750.666666666664
bd497cd,2026-04-07T11:54:36+01:00,linuxpc,16,4427,True,31.26,0.00390625,50000,ByteCask/GetMT/real_time/threads:16_median,aggregate,median,3,2071.219539539588,1932.2471255123376,7724917.467491953,,30081.0,45290.0
bd497cd,2026-04-07T11:54:36+01:00,linuxpc,16,4427,True,31.26,0.00390625,50000,ByteCask/GetMT/real_time/threads:16_stddev,aggregate,stddev,3,33.59232038501654,87.24095383152972,124396.10126101784,,1355.7102689488977,1438.9167221676214
bd497cd,2026-04-07T11:54:36+01:00,linuxpc,16,4427,True,31.26,0.00390625,50000,ByteCask/GetMT/real_time/threads:16_cv,aggregate,cv,3,0.016183924854064474,0.046241711512085934,0.016134939060886415,,0.04616965191502757,0.03215408460583726
bd497cd,2026-04-07T11:54:36+01:00,linuxpc,16,4427,True,31.26,0.00390625,50000,ByteCask/GetMT/real_time/threads:32,iteration,,320000,2806.561284160125,1936.0681687500007,11401853.285942456,,59991.0,89540.0
bd497cd,2026-04-07T11:54:36+01:00,linuxpc,16,4427,True,31.26,0.00390625,50000,ByteCask/GetMT/real_time/threads:32,iteration,,320000,2452.007521787891,1908.2233187500033,13050530.928496936,,58990.0,89841.0
bd497cd,2026-04-07T11:54:36+01:00,linuxpc,16,4427,True,31.26,0.00390625,50000,ByteCask/GetMT/real_time/threads:32,iteration,,320000,2817.2687592814327,1965.8809937500046,11358518.740740184,,61061.0,90800.0
bd497cd,2026-04-07T11:54:36+01:00,linuxpc,16,4427,True,31.26,0.00390625,50000,ByteCask/GetMT/real_time/threads:32_mean,aggregate,mean,3,2691.945855076483,1936.7241604166693,11936967.651726523,,60014.0,90060.33333333333
bd497cd,2026-04-07T11:54:36+01:00,linuxpc,16,4427,True,31.26,0.00390625,50000,ByteCask/GetMT/real_time/threads:32_median,aggregate,median,3,2806.5612841601246,1936.0681687500007,11401853.285942456,,59991.0,89841.0
bd497cd,2026-04-07T11:54:36+01:00,linuxpc,16,4427,True,31.26,0.00390625,50000,ByteCask/GetMT/real_time/threads:32_stddev,aggregate,stddev,3,207.8616495216179,28.834434542765347,964617.4626403804,,1035.6915564007277,658.0124112302256
bd497cd,2026-04-07T11:54:36+01:00,linuxpc,16,4427,True,31.26,0.00390625,50000,ByteCask/GetMT/real_time/threads:32_cv,aggregate,cv,3,0.07721613312898977,0.014888250548060426,0.08080925497865962,,0.01725749919020108,0.007306351052408114
bd497cd,2026-04-07T11:54:36+01:00,linuxpc,16,4427,True,31.26,0.00390625,50000,RocksDB/GetMT/real_time/threads:2,iteration,,1054068,626.9784245132973,622.4945952253557,3189902.4301394965,,1140.0,2020.0
bd497cd,2026-04-07T11:54:36+01:00,linuxpc,16,4427,True,31.26,0.00390625,50000,RocksDB/GetMT/real_time/threads:2,iteration,,1054068,624.3218748305503,621.3518093709337,3203475.7720812326,,1130.0,2030.0
bd497cd,2026-04-07T11:54:36+01:00,linuxpc,16,4427,True,31.26,0.00390625,50000,RocksDB/GetMT/real_time/threads:2,iteration,,1054068,604.7317573391126,601.7887982558977,3307251.4808883592,,1120.0,1790.0
bd497cd,2026-04-07T11:54:36+01:00,linuxpc,16,4427,True,31.26,0.00390625,50000,RocksDB/GetMT/real_time/threads:2_mean,aggregate,mean,3,618.6773522276534,615.2117342840623,3233543.2277030293,,1130.0,1946.6666666666665
bd497cd,2026-04-07T11:54:36+01:00,linuxpc,16,4427,True,31.26,0.00390625,50000,RocksDB/GetMT/real_time/threads:2_median,aggregate,median,3,624.3218748305504,621.3518093709337,3203475.7720812326,,1130.0,2020.0
bd497cd,2026-04-07T11:54:36+01:00,linuxpc,16,4427,True,31.26,0.00390625,50000,RocksDB/GetMT/real_time/threads:2_stddev,aggregate,stddev,3,12.150062824972132,11.638638175897945,64192.98126423807,,9.999999999988358,135.7694123627785
bd497cd,2026-04-07T11:54:36+01:00,linuxpc,16,4427,True,31.26,0.00390625,50000,RocksDB/GetMT/real_time/threads:2_cv,aggregate,cv,3,0.019638770970399608,0.018918101731986835,0.01985221063824714,,0.008849557522113591,0.06974456114526294
bd497cd,2026-04-07T11:54:36+01:00,linuxpc,16,4427,True,31.26,0.00390625,50000,RocksDB/GetMT/real_time/threads:4,iteration,,1080368,698.0405769851164,694.4314650193281,5730325.903511606,,2510.0,5290.0
bd497cd,2026-04-07T11:54:36+01:00,linuxpc,16,4427,True,31.26,0.00390625,50000,RocksDB/GetMT/real_time/threads:4,iteration,,1080368,659.8497965125099,657.0006442249288,6061985.653615587,,2440.0,3940.0
bd497cd,2026-04-07T11:54:36+01:00,linuxpc,16,4427,True,31.26,0.00390625,50000,RocksDB/GetMT/real_time/threads:4,iteration,,1080368,698.1347151485941,692.4785656368937,5729553.212589668,,2500.0,5120.0
bd497cd,2026-04-07T11:54:36+01:00,linuxpc,16,4427,True,31.26,0.00390625,50000,RocksDB/GetMT/real_time/threads:4_mean,aggregate,mean,3,685.3416962154068,681.3035582937168,5840621.58990562,,2483.333333333333,4783.333333333333
bd497cd,2026-04-07T11:54:36+01:00,linuxpc,16,4427,True,31.26,0.00390625,50000,RocksDB/GetMT/real_time/threads:4_median,aggregate,median,3,698.0405769851164,692.4785656368936,5730325.903511606,,2500.0,5120.0
bd497cd,2026-04-07T11:54:36+01:00,linuxpc,16,4427,True,31.26,0.00390625,50000,RocksDB/GetMT/real_time/threads:4_stddev,aggregate,stddev,3,22.076682910827163,21.06957944942529,191707.29195697934,,37.859388972028476,735.2777253074757
bd497cd,2026-04-07T11:54:36+01:00,linuxpc,16,4427,True,31.26,0.00390625,50000,RocksDB/GetMT/real_time/threads:4_cv,aggregate,cv,3,0.03221266564217382,0.030925391762510045,0.0328230975087152,,0.015245391532360462,0.15371659762525627
bd497cd,2026-04-07T11:54:36+01:00,linuxpc,16,4427,True,31.26,0.00390625,50000,RocksDB/GetMT/real_time/threads:8,iteration,,967440,662.1389295816493,658.3177561399169,12082056.56334772,,4900.0,7790.0
bd497cd,2026-04-07T11:54:36+01:00,linuxpc,16,4427,True,31.26,0.00390625,50000,RocksDB/GetMT/real_time/threads:8,iteration,,967440,686.4717781125471,682.8195650376255,11653792.996408366,,4980.0,8640.0
bd497cd,2026-04-07T11:54:36+01:00,linuxpc,16,4427,True,31.26,0.00390625,50000,RocksDB/GetMT/real_time/threads:8,iteration,,967440,692.6910557969087,688.7467925659453,11549160.2396921,,5020.0,8780.0
bd497cd,2026-04-07T11:54:36+01:00,linuxpc,16,4427,True,31.26,0.00390625,50000,RocksDB/GetMT/real_time/threads:8_mean,aggregate,mean,3,680.4339211637018,676.6280379144958,11761669.933149394,,4966.666666666666,8403.333333333332
bd497cd,2026-04-07T11:54:36+01:00,linuxpc,16,4427,True,31.26,0.00390625,50000,RocksDB/GetMT/real_time/threads:8_median,aggregate,median,3,686.4717781125473,682.8195650376256,11653792.996408366,,4980.0,8640.0
bd497cd,2026-04-07T11:54:36+01:00,linuxpc,16,4427,True,31.26,0.00390625,50000,RocksDB/GetMT/real_time/threads:8_stddev,aggregate,stddev,3,16.146203624049548,16.1317333396514,282352.08172051125,,61.10100926611343,535.7549190939368
bd497cd,2026-04-07T11:54:36+01:00,linuxpc,16,4427,True,31.26,0.00390625,50000,RocksDB/GetMT/real_time/threads:8_cv,aggregate,cv,3,0.023729274984462485,0.023841361036963025,0.024006121862400073,,0.012302216630761094,0.06375504788900478
bd497cd,2026-04-07T11:54:36+01:00,linuxpc,16,4427,True,31.26,0.00390625,50000,RocksDB/GetMT/real_time/threads:16,iteration,,687488,1234.16156066158,916.8373338880102,12964267.005223447,,13670.0,24761.0
bd497cd,2026-04-07T11:54:36+01:00,linuxpc,16,4427,True,31.26,0.00390625,50000,RocksDB/GetMT/real_time/threads:16,iteration,,687488,1012.5156425646958,1001.447376536027,15802225.000170963,,15140.0,23371.0
bd497cd,2026-04-07T11:54:36+01:00,linuxpc,16,4427,True,31.26,0.00390625,50000,RocksDB/GetMT/real_time/threads:16,iteration,,687488,1008.7958641834355,938.4725478844737,15860493.255442832,,14110.0,22800.0
bd497cd,2026-04-07T11:54:36+01:00,linuxpc,16,4427,True,31.26,0.00390625,50000,RocksDB/GetMT/real_time/threads:16_mean,aggregate,mean,3,1085.1576891365703,952.2524194361703,14875661.753612414,,14306.666666666666,23644.0
bd497cd,2026-04-07T11:54:36+01:00,linuxpc,16,4427,True,31.26,0.00390625,50000,RocksDB/GetMT/real_time/threads:16_median,aggregate,median,3,1012.5156425646957,938.4725478844738,15802225.000170963,,14110.0,23371.0
bd497cd,2026-04-07T11:54:36+01:00,linuxpc,16,4427,True,31.26,0.00390625,50000,RocksDB/GetMT/real_time/threads:16_stddev,aggregate,stddev,3,129.05454073717277,43.95598337212933,1655572.7741539283,,754.4755352782112,1008.6015070383052
bd497cd,2026-04-07T11:54:36+01:00,linuxpc,16,4427,True,31.26,0.00390625,50000,RocksDB/GetMT/real_time/threads:16_cv,aggregate,cv,3,0.11892699285009707,0.04616001227716043,0.11129405881737585,,0.05273594142205577,0.042657820463470865
bd497cd,2026-04-07T11:54:36+01:00,linuxpc,16,4427,True,31.26,0.00390625,50000,RocksDB/GetMT/real_time/threads:32,iteration,,403168,1601.056289603934,911.564908425275,19986805.09097909,,27260.0,44771.0
bd497cd,2026-04-07T11:54:36+01:00,linuxpc,16,4427,True,31.26,0.00390625,50000,RocksDB/GetMT/real_time/threads:32,iteration,,403168,1647.483884800512,918.719935609975,19423558.734157067,,27480.0,47630.0
bd497cd,2026-04-07T11:54:36+01:00,linuxpc,16,4427,True,31.26,0.00390625,50000,RocksDB/GetMT/real_time/threads:32,iteration,,403168,1675.5585139008867,947.8050415707612,19098109.516629435,,28580.0,46660.0
bd497cd,2026-04-07T11:54:36+01:00,linuxpc,16,4427,True,31.26,0.00390625,50000,RocksDB/GetMT/real_time/threads:32_mean,aggregate,mean,3,1641.3662294351107,926.0299618686704,19502824.447255194,,27773.333333333332,46353.666666666664
bd497cd,2026-04-07T11:54:36+01:00,linuxpc,16,4427,True,31.26,0.00390625,50000,RocksDB/GetMT/real_time/threads:32_median,aggregate,median,3,1647.483884800512,918.7199356099749,19423558.734157067,,27480.0,46660.0
bd497cd,2026-04-07T11:54:36+01:00,linuxpc,16,4427,True,31.26,0.00390625,50000,RocksDB/GetMT/real_time/threads:32_stddev,aggregate,stddev,3,37.625983531007925,19.194118253455567,449619.00084634154,,707.201055806136,1453.9086399542891
bd497cd,2026-04-07T11:54:36+01:00,linuxpc,16,4427,True,31.26,0.00390625,50000,RocksDB/GetMT/real_time/threads:32_cv,aggregate,cv,3,0.022923576016278344,0.02072731881668606,0.02305404543133343,,0.02546331213896313,0.03136555842301485
bd497cd,2026-04-07T11:54:36+01:00,linuxpc,16,4427,True,31.26,0.00390625,50000,ByteCask/ReadAndWriteLoad/Sync/real_time/threads:2,iteration,,783026,805.2994421282554,797.9755129459295,2483548.224886851,,1460.0,2600.0
bd497cd,2026-04-07T11:54:36+01:00,linuxpc,16,4427,True,31.26,0.00390625,50000,ByteCask/ReadAndWriteLoad/Sync/real_time/threads:2,iteration,,783026,787.3617427340591,783.1287364659631,2540128.4967887043,,1450.0,2230.0
bd497cd,2026-04-07T11:54:36+01:00,linuxpc,16,4427,True,31.26,0.00390625,50000,ByteCask/ReadAndWriteLoad/Sync/real_time/threads:2,iteration,,783026,819.8204785116355,813.8135489753855,2439558.4794746186,,1460.0,2740.0
bd497cd,2026-04-07T11:54:36+01:00,linuxpc,16,4427,True,31.26,0.00390625,50000,ByteCask/ReadAndWriteLoad/Sync/real_time/threads:2_mean,aggregate,mean,3,804.1605544579834,798.3059327957593,2487745.0670500575,,1456.6666666666665,2523.333333333333
bd497cd,2026-04-07T11:54:36+01:00,linuxpc,16,4427,True,31.26,0.00390625,50000,ByteCask/ReadAndWriteLoad/Sync/real_time/threads:2_median,aggregate,median,3,805.2994421282555,797.9755129459296,2483548.224886851,,1460.0,2600.0
bd497cd,2026-04-07T11:54:36+01:00,linuxpc,16,4427,True,31.26,0.00390625,50000,ByteCask/ReadAndWriteLoad/Sync/real_time/threads:2_stddev,aggregate,stddev,3,16.259310591598865,15.345074540148547,50416.18994677229,,5.773502691929864,263.50205565296125
bd497cd,2026-04-07T11:54:36+01:00,linuxpc,16,4427,True,31.26,0.00390625,50000,ByteCask/ReadAndWriteLoad/Sync/real_time/threads:2_cv,aggregate,cv,3,0.0202189855016675,0.019222047475468868,0.020265818477355195,,0.003963502992171532,0.10442617793380235
bd497cd,2026-04-07T11:54:36+01:00,linuxpc,16,4427,True,31.26,0.00390625,50000,ByteCask/ReadAndWriteLoad/Sync/real_time/threads:4,iteration,,695896,1021.5169810304232,1013.148802407257,3915744.989344304,,3650.0,6830.0
bd497cd,2026-04-07T11:54:36+01:00,linuxpc,16,4427,True,31.26,0.00390625,50000,ByteCask/ReadAndWriteLoad/Sync/real_time/threads:4,iteration,,695896,963.395105018118,958.0858432869265,4151982.8979458786,,3510.0,5871.0
bd497cd,2026-04-07T11:54:36+01:00,linuxpc,16,4427,True,31.26,0.00390625,50000,ByteCask/ReadAndWriteLoad/Sync/real_time/threads:4,iteration,,695896,959.9597238275874,953.3367687125681,4166841.483777101,,3510.0,5890.0
bd497cd,2026-04-07T11:54:36+01:00,linuxpc,16,4427,True,31.26,0.00390625,50000,ByteCask/ReadAndWriteLoad/Sync/real_time/threads:4_mean,aggregate,mean,3,981.6239366253762,974.857138135584,4078189.790355761,,3556.6666666666665,6197.0
bd497cd,2026-04-07T11:54:36+01:00,linuxpc,16,4427,True,31.26,0.00390625,50000,ByteCask/ReadAndWriteLoad/Sync/real_time/threads:4_median,aggregate,median,3,963.3951050181182,958.0858432869267,4151982.8979458786,,3510.0,5890.0
bd497cd,2026-04-07T11:54:36+01:00,linuxpc,16,4427,True,31.26,0.00390625,50000,ByteCask/ReadAndWriteLoad/Sync/real_time/threads:4_stddev,aggregate,stddev,3,34.59106394588906,33.24645983934605,140877.35596951668,,80.82903768655144,548.2763901537219
bd497cd,2026-04-07T11:54:36+01:00,linuxpc,16,4427,True,31.26,0.00390625,50000,ByteCask/ReadAndWriteLoad/Sync/real_time/threads:4_cv,aggregate,cv,3,0.03523861089289053,0.03410393024656922,0.034544090199693046,,0.022726064954044455,0.0884744860664389
bd497cd,2026-04-07T11:54:36+01:00,linuxpc,16,4427,True,31.26,0.00390625,50000,ByteCask/ReadAndWriteLoad/Sync/real_time/threads:8,iteration,,472320,1648.3064574682987,1636.9909446985132,4853466.395009777,,12430.0,26390.0
bd497cd,2026-04-07T11:54:36+01:00,linuxpc,16,4427,True,31.26,0.00390625,50000,ByteCask/ReadAndWriteLoad/Sync/real_time/threads:8,iteration,,472320,1506.5829312188823,1490.436221205965,5310029.626797709,,11220.0,18970.0
bd497cd,2026-04-07T11:54:36+01:00,linuxpc,16,4427,True,31.26,0.00390625,50000,ByteCask/ReadAndWriteLoad/Sync/real_time/threads:8,iteration,,472320,1499.9821963971626,1489.4709688346904,5333396.635783652,,11240.0,18840.0
bd497cd,2026-04-07T11:54:36+01:00,linuxpc,16,4427,True,31.26,0.00390625,50000,ByteCask/ReadAndWriteLoad/Sync/real_time/threads:8_mean,aggregate,mean,3,1551.623861694781,1538.9660449130558,5165630.885863712,,11630.0,21400.0
bd497cd,2026-04-07T11:54:36+01:00,linuxpc,16,4427,True,31.26,0.00390625,50000,ByteCask/ReadAndWriteLoad/Sync/real_time/threads:8_median,aggregate,median,3,1506.5829312188825,1490.436221205965,5310029.626797709,,11240.0,18970.0
bd497cd,2026-04-07T11:54:36+01:00,linuxpc,16,4427,True,31.26,0.00390625,50000,ByteCask/ReadAndWriteLoad/Sync/real_time/threads:8_stddev,aggregate,stddev,3,83.79460405763511,84.89342531372994,270594.727017757,,692.8924880527895,4321.9555758938495
bd497cd,2026-04-07T11:54:36+01:00,linuxpc,16,4427,True,31.26,0.00390625,50000,ByteCask/ReadAndWriteLoad/Sync/real_time/threads:8_cv,aggregate,cv,3,0.05400445696040623,0.05516263701485759,0.05238367452042842,,0.05957802992715301,0.20196054092961913
bd497cd,2026-04-07T11:54:36+01:00,linuxpc,16,4427,True,31.26,0.00390625,50000,ByteCask/ReadAndWriteLoad/Sync/real_time/threads:16,iteration,,336080,2127.634914850954,1838.753392049516,7520087.15796095,,28181.0,45680.0
bd497cd,2026-04-07T11:54:36+01:00,linuxpc,16,4427,True,31.26,0.00390625,50000,ByteCask/ReadAndWriteLoad/Sync/real_time/threads:16,iteration,,336080,2117.4865473809787,2008.6343638419328,7556128.287941032,,31320.0,49501.0
bd497cd,2026-04-07T11:54:36+01:00,linuxpc,16,4427,True,31.26,0.00390625,50000,ByteCask/ReadAndWriteLoad/Sync/real_time/threads:16,iteration,,336080,2068.5078971176827,1923.2567960009585,7735044.194075763,,29220.0,45662.0
bd497cd,2026-04-07T11:54:36+01:00,linuxpc,16,4427,True,31.26,0.00390625,50000,ByteCask/ReadAndWriteLoad/Sync/real_time/threads:16_mean,aggregate,mean,3,2104.543119783205,1923.5481839641354,7603753.213325915,,29573.666666666664,46947.666666666664
bd497cd,2026-04-07T11:54:36+01:00,linuxpc,16,4427,True,31.26,0.00390625,50000,ByteCask/ReadAndWriteLoad/Sync/real_time/threads:16_median,aggregate,median,3,2117.486547380978,1923.2567960009583,7556128.287941032,,29220.0,45680.0
bd497cd,2026-04-07T11:54:36+01:00,linuxpc,16,4427,True,31.26,0.00390625,50000,ByteCask/ReadAndWriteLoad/Sync/real_time/threads:16_stddev,aggregate,stddev,3,31.61724679651897,84.94086074730586,115120.51069315974,,1599.106104463832,2211.269846340272
bd497cd,2026-04-07T11:54:36+01:00,linuxpc,16,4427,True,31.26,0.00390625,50000,ByteCask/ReadAndWriteLoad/Sync/real_time/threads:16_cv,aggregate,cv,3,0.015023330479337458,0.04415842631623393,0.01513995884182642,,0.05407195943904483,0.047100740107927384
bd497cd,2026-04-07T11:54:36+01:00,linuxpc,16,4427,True,31.26,0.00390625,50000,ByteCask/ReadAndWriteLoad/Sync/BoundedStaleness/real_time/threads:2,iteration,,883846,810.7380244778502,803.3005557529251,2466888.118745985,,1430.0,2600.0
bd497cd,2026-04-07T11:54:36+01:00,linuxpc,16,4427,True,31.26,0.00390625,50000,ByteCask/ReadAndWriteLoad/Sync/BoundedStaleness/real_time/threads:2,iteration,,883846,814.9643670875067,810.374200935455,2454095.026445801,,1460.0,2640.0
bd497cd,2026-04-07T11:54:36+01:00,linuxpc,16,4427,True,31.26,0.00390625,50000,ByteCask/ReadAndWriteLoad/Sync/BoundedStaleness/real_time/threads:2,iteration,,883846,787.2980541769847,782.7281788908942,2540333.98074473,,1420.0,2390.0
bd497cd,2026-04-07T11:54:36+01:00,linuxpc,16,4427,True,31.26,0.00390625,50000,ByteCask/ReadAndWriteLoad/Sync/BoundedStaleness/real_time/threads:2_mean,aggregate,mean,3,804.3334819141138,798.8009785264247,2487105.708645505,,1436.6666666666665,2543.333333333333
bd497cd,2026-04-07T11:54:36+01:00,linuxpc,16,4427,True,31.26,0.00390625,50000,ByteCask/ReadAndWriteLoad/Sync/BoundedStaleness/real_time/threads:2_median,aggregate,median,3,810.7380244778502,803.300555752925,2466888.118745985,,1430.0,2600.0
bd497cd,2026-04-07T11:54:36+01:00,linuxpc,16,4427,True,31.26,0.00390625,50000,ByteCask/ReadAndWriteLoad/Sync/BoundedStaleness/real_time/threads:2_stddev,aggregate,stddev,3,14.903685504058016,14.361764520240696,46538.72060611259,,20.816659994673444,134.2882471898953
bd497cd,2026-04-07T11:54:36+01:00,linuxpc,16,4427,True,31.26,0.00390625,50000,ByteCask/ReadAndWriteLoad/Sync/BoundedStaleness/real_time/threads:2_cv,aggregate,cv,3,0.01852923673970521,0.017979152387537545,0.018711999431442704,,0.01448955452065437,0.05280009719130877
bd497cd,2026-04-07T11:54:36+01:00,linuxpc,16,4427,True,31.26,0.00390625,50000,ByteCask/ReadAndWriteLoad/Sync/BoundedStaleness/real_time/threads:4,iteration,,760088,913.9907905302649,907.4164570418158,4376411.711631517,,3370.0,5290.0
bd497cd,2026-04-07T11:54:36+01:00,linuxpc,16,4427,True,31.26,0.00390625,50000,ByteCask/ReadAndWriteLoad/Sync/BoundedStaleness/real_time/threads:4,iteration,,760088,1000.057176254181,994.37742471924,3999771.3080590246,,3530.0,7950.0
bd497cd,2026-04-07T11:54:36+01:00,linuxpc,16,4427,True,31.26,0.00390625,50000,ByteCask/ReadAndWriteLoad/Sync/BoundedStaleness/real_time/threads:4,iteration,,760088,930.3848566785126,919.9557722263756,4299296.115244241,,3390.0,5610.0
bd497cd,2026-04-07T11:54:36+01:00,linuxpc,16,4427,True,31.26,0.00390625,50000,ByteCask/ReadAndWriteLoad/Sync/BoundedStaleness/real_time/threads:4_mean,aggregate,mean,3,948.1442744876528,940.5832179958103,4225159.711644927,,3430.0,6283.333333333333
bd497cd,2026-04-07T11:54:36+01:00,linuxpc,16,4427,True,31.26,0.00390625,50000,ByteCask/ReadAndWriteLoad/Sync/BoundedStaleness/real_time/threads:4_median,aggregate,median,3,930.3848566785126,919.9557722263758,4299296.115244241,,3390.0,5610.0
bd497cd,2026-04-07T11:54:36+01:00,linuxpc,16,4427,True,31.26,0.00390625,50000,ByteCask/ReadAndWriteLoad/Sync/BoundedStaleness/real_time/threads:4_stddev,aggregate,stddev,3,45.69905227227495,47.00713896927714,198963.94938480394,,87.17797887080813,1452.2166964104663
bd497cd,2026-04-07T11:54:36+01:00,linuxpc,16,4427,True,31.26,0.00390625,50000,ByteCask/ReadAndWriteLoad/Sync/BoundedStaleness/real_time/threads:4_cv,aggregate,cv,3,0.04819841610810683,0.049976586940855376,0.04709027893938331,,0.025416320370498,0.2311220206488806
bd497cd,2026-04-07T11:54:36+01:00,linuxpc,16,4427,True,31.26,0.00390625,50000,ByteCask/ReadAndWriteLoad/Sync/BoundedStaleness/real_time/threads:8,iteration,,477184,1458.6003804601391,1449.720055576047,5484709.936436648,,11010.0,18012.0
bd497cd,2026-04-07T11:54:36+01:00,linuxpc,16,4427,True,31.26,0.00390625,50000,ByteCask/ReadAndWriteLoad/Sync/BoundedStaleness/real_time/threads:8,iteration,,477184,1549.4148253169892,1525.6391580606225,5163239.6110339975,,11710.0,18610.0
bd497cd,2026-04-07T11:54:36+01:00,linuxpc,16,4427,True,31.26,0.00390625,50000,ByteCask/ReadAndWriteLoad/Sync/BoundedStaleness/real_time/threads:8,iteration,,477184,1519.840246574886,1503.1914167281375,5263711.115710228,,11210.0,22681.0
bd497cd,2026-04-07T11:54:36+01:00,linuxpc,16,4427,True,31.26,0.00390625,50000,ByteCask/ReadAndWriteLoad/Sync/BoundedStaleness/real_time/threads:8_mean,aggregate,mean,3,1509.2851507840048,1492.8502101216018,5303886.887726957,,11310.0,19767.666666666664
bd497cd,2026-04-07T11:54:36+01:00,linuxpc,16,4427,True,31.26,0.00390625,50000,ByteCask/ReadAndWriteLoad/Sync/BoundedStaleness/real_time/threads:8_median,aggregate,median,3,1519.840246574886,1503.1914167281375,5263711.115710228,,11210.0,18610.0
bd497cd,2026-04-07T11:54:36+01:00,linuxpc,16,4427,True,31.26,0.00390625,50000,ByteCask/ReadAndWriteLoad/Sync/BoundedStaleness/real_time/threads:8_stddev,aggregate,stddev,3,46.318175525705065,39.001704399621815,164457.78188181407,,360.5551275463783,2540.67595992354
bd497cd,2026-04-07T11:54:36+01:00,linuxpc,16,4427,True,31.26,0.00390625,50000,ByteCask/ReadAndWriteLoad/Sync/BoundedStaleness/real_time/threads:8_cv,aggregate,cv,3,0.030688816822748762,0.02612566494293147,0.031007030384144256,,0.03187932162213778,0.12852685158880026
bd497cd,2026-04-07T11:54:36+01:00,linuxpc,16,4427,True,31.26,0.00390625,50000,ByteCask/ReadAndWriteLoad/Sync/BoundedStaleness/real_time/threads:16,iteration,,353872,1971.6392117444238,1879.7784227065163,8115074.961328178,,29590.0,45821.0
bd497cd,2026-04-07T11:54:36+01:00,linuxpc,16,4427,True,31.26,0.00390625,50000,ByteCask/ReadAndWriteLoad/Sync/BoundedStaleness/real_time/threads:16,iteration,,353872,2019.2851994035825,1893.192337907491,7923595.936188593,,29620.0,43932.0
bd497cd,2026-04-07T11:54:36+01:00,linuxpc,16,4427,True,31.26,0.00390625,50000,ByteCask/ReadAndWriteLoad/Sync/BoundedStaleness/real_time/threads:16,iteration,,353872,2024.741886668893,1561.9788285029665,7902241.814300198,,23810.0,38281.0
bd497cd,2026-04-07T11:54:36+01:00,linuxpc,16,4427,True,31.26,0.00390625,50000,ByteCask/ReadAndWriteLoad/Sync/BoundedStaleness/real_time/threads:16_mean,aggregate,mean,3,2005.2220992722998,1778.3165297056582,7980304.237272322,,27673.333333333332,42678.0
bd497cd,2026-04-07T11:54:36+01:00,linuxpc,16,4427,True,31.26,0.00390625,50000,ByteCask/ReadAndWriteLoad/Sync/BoundedStaleness/real_time/threads:16_median,aggregate,median,3,2019.285199403583,1879.7784227065165,7923595.936188593,,29590.0,43932.0
bd497cd,2026-04-07T11:54:36+01:00,linuxpc,16,4427,True,31.26,0.00390625,50000,ByteCask/ReadAndWriteLoad/Sync/BoundedStaleness/real_time/threads:16_stddev,aggregate,stddev,3,29.211326741682157,187.473955528505,117202.22129854237,,3345.7784345849163,3923.3005237936795
bd497cd,2026-04-07T11:54:36+01:00,linuxpc,16,4427,True,31.26,0.00390625,50000,ByteCask/ReadAndWriteLoad/Sync/BoundedStaleness/real_time/threads:16_cv,aggregate,cv,3,0.014567626574773446,0.10542215201673638,0.014686435230269145,,0.12090261748680739,0.0919279376679713
bd497cd,2026-04-07T11:54:36+01:00,linuxpc,16,4427,True,31.26,0.00390625,50000,RocksDB/ReadAndWriteLoad/Sync/real_time/threads:2,iteration,,1054096,652.8850038462115,648.8883099831521,3063326.6014961256,,1180.0,2290.0
bd497cd,2026-04-07T11:54:36+01:00,linuxpc,16,4427,True,31.26,0.00390625,50000,RocksDB/ReadAndWriteLoad/Sync/real_time/threads:2,iteration,,1054096,622.3316984538218,619.0796777523099,3213720.2796659474,,1140.0,1890.0
bd497cd,2026-04-07T11:54:36+01:00,linuxpc,16,4427,True,31.26,0.00390625,50000,RocksDB/ReadAndWriteLoad/Sync/real_time/threads:2,iteration,,1054096,632.7313546828137,628.7761105250389,3160899.1481109606,,1160.0,1900.0
bd497cd,2026-04-07T11:54:36+01:00,linuxpc,16,4427,True,31.26,0.00390625,50000,RocksDB/ReadAndWriteLoad/Sync/real_time/threads:2_mean,aggregate,mean,3,635.982685660949,632.2480327535003,3145982.0097576776,,1160.0,2026.6666666666665
bd497cd,2026-04-07T11:54:36+01:00,linuxpc,16,4427,True,31.26,0.00390625,50000,RocksDB/ReadAndWriteLoad/Sync/real_time/threads:2_median,aggregate,median,3,632.7313546828137,628.7761105250389,3160899.1481109606,,1160.0,1900.0
bd497cd,2026-04-07T11:54:36+01:00,linuxpc,16,4427,True,31.26,0.00390625,50000,RocksDB/ReadAndWriteLoad/Sync/real_time/threads:2_stddev,aggregate,stddev,3,15.533978320029519,15.20458226452475,76298.4624409402,,19.99999999999418,228.1081614790102
bd497cd,2026-04-07T11:54:36+01:00,linuxpc,16,4427,True,31.26,0.00390625,50000,RocksDB/ReadAndWriteLoad/Sync/real_time/threads:2_cv,aggregate,cv,3,0.024425159159617266,0.024048445351909357,0.024252669660630756,,0.01724137931033981,0.1125533691508274
bd497cd,2026-04-07T11:54:36+01:00,linuxpc,16,4427,True,31.26,0.00390625,50000,RocksDB/ReadAndWriteLoad/Sync/real_time/threads:4,iteration,,1041156,742.318399853252,708.7281598530839,5388523.308583965,,2560.0,5370.0
bd497cd,2026-04-07T11:54:36+01:00,linuxpc,16,4427,True,31.26,0.00390625,50000,RocksDB/ReadAndWriteLoad/Sync/real_time/threads:4,iteration,,1041156,686.1691264661545,678.5830807294979,5829466.593171329,,2510.0,4160.0
bd497cd,2026-04-07T11:54:36+01:00,linuxpc,16,4427,True,31.26,0.00390625,50000,RocksDB/ReadAndWriteLoad/Sync/real_time/threads:4,iteration,,1041156,717.9318555305362,688.7104602960562,5571559.430308447,,2530.0,4550.0
bd497cd,2026-04-07T11:54:36+01:00,linuxpc,16,4427,True,31.26,0.00390625,50000,RocksDB/ReadAndWriteLoad/Sync/real_time/threads:4_mean,aggregate,mean,3,715.4731272833142,692.0072336262127,5596516.444021247,,2533.333333333333,4693.333333333333
bd497cd,2026-04-07T11:54:36+01:00,linuxpc,16,4427,True,31.26,0.00390625,50000,RocksDB/ReadAndWriteLoad/Sync/real_time/threads:4_median,aggregate,median,3,717.9318555305362,688.7104602960563,5571559.430308447,,2530.0,4550.0
bd497cd,2026-04-07T11:54:36+01:00,linuxpc,16,4427,True,31.26,0.00390625,50000,RocksDB/ReadAndWriteLoad/Sync/real_time/threads:4_stddev,aggregate,stddev,3,28.155270091401672,15.340566633423519,221528.51838027043,,25.166114784285174,617.6028929120491
bd497cd,2026-04-07T11:54:36+01:00,linuxpc,16,4427,True,31.26,0.00390625,50000,RocksDB/ReadAndWriteLoad/Sync/real_time/threads:4_cv,aggregate,cv,3,0.03935196028718588,0.022168217163044453,0.03958328731740422,,0.009933992678007307,0.13159152547841957
bd497cd,2026-04-07T11:54:36+01:00,linuxpc,16,4427,True,31.26,0.00390625,50000,RocksDB/ReadAndWriteLoad/Sync/real_time/threads:8,iteration,,821176,689.5487616658398,680.6389227157135,11601790.10498587,,5020.0,8470.0
bd497cd,2026-04-07T11:54:36+01:00,linuxpc,16,4427,True,31.26,0.00390625,50000,RocksDB/ReadAndWriteLoad/Sync/real_time/threads:8,iteration,,821176,700.0735225690172,690.8132397926861,11427371.18616183,,5080.0,8700.0
bd497cd,2026-04-07T11:54:36+01:00,linuxpc,16,4427,True,31.26,0.00390625,50000,RocksDB/ReadAndWriteLoad/Sync/real_time/threads:8,iteration,,821176,694.3995465674391,687.8201700975188,11520744.850058815,,5070.0,8560.0
bd497cd,2026-04-07T11:54:36+01:00,linuxpc,16,4427,True,31.26,0.00390625,50000,RocksDB/ReadAndWriteLoad/Sync/real_time/threads:8_mean,aggregate,mean,3,694.6739436007655,686.4241108686393,11516635.380402172,,5056.666666666666,8576.666666666666
bd497cd,2026-04-07T11:54:36+01:00,linuxpc,16,4427,True,31.26,0.00390625,50000,RocksDB/ReadAndWriteLoad/Sync/real_time/threads:8_median,aggregate,median,3,694.3995465674392,687.8201700975188,11520744.850058815,,5070.0,8560.0
bd497cd,2026-04-07T11:54:36+01:00,linuxpc,16,4427,True,31.26,0.00390625,50000,RocksDB/ReadAndWriteLoad/Sync/real_time/threads:8_stddev,aggregate,stddev,3,5.267743190045528,5.228854370097952,87282.04635874616,,32.14550253671079,115.9022576714033
bd497cd,2026-04-07T11:54:36+01:00,linuxpc,16,4427,True,31.26,0.00390625,50000,RocksDB/ReadAndWriteLoad/Sync/real_time/threads:8_cv,aggregate,cv,3,0.007583044158444703,0.007617527250727058,0.007578780040850628,,0.006357053896514988,0.013513671706731829
bd497cd,2026-04-07T11:54:36+01:00,linuxpc,16,4427,True,31.26,0.00390625,50000,RocksDB/ReadAndWriteLoad/Sync/real_time/threads:16,iteration,,651792,1202.6906730223016,995.3932696320301,13303503.850905236,,15020.0,23470.0
bd497cd,2026-04-07T11:54:36+01:00,linuxpc,16,4427,True,31.26,0.00390625,50000,RocksDB/ReadAndWriteLoad/Sync/real_time/threads:16,iteration,,651792,1109.0710181158558,892.4755182634966,14426488.239843814,,13400.0,22320.0
bd497cd,2026-04-07T11:54:36+01:00,linuxpc,16,4427,True,31.26,0.00390625,50000,RocksDB/ReadAndWriteLoad/Sync/real_time/threads:16,iteration,,651792,1042.874331183403,980.7436743623746,15342212.883736411,,14981.0,23411.0
bd497cd,2026-04-07T11:54:36+01:00,linuxpc,16,4427,True,31.26,0.00390625,50000,RocksDB/ReadAndWriteLoad/Sync/real_time/threads:16_mean,aggregate,mean,3,1118.2120074405202,956.2041540859672,14357401.658161819,,14467.0,23067.0
bd497cd,2026-04-07T11:54:36+01:00,linuxpc,16,4427,True,31.26,0.00390625,50000,RocksDB/ReadAndWriteLoad/Sync/real_time/threads:16_median,aggregate,median,3,1109.0710181158556,980.7436743623745,14426488.239843814,,14981.0,23411.0
bd497cd,2026-04-07T11:54:36+01:00,linuxpc,16,4427,True,31.26,0.00390625,50000,RocksDB/ReadAndWriteLoad/Sync/real_time/threads:16_stddev,aggregate,stddev,3,80.29934024677216,55.67456266766464,1021108.8810519915,,924.254834988706,647.5932365304168
bd497cd,2026-04-07T11:54:36+01:00,linuxpc,16,4427,True,31.26,0.00390625,50000,RocksDB/ReadAndWriteLoad/Sync/real_time/threads:16_cv,aggregate,cv,3,0.07181047932991673,0.05822455636671417,0.07112072959744195,,0.06388711101048634,0.0280744455945904
bd497cd,2026-04-07T11:54:36+01:00,linuxpc,16,4427,True,31.26,0.00390625,50000,ByteCask/PutMT/Sync/real_time/threads:2,iteration,,154,3978810.1362850666,214039.75974024853,502.66283926464484,,7879898.0,14928004.0
bd497cd,2026-04-07T11:54:36+01:00,linuxpc,16,4427,True,31.26,0.00390625,50000,ByteCask/PutMT/Sync/real_time/threads:2,iteration,,154,4214601.480483695,222639.59740259973,474.5407150026596,,7997299.0,13989492.0
bd497cd,2026-04-07T11:54:36+01:00,linuxpc,16,4427,True,31.26,0.00390625,50000,ByteCask/PutMT/Sync/real_time/threads:2,iteration,,154,4375514.181636201,236800.96103896786,457.0891367222378,,8063419.0,14318546.0
bd497cd,2026-04-07T11:54:36+01:00,linuxpc,16,4427,True,31.26,0.00390625,50000,ByteCask/PutMT/Sync/real_time/threads:2_mean,aggregate,mean,3,4189641.932801653,224493.43939393866,478.0975636631807,,7980205.333333333,14412014.0
bd497cd,2026-04-07T11:54:36+01:00,linuxpc,16,4427,True,31.26,0.00390625,50000,ByteCask/PutMT/Sync/real_time/threads:2_median,aggregate,median,3,4214601.480483694,222639.59740259976,474.5407150026596,,7997299.0,14318546.0
bd497cd,2026-04-07T11:54:36+01:00,linuxpc,16,4427,True,31.26,0.00390625,50000,ByteCask/PutMT/Sync/real_time/threads:2_stddev,aggregate,stddev,3,199526.33702061404,11493.285811152557,22.994107291898743,,92946.9442227115,476186.3015711229
bd497cd,2026-04-07T11:54:36+01:00,linuxpc,16,4427,True,31.26,0.00390625,50000,ByteCask/PutMT/Sync/real_time/threads:2_cv,aggregate,cv,3,0.04762372064745611,0.0511965331467182,0.04809501039017649,,0.011647187050998794,0.0330409269357581
bd497cd,2026-04-07T11:54:36+01:00,linuxpc,16,4427,True,31.26,0.00390625,50000,ByteCask/PutMT/Sync/real_time/threads:4,iteration,,148,5034052.581224289,164394.8243243327,794.588442504348,,16414393.0,43348082.0
bd497cd,2026-04-07T11:54:36+01:00,linuxpc,16,4427,True,31.26,0.00390625,50000,ByteCask/PutMT/Sync/real_time/threads:4,iteration,,148,4344021.297387174,169689.0472973134,920.8057986285437,,17321772.0,18763851.0
bd497cd,2026-04-07T11:54:36+01:00,linuxpc,16,4427,True,31.26,0.00390625,50000,ByteCask/PutMT/Sync/real_time/threads:4,iteration,,148,4429504.054290167,167737.71621622107,903.0356335549183,,17043852.0,18504677.0
bd497cd,2026-04-07T11:54:36+01:00,linuxpc,16,4427,True,31.26,0.00390625,50000,ByteCask/PutMT/Sync/real_time/threads:4_mean,aggregate,mean,3,4602525.977633876,167273.8626126224,872.8099582292699,,16926672.333333332,26872203.333333332
bd497cd,2026-04-07T11:54:36+01:00,linuxpc,16,4427,True,31.26,0.00390625,50000,ByteCask/PutMT/Sync/real_time/threads:4_median,aggregate,median,3,4429504.054290167,167737.71621622107,903.0356335549183,,17043852.0,18763851.0
bd497cd,2026-04-07T11:54:36+01:00,linuxpc,16,4427,True,31.26,0.00390625,50000,ByteCask/PutMT/Sync/real_time/threads:4_stddev,aggregate,stddev,3,376149.2159192211,2677.418410724058,68.32202304831453,,464900.4927082515,14269117.918414244
bd497cd,2026-04-07T11:54:36+01:00,linuxpc,16,4427,True,31.26,0.00390625,50000,ByteCask/PutMT/Sync/real_time/threads:4_cv,aggregate,cv,3,0.08172669046239615,0.01600619707649425,0.07827823503174065,,0.027465557526787646,0.5309991793904846
bd497cd,2026-04-07T11:54:36+01:00,linuxpc,16,4427,True,31.26,0.00390625,50000,ByteCask/PutMT/Sync/real_time/threads:8,iteration,,104,5787233.441459158,124905.30769231419,1382.353084755283,,35386599.0,83728159.0
bd497cd,2026-04-07T11:54:36+01:00,linuxpc,16,4427,True,31.26,0.00390625,50000,ByteCask/PutMT/Sync/real_time/threads:8,iteration,,104,5418014.539687787,101358.57692307195,1476.5556536252855,,34833561.0,89493259.0
bd497cd,2026-04-07T11:54:36+01:00,linuxpc,16,4427,True,31.26,0.00390625,50000,ByteCask/PutMT/Sync/real_time/threads:8,iteration,,104,4348048.787505832,101256.54807694122,1839.9057579547157,,34895651.0,35731220.0
bd497cd,2026-04-07T11:54:36+01:00,linuxpc,16,4427,True,31.26,0.00390625,50000,ByteCask/PutMT/Sync/real_time/threads:8_mean,aggregate,mean,3,5184432.256217591,109173.47756410913,1566.271498778428,,35038603.666666664,69650879.33333333
bd497cd,2026-04-07T11:54:36+01:00,linuxpc,16,4427,True,31.26,0.00390625,50000,ByteCask/PutMT/Sync/real_time/threads:8_median,aggregate,median,3,5418014.539687787,101358.57692307195,1476.5556536252855,,34895651.0,83728159.0
bd497cd,2026-04-07T11:54:36+01:00,linuxpc,16,4427,True,31.26,0.00390625,50000,ByteCask/PutMT/Sync/real_time/threads:8_stddev,aggregate,stddev,3,747484.8690154604,13624.260048104783,241.60983390922524,,302967.5824929542,29516377.85144954
bd497cd,2026-04-07T11:54:36+01:00,linuxpc,16,4427,True,31.26,0.00390625,50000,ByteCask/PutMT/Sync/real_time/threads:8_cv,aggregate,cv,3,0.14417873203358303,0.12479459619763701,0.1542579521479274,,0.008646679684361306,0.4237760977889575
bd497cd,2026-04-07T11:54:36+01:00,linuxpc,16,4427,True,31.26,0.00390625,50000,ByteCask/PutMT/Sync/real_time/threads:16,iteration,,64,8225433.19009128,75604.70312497763,1945.1863057223911,,72776295.0,182612240.0
bd497cd,2026-04-07T11:54:36+01:00,linuxpc,16,4427,True,31.26,0.00390625,50000,ByteCask/PutMT/Sync/real_time/threads:16,iteration,,64,11803398.410847876,77875.20312504467,1355.5418061035075,,179858728.0,199105207.0
bd497cd,2026-04-07T11:54:36+01:00,linuxpc,16,4427,True,31.26,0.00390625,50000,ByteCask/PutMT/Sync/real_time/threads:16,iteration,,64,13636036.85877024,79707.70312504454,1173.3614514036267,,191358784.0,293759116.0
bd497cd,2026-04-07T11:54:36+01:00,linuxpc,16,4427,True,31.26,0.00390625,50000,ByteCask/PutMT/Sync/real_time/threads:16_mean,aggregate,mean,3,11221622.819903133,77729.2031250223,1491.3631877431749,,147997935.66666666,225158854.3333333
bd497cd,2026-04-07T11:54:36+01:00,linuxpc,16,4427,True,31.26,0.00390625,50000,ByteCask/PutMT/Sync/real_time/threads:16_median,aggregate,median,3,11803398.410847878,77875.20312504469,1355.5418061035075,,179858728.0,199105207.0
bd497cd,2026-04-07T11:54:36+01:00,linuxpc,16,4427,True,31.26,0.00390625,50000,ByteCask/PutMT/Sync/real_time/threads:16_stddev,aggregate,stddev,3,2751818.515735521,2055.3927240647313,403.4401903862915,,65397127.157388374,59979174.84983547
bd497cd,2026-04-07T11:54:36+01:00,linuxpc,16,4427,True,31.26,0.00390625,50000,ByteCask/PutMT/Sync/real_time/threads:16_cv,aggregate,cv,3,0.24522464886761144,0.026442992355894444,0.27051773417902497,,0.44187864420407363,0.2663860367713549
bd497cd,2026-04-07T11:54:36+01:00,linuxpc,16,4427,True,31.26,0.00390625,50000,RocksDB/PutMT/Sync/real_time/threads:2,iteration,,272,2759953.054919606,252652.59926470715,724.6500067945024,,4285952.0,12003308.0
bd497cd,2026-04-07T11:54:36+01:00,linuxpc,16,4427,True,31.26,0.00390625,50000,RocksDB/PutMT/Sync/real_time/threads:2,iteration,,272,2772444.496419185,232990.5220588203,721.3850457901489,,4409615.0,10900374.0
bd497cd,2026-04-07T11:54:36+01:00,linuxpc,16,4427,True,31.26,0.00390625,50000,RocksDB/PutMT/Sync/real_time/threads:2,iteration,,272,2884098.665484036,247701.9595588288,693.4575518983994,,4365724.0,10988656.0
bd497cd,2026-04-07T11:54:36+01:00,linuxpc,16,4427,True,31.26,0.00390625,50000,RocksDB/PutMT/Sync/real_time/threads:2_mean,aggregate,mean,3,2805498.7389409426,244448.36029411873,713.1642014943501,,4353763.666666666,11297446.0
bd497cd,2026-04-07T11:54:36+01:00,linuxpc,16,4427,True,31.26,0.00390625,50000,RocksDB/PutMT/Sync/real_time/threads:2_median,aggregate,median,3,2772444.4964191853,247701.95955882876,721.3850457901489,,4365724.0,10988656.0
bd497cd,2026-04-07T11:54:36+01:00,linuxpc,16,4427,True,31.26,0.00390625,50000,RocksDB/PutMT/Sync/real_time/threads:2_stddev,aggregate,stddev,3,68355.470645129,10226.864189186099,17.14435829401309,,62693.074357059915,612886.0417434748
bd497cd,2026-04-07T11:54:36+01:00,linuxpc,16,4427,True,31.26,0.00390625,50000,RocksDB/PutMT/Sync/real_time/threads:2_cv,aggregate,cv,3,0.024364819593871122,0.04183650148800835,0.024039847005905713,,0.014399742190200017,0.054249964261256466
bd497cd,2026-04-07T11:54:36+01:00,linuxpc,16,4427,True,31.26,0.00390625,50000,RocksDB/PutMT/Sync/real_time/threads:4,iteration,,136,4120349.448759739,144585.24264706208,970.7914461488297,,11071835.0,71680975.0
bd497cd,2026-04-07T11:54:36+01:00,linuxpc,16,4427,True,31.26,0.00390625,50000,RocksDB/PutMT/Sync/real_time/threads:4,iteration,,136,3420917.60274557,148970.19852939987,1169.2769205518628,,9290245.0,25962318.0
bd497cd,2026-04-07T11:54:36+01:00,linuxpc,16,4427,True,31.26,0.00390625,50000,RocksDB/PutMT/Sync/real_time/threads:4,iteration,,136,3735145.8086050116,141330.42647059658,1070.908661928222,,10940475.0,88422217.0
bd497cd,2026-04-07T11:54:36+01:00,linuxpc,16,4427,True,31.26,0.00390625,50000,RocksDB/PutMT/Sync/real_time/threads:4_mean,aggregate,mean,3,3758804.28670344,144961.95588235284,1070.325676209638,,10434185.0,62021836.666666664
bd497cd,2026-04-07T11:54:36+01:00,linuxpc,16,4427,True,31.26,0.00390625,50000,RocksDB/PutMT/Sync/real_time/threads:4_median,aggregate,median,3,3735145.8086050116,144585.24264706208,1070.908661928222,,10940475.0,71680975.0
bd497cd,2026-04-07T11:54:36+01:00,linuxpc,16,4427,True,31.26,0.00390625,50000,RocksDB/PutMT/Sync/real_time/threads:4_stddev,aggregate,stddev,3,350315.5998441195,3833.7923683814697,99.24402143963535,,992855.9337084028,32330851.53192538
bd497cd,2026-04-07T11:54:36+01:00,linuxpc,16,4427,True,31.26,0.00390625,50000,RocksDB/PutMT/Sync/real_time/threads:4_cv,aggregate,cv,3,0.09319868051745639,0.026446886323007887,0.0927231997190704,,0.0951541432041317,0.5212817496148326
bd497cd,2026-04-07T11:54:36+01:00,linuxpc,16,4427,True,31.26,0.00390625,50000,RocksDB/PutMT/Sync/real_time/threads:8,iteration,,240,6014099.616731983,97502.31666666655,1330.2074308418491,,25200270.0,198690427.0
bd497cd,2026-04-07T11:54:36+01:00,linuxpc,16,4427,True,31.26,0.00390625,50000,RocksDB/PutMT/Sync/real_time/threads:8,iteration,,240,3551353.762304643,92348.39583333669,2252.6620932318547,,24294251.0,50853538.0
bd497cd,2026-04-07T11:54:36+01:00,linuxpc,16,4427,True,31.26,0.00390625,50000,RocksDB/PutMT/Sync/real_time/threads:8,iteration,,240,5195625.7996304585,87656.03749999822,1539.756770121706,,20674486.0,179314542.0
bd497cd,2026-04-07T11:54:36+01:00,linuxpc,16,4427,True,31.26,0.00390625,50000,RocksDB/PutMT/Sync/real_time/threads:8_mean,aggregate,mean,3,4920359.726222361,92502.25000000048,1707.5420980651365,,23389669.0,142952835.66666666
bd497cd,2026-04-07T11:54:36+01:00,linuxpc,16,4427,True,31.26,0.00390625,50000,RocksDB/PutMT/Sync/real_time/threads:8_median,aggregate,median,3,5195625.7996304585,92348.3958333367,1539.756770121706,,24294251.0,179314542.0
bd497cd,2026-04-07T11:54:36+01:00,linuxpc,16,4427,True,31.26,0.00390625,50000,RocksDB/PutMT/Sync/real_time/threads:8_stddev,aggregate,stddev,3,1254235.9603567023,4924.942302752708,483.5748010867385,,2394656.8960306062,80346541.32508294
bd497cd,2026-04-07T11:54:36+01:00,linuxpc,16,4427,True,31.26,0.00390625,50000,RocksDB/PutMT/Sync/real_time/threads:8_cv,aggregate,cv,3,0.2549073706282956,0.05324132442997529,0.28319934345085285,,0.10238096554639599,0.5620493007388305
bd497cd,2026-04-07T11:54:36+01:00,linuxpc,16,4427,True,31.26,0.00390625,50000,RocksDB/PutMT/Sync/real_time/threads:16,iteration,,48,15803660.93791478,101757.72916670218,1012.4236442971376,,279843686.0,279843686.0
bd497cd,2026-04-07T11:54:36+01:00,linuxpc,16,4427,True,31.26,0.00390625,50000,RocksDB/PutMT/Sync/real_time/threads:16,iteration,,48,16539447.91663283,114397.70833338708,967.3841642507102,,288089268.0,288089268.0
bd497cd,2026-04-07T11:54:36+01:00,linuxpc,16,4427,True,31.26,0.00390625,50000,RocksDB/PutMT/Sync/real_time/threads:16,iteration,,48,10898951.45802681,147724.41666667824,1468.0311277298508,,186894109.0,186894109.0
bd497cd,2026-04-07T11:54:36+01:00,linuxpc,16,4427,True,31.26,0.00390625,50000,RocksDB/PutMT/Sync/real_time/threads:16_mean,aggregate,mean,3,14414020.104191473,121293.28472225583,1149.2796454258996,,251609021.0,251609021.0
bd497cd,2026-04-07T11:54:36+01:00,linuxpc,16,4427,True,31.26,0.00390625,50000,RocksDB/PutMT/Sync/real_time/threads:16_median,aggregate,median,3,15803660.93791478,114397.70833338708,1012.4236442971376,,279843686.0,279843686.0
bd497cd,2026-04-07T11:54:36+01:00,linuxpc,16,4427,True,31.26,0.00390625,50000,RocksDB/PutMT/Sync/real_time/threads:16_stddev,aggregate,stddev,3,3066288.6866618097,23746.490692966734,276.963931395294,,56196194.55092567,56196194.55092567
bd497cd,2026-04-07T11:54:36+01:00,linuxpc,16,4427,True,31.26,0.00390625,50000,RocksDB/PutMT/Sync/real_time/threads:16_cv,aggregate,cv,3,0.2127295969130888,0.19577745583642803,0.24098915568339055,,0.22334729624390404,0.22334729624390404
bd497cd,2026-04-07T12:01:01+01:00,linuxpc,16,4427,True,31.26,6.95264,50000,ByteCask/Recovery/threads:/1/real_time,iteration,,49,14026183.447306404,12186202.775510222,,,,
bd497cd,2026-04-07T12:01:01+01:00,linuxpc,16,4427,True,31.26,6.95264,50000,ByteCask/Recovery/threads:/1/real_time,iteration,,49,15296367.510240905,13167934.244897949,,,,
bd497cd,2026-04-07T12:01:01+01:00,linuxpc,16,4427,True,31.26,6.95264,50000,ByteCask/Recovery/threads:/1/real_time,iteration,,49,16628935.341533199,14158169.163265347,,,,
bd497cd,2026-04-07T12:01:01+01:00,linuxpc,16,4427,True,31.26,6.95264,50000,ByteCask/Recovery/threads:/1/real_time_mean,aggregate,mean,3,15317162.099693503,13170768.727891171,,,,
bd497cd,2026-04-07T12:01:01+01:00,linuxpc,16,4427,True,31.26,6.95264,50000,ByteCask/Recovery/threads:/1/real_time_median,aggregate,median,3,15296367.510240905,13167934.244897949,,,,
bd497cd,2026-04-07T12:01:01+01:00,linuxpc,16,4427,True,31.26,6.95264,50000,ByteCask/Recovery/threads:/1/real_time_stddev,aggregate,stddev,3,1301500.544347978,985986.249564068,,,,
bd497cd,2026-04-07T12:01:01+01:00,linuxpc,16,4427,True,31.26,6.95264,50000,ByteCask/Recovery/threads:/1/real_time_cv,aggregate,cv,3,84970083.61451113,74861708.52549309,,,,
bd497cd,2026-04-07T12:01:01+01:00,linuxpc,16,4427,True,31.26,6.95264,50000,ByteCask/Recovery/threads:/2/real_time,iteration,,45,16136040.423427606,4860606.066666682,,,,
bd497cd,2026-04-07T12:01:01+01:00,linuxpc,16,4427,True,31.26,6.95264,50000,ByteCask/Recovery/threads:/2/real_time,iteration,,45,17045745.842107054,5475492.400000033,,,,
bd497cd,2026-04-07T12:01:01+01:00,linuxpc,16,4427,True,31.26,6.95264,50000,ByteCask/Recovery/threads:/2/real_time,iteration,,45,17939213.866419673,6195500.600000011,,,,
bd497cd,2026-04-07T12:01:01+01:00,linuxpc,16,4427,True,31.26,6.95264,50000,ByteCask/Recovery/threads:/2/real_time_mean,aggregate,mean,3,17040333.37731811,5510533.022222242,,,,
bd497cd,2026-04-07T12:01:01+01:00,linuxpc,16,4427,True,31.26,6.95264,50000,ByteCask/Recovery/threads:/2/real_time_median,aggregate,median,3,17045745.842107054,5475492.400000034,,,,
bd497cd,2026-04-07T12:01:01+01:00,linuxpc,16,4427,True,31.26,6.95264,50000,ByteCask/Recovery/threads:/2/real_time_stddev,aggregate,stddev,3,901598.9060881359,668136.7657037644,,,,
bd497cd,2026-04-07T12:01:01+01:00,linuxpc,16,4427,True,31.26,6.95264,50000,ByteCask/Recovery/threads:/2/real_time_cv,aggregate,cv,3,52909698.77902905,121247212.02275342,,,,
bd497cd,2026-04-07T12:01:01+01:00,linuxpc,16,4427,True,31.26,6.95264,50000,ByteCask/Recovery/threads:/4/real_time,iteration,,39,18416445.763507046,7055246.871794898,,,,
bd497cd,2026-04-07T12:01:01+01:00,linuxpc,16,4427,True,31.26,6.95264,50000,ByteCask/Recovery/threads:/4/real_time,iteration,,39,19279597.489796102,7641570.53846151,,,,
bd497cd,2026-04-07T12:01:01+01:00,linuxpc,16,4427,True,31.26,6.95264,50000,ByteCask/Recovery/threads:/4/real_time,iteration,,39,19449832.261157915,8037149.051282072,,,,
bd497cd,2026-04-07T12:01:01+01:00,linuxpc,16,4427,True,31.26,6.95264,50000,ByteCask/Recovery/threads:/4/real_time_mean,aggregate,mean,3,19048625.171487022,7577988.820512826,,,,
bd497cd,2026-04-07T12:01:01+01:00,linuxpc,16,4427,True,31.26,6.95264,50000,ByteCask/Recovery/threads:/4/real_time_median,aggregate,median,3,19279597.489796102,7641570.538461511,,,,
bd497cd,2026-04-07T12:01:01+01:00,linuxpc,16,4427,True,31.26,6.95264,50000,ByteCask/Recovery/threads:/4/real_time_stddev,aggregate,stddev,3,554060.531215415,494029.29939772555,,,,
bd497cd,2026-04-07T12:01:01+01:00,linuxpc,16,4427,True,31.26,6.95264,50000,ByteCask/Recovery/threads:/4/real_time_cv,aggregate,cv,3,29086641.488686632,65192666.69547463,,,,
bd497cd,2026-04-07T12:01:01+01:00,linuxpc,16,4427,True,31.26,6.95264,50000,ByteCask/Recovery/threads:/8/real_time,iteration,,36,20129902.032850724,9178983.305555603,,,,
bd497cd,2026-04-07T12:01:01+01:00,linuxpc,16,4427,True,31.26,6.95264,50000,ByteCask/Recovery/threads:/8/real_time,iteration,,36,20774754.996333893,9665640.055555603,,,,
bd497cd,2026-04-07T12:01:01+01:00,linuxpc,16,4427,True,31.26,6.95264,50000,ByteCask/Recovery/threads:/8/real_time,iteration,,36,21563092.865916487,10180432.722222231,,,,
bd497cd,2026-04-07T12:01:01+01:00,linuxpc,16,4427,True,31.26,6.95264,50000,ByteCask/Recovery/threads:/8/real_time_mean,aggregate,mean,3,20822583.298367035,9675018.694444478,,,,
bd497cd,2026-04-07T12:01:01+01:00,linuxpc,16,4427,True,31.26,6.95264,50000,ByteCask/Recovery/threads:/8/real_time_median,aggregate,median,3,20774754.996333893,9665640.055555603,,,,
bd497cd,2026-04-07T12:01:01+01:00,linuxpc,16,4427,True,31.26,6.95264,50000,ByteCask/Recovery/threads:/8/real_time_stddev,aggregate,stddev,3,717791.5093203431,500790.5776730103,,,,
bd497cd,2026-04-07T12:01:01+01:00,linuxpc,16,4427,True,31.26,6.95264,50000,ByteCask/Recovery/threads:/8/real_time_cv,aggregate,cv,3,34471779.94368424,51761200.00270085,,,,
bd497cd,2026-04-07T12:01:01+01:00,linuxpc,16,4427,True,31.26,6.95264,50000,ByteCask/Recovery/threads:/16/real_time,iteration,,33,21704719.33134126,10988210.878787946,,,,
bd497cd,2026-04-07T12:01:01+01:00,linuxpc,16,4427,True,31.26,6.95264,50000,ByteCask/Recovery/threads:/16/real_time,iteration,,33,22779007.35939373,11555836.030302921,,,,
bd497cd,2026-04-07T12:01:01+01:00,linuxpc,16,4427,True,31.26,6.95264,50000,ByteCask/Recovery/threads:/16/real_time,iteration,,33,22965691.72441113,12012695.727272755,,,,
bd497cd,2026-04-07T12:01:01+01:00,linuxpc,16,4427,True,31.26,6.95264,50000,ByteCask/Recovery/threads:/16/real_time_mean,aggregate,mean,3,22483139.471715376,11518914.212121205,,,,
bd497cd,2026-04-07T12:01:01+01:00,linuxpc,16,4427,True,31.26,6.95264,50000,ByteCask/Recovery/threads:/16/real_time_median,aggregate,median,3,22779007.35939373,11555836.030302921,,,,
bd497cd,2026-04-07T12:01:01+01:00,linuxpc,16,4427,True,31.26,6.95264,50000,ByteCask/Recovery/threads:/16/real_time_stddev,aggregate,stddev,3,680563.148605957,513239.4340726242,,,,
bd497cd,2026-04-07T12:01:01+01:00,linuxpc,16,4427,True,31.26,6.95264,50000,ByteCask/Recovery/threads:/16/real_time_cv,aggregate,cv,3,30269934.030437823,44556233.74055073,,,,
bd497cd,2026-04-07T12:06:25+01:00,linuxpc,16,4427,True,31.26,0.0390625,50000,ByteCask/Recovery/threads:1/real_time,iteration,,55,14047538.999214092,11986227.381818177,,,,
bd497cd,2026-04-07T12:06:25+01:00,linuxpc,16,4427,True,31.26,0.0390625,50000,ByteCask/Recovery/threads:1/real_time,iteration,,55,15297513.511243531,13302580.400000002,,,,
bd497cd,2026-04-07T12:06:25+01:00,linuxpc,16,4427,True,31.26,0.0390625,50000,ByteCask/Recovery/threads:1/real_time,iteration,,55,16710175.89132217,14599178.036363617,,,,
bd497cd,2026-04-07T12:06:25+01:00,linuxpc,16,4427,True,31.26,0.0390625,50000,ByteCask/Recovery/threads:1/real_time_mean,aggregate,mean,3,15351742.800593263,13295995.272727262,,,,
bd497cd,2026-04-07T12:06:25+01:00,linuxpc,16,4427,True,31.26,0.0390625,50000,ByteCask/Recovery/threads:1/real_time_median,aggregate,median,3,15297513.511243531,13302580.400000002,,,,
bd497cd,2026-04-07T12:06:25+01:00,linuxpc,16,4427,True,31.26,0.0390625,50000,ByteCask/Recovery/threads:1/real_time_stddev,aggregate,stddev,3,1332146.5447432213,1306487.774033233,,,,
bd497cd,2026-04-07T12:06:25+01:00,linuxpc,16,4427,True,31.26,0.0390625,50000,ByteCask/Recovery/threads:1/real_time_cv,aggregate,cv,3,86774938.97902855,98261750.79296996,,,,
bd497cd,2026-04-07T12:06:25+01:00,linuxpc,16,4427,True,31.26,0.0390625,50000,ByteCask/Recovery/threads:2/real_time,iteration,,41,16751221.558590217,5062822.926829252,,,,
bd497cd,2026-04-07T12:06:25+01:00,linuxpc,16,4427,True,31.26,0.0390625,50000,ByteCask/Recovery/threads:2/real_time,iteration,,41,18050468.555174585,5773618.756097542,,,,
bd497cd,2026-04-07T12:06:25+01:00,linuxpc,16,4427,True,31.26,0.0390625,50000,ByteCask/Recovery/threads:2/real_time,iteration,,41,18298265.586675305,6269297.634146351,,,,
bd497cd,2026-04-07T12:06:25+01:00,linuxpc,16,4427,True,31.26,0.0390625,50000,ByteCask/Recovery/threads:2/real_time_mean,aggregate,mean,3,17699985.233480033,5701913.105691048,,,,
bd497cd,2026-04-07T12:06:25+01:00,linuxpc,16,4427,True,31.26,0.0390625,50000,ByteCask/Recovery/threads:2/real_time_median,aggregate,median,3,18050468.55517458,5773618.756097541,,,,
bd497cd,2026-04-07T12:06:25+01:00,linuxpc,16,4427,True,31.26,0.0390625,50000,ByteCask/Recovery/threads:2/real_time_stddev,aggregate,stddev,3,830942.3718273137,606425.2468970369,,,,
bd497cd,2026-04-07T12:06:25+01:00,linuxpc,16,4427,True,31.26,0.0390625,50000,ByteCask/Recovery/threads:2/real_time_cv,aggregate,cv,3,46945935.878836915,106354698.0910262,,,,
bd497cd,2026-04-07T12:06:25+01:00,linuxpc,16,4427,True,31.26,0.0390625,50000,ByteCask/Recovery/threads:4/real_time,iteration,,39,18553037.103862524,7024746.358974361,,,,
bd497cd,2026-04-07T12:06:25+01:00,linuxpc,16,4427,True,31.26,0.0390625,50000,ByteCask/Recovery/threads:4/real_time,iteration,,39,19534478.514777638,7710170.564102634,,,,
bd497cd,2026-04-07T12:06:25+01:00,linuxpc,16,4427,True,31.26,0.0390625,50000,ByteCask/Recovery/threads:4/real_time,iteration,,39,19670826.08741923,8130317.512820531,,,,
bd497cd,2026-04-07T12:06:25+01:00,linuxpc,16,4427,True,31.26,0.0390625,50000,ByteCask/Recovery/threads:4/real_time_mean,aggregate,mean,3,19252780.568686467,7621744.811965842,,,,
bd497cd,2026-04-07T12:06:25+01:00,linuxpc,16,4427,True,31.26,0.0390625,50000,ByteCask/Recovery/threads:4/real_time_median,aggregate,median,3,19534478.51477764,7710170.564102635,,,,
bd497cd,2026-04-07T12:06:25+01:00,linuxpc,16,4427,True,31.26,0.0390625,50000,ByteCask/Recovery/threads:4/real_time_stddev,aggregate,stddev,3,609818.2947110134,558064.717828425,,,,
bd497cd,2026-04-07T12:06:25+01:00,linuxpc,16,4427,True,31.26,0.0390625,50000,ByteCask/Recovery/threads:4/real_time_cv,aggregate,cv,3,31674297.254644226,73220073.82775204,,,,
bd497cd,2026-04-07T12:06:25+01:00,linuxpc,16,4427,True,31.26,0.0390625,50000,ByteCask/Recovery/threads:8/real_time,iteration,,35,20836622.567315187,9269628.628571475,,,,
bd497cd,2026-04-07T12:06:25+01:00,linuxpc,16,4427,True,31.26,0.0390625,50000,ByteCask/Recovery/threads:8/real_time,iteration,,35,21434556.23216661,9639298.457142713,,,,
bd497cd,2026-04-07T12:06:25+01:00,linuxpc,16,4427,True,31.26,0.0390625,50000,ByteCask/Recovery/threads:8/real_time,iteration,,35,21883819.679663118,10089887.400000056,,,,
bd497cd,2026-04-07T12:06:25+01:00,linuxpc,16,4427,True,31.26,0.0390625,50000,ByteCask/Recovery/threads:8/real_time_mean,aggregate,mean,3,21384999.493048303,9666271.49523808,,,,
bd497cd,2026-04-07T12:06:25+01:00,linuxpc,16,4427,True,31.26,0.0390625,50000,ByteCask/Recovery/threads:8/real_time_median,aggregate,median,3,21434556.23216661,9639298.457142713,,,,
bd497cd,2026-04-07T12:06:25+01:00,linuxpc,16,4427,True,31.26,0.0390625,50000,ByteCask/Recovery/threads:8/real_time_stddev,aggregate,stddev,3,525354.5001439392,410794.0744636803,,,,
bd497cd,2026-04-07T12:06:25+01:00,linuxpc,16,4427,True,31.26,0.0390625,50000,ByteCask/Recovery/threads:8/real_time_cv,aggregate,cv,3,24566495.796023656,42497676.03424452,,,,
bd497cd,2026-04-07T12:06:25+01:00,linuxpc,16,4427,True,31.26,0.0390625,50000,ByteCask/Recovery/threads:16/real_time,iteration,,32,22188978.09689224,11041991.874999907,,,,
bd497cd,2026-04-07T12:06:25+01:00,linuxpc,16,4427,True,31.26,0.0390625,50000,ByteCask/Recovery/threads:16/real_time,iteration,,32,23184589.22491118,11664975.406250056,,,,
bd497cd,2026-04-07T12:06:25+01:00,linuxpc,16,4427,True,31.26,0.0390625,50000,ByteCask/Recovery/threads:16/real_time,iteration,,32,23360656.6907838,12116431.999999927,,,,
bd497cd,2026-04-07T12:06:25+01:00,linuxpc,16,4427,True,31.26,0.0390625,50000,ByteCask/Recovery/threads:16/real_time_mean,aggregate,mean,3,22911408.00419574,11607799.760416629,,,,
bd497cd,2026-04-07T12:06:25+01:00,linuxpc,16,4427,True,31.26,0.0390625,50000,ByteCask/Recovery/threads:16/real_time_median,aggregate,median,3,23184589.22491118,11664975.406250056,,,,
bd497cd,2026-04-07T12:06:25+01:00,linuxpc,16,4427,True,31.26,0.0390625,50000,ByteCask/Recovery/threads:16/real_time_stddev,aggregate,stddev,3,631805.8771169187,539497.1607060522,,,,
bd497cd,2026-04-07T12:06:25+01:00,linuxpc,16,4427,True,31.26,0.0390625,50000,ByteCask/Recovery/threads:16/real_time_cv,aggregate,cv,3,27576038.844981365,46477125.02293272,,,,
bd497cd,2026-04-07T12:23:52+01:00,linuxpc,16,4427,True,31.26,0.154297,50000,ByteCask/Put/NoSync/real_time,iteration,,107554,5719.110391507614,5686.7027818584165,174852.36890774372,,5160.0,11000.0
bd497cd,2026-04-07T12:23:52+01:00,linuxpc,16,4427,True,31.26,0.154297,50000,ByteCask/Put/NoSync/real_time,iteration,,107554,7440.2614876601665,6100.181136917269,134403.87836617322,,5190.0,10971.0
bd497cd,2026-04-07T12:23:52+01:00,linuxpc,16,4427,True,31.26,0.154297,50000,ByteCask/Put/NoSync/real_time,iteration,,107554,5810.027176768742,5770.736857764472,172116.23449860557,,5180.0,10720.0
bd497cd,2026-04-07T12:23:52+01:00,linuxpc,16,4427,True,31.26,0.154297,50000,ByteCask/Put/NoSync/real_time_mean,aggregate,mean,3,6323.133018645506,5852.540258846719,160457.49392417417,,5176.666666666666,10897.0
bd497cd,2026-04-07T12:23:52+01:00,linuxpc,16,4427,True,31.26,0.154297,50000,ByteCask/Put/NoSync/real_time_median,aggregate,median,3,5810.027176768742,5770.736857764473,172116.23449860557,,5180.0,10971.0
bd497cd,2026-04-07T12:23:52+01:00,linuxpc,16,4427,True,31.26,0.154297,50000,ByteCask/Put/NoSync/real_time_stddev,aggregate,stddev,3,968.5290277905143,218.5404650105124,22604.529869238613,,15.275252316722698,153.97077644795164
bd497cd,2026-04-07T12:23:52+01:00,linuxpc,16,4427,True,31.26,0.154297,50000,ByteCask/Put/NoSync/real_time_cv,aggregate,cv,3,0.15317233164865243,0.037341129722288695,0.14087550114624509,,0.0029507892434106953,0.014129648201151843
bd497cd,2026-04-07T12:23:52+01:00,linuxpc,16,4427,True,31.26,0.154297,50000,ByteCask/Put/Sync/real_time,iteration,,296,2590529.6621400537,244219.00675675782,386.0214436509843,,2516612.0,4535858.0
bd497cd,2026-04-07T12:23:52+01:00,linuxpc,16,4427,True,31.26,0.154297,50000,ByteCask/Put/Sync/real_time,iteration,,296,2428498.1859759805,265935.51351351343,411.777124551614,,2454002.0,4206263.0
bd497cd,2026-04-07T12:23:52+01:00,linuxpc,16,4427,True,31.26,0.154297,50000,ByteCask/Put/Sync/real_time,iteration,,296,2173099.4424590766,251149.16216216216,460.17222243101827,,2048516.0,5263737.0
bd497cd,2026-04-07T12:23:52+01:00,linuxpc,16,4427,True,31.26,0.154297,50000,ByteCask/Put/Sync/real_time_mean,aggregate,mean,3,2397375.7635250366,253767.89414414446,419.3235968778722,,2339710.0,4668619.333333333
bd497cd,2026-04-07T12:23:52+01:00,linuxpc,16,4427,True,31.26,0.154297,50000,ByteCask/Put/Sync/real_time_median,aggregate,median,3,2428498.1859759805,251149.16216216216,411.777124551614,,2454002.0,4535858.0
bd497cd,2026-04-07T12:23:52+01:00,linuxpc,16,4427,True,31.26,0.154297,50000,ByteCask/Put/Sync/real_time_stddev,aggregate,stddev,3,210448.21443798696,11092.56437097169,37.64699764721781,,254117.02471892748,541093.3319588553
bd497cd,2026-04-07T12:23:52+01:00,linuxpc,16,4427,True,31.26,0.154297,50000,ByteCask/Put/Sync/real_time_cv,aggregate,cv,3,0.08778274046140751,0.04371145691373759,0.08978029838416768,,0.10861047938373879,0.11590007523113299
bd497cd,2026-04-07T12:23:52+01:00,linuxpc,16,4427,True,31.26,0.154297,50000,ByteCask/Del/Sync/real_time,iteration,,340,1531100.0382472926,184978.03235294027,653.1251877863823,,2071066.0,3309292.0
bd497cd,2026-04-07T12:23:52+01:00,linuxpc,16,4427,True,31.26,0.154297,50000,ByteCask/Del/Sync/real_time,iteration,,340,136.1501156626379,135.97058823572644,7344834.010114753,,90.0,130.0
bd497cd,2026-04-07T12:23:52+01:00,linuxpc,16,4427,True,31.26,0.154297,50000,ByteCask/Del/Sync/real_time,iteration,,340,131.0617389047847,130.97058823476632,7629991.85236274,,90.0,110.0
bd497cd,2026-04-07T12:23:52+01:00,linuxpc,16,4427,True,31.26,0.154297,50000,ByteCask/Del/Sync/real_time_mean,aggregate,mean,3,510455.7500339533,61748.32450980359,4991826.329221759,,690415.3333333333,1103177.3333333333
bd497cd,2026-04-07T12:23:52+01:00,linuxpc,16,4427,True,31.26,0.154297,50000,ByteCask/Del/Sync/real_time_median,aggregate,median,3,136.1501156626379,135.9705882357264,7344834.010114753,,90.0,130.0
bd497cd,2026-04-07T12:23:52+01:00,linuxpc,16,4427,True,31.26,0.154297,50000,ByteCask/Del/Sync/real_time_stddev,aggregate,stddev,3,883903.8818238996,106720.0575223731,4324833.663072946,,1195678.5510852544,1910551.3450209429
bd497cd,2026-04-07T12:23:52+01:00,linuxpc,16,4427,True,31.26,0.154297,50000,ByteCask/Del/Sync/real_time_cv,aggregate,cv,3,1.731597463178946,1.7283069357684269,0.8663830385595968,,1.7318250238048805,1.7318624008055608
bd497cd,2026-04-07T12:23:52+01:00,linuxpc,16,4427,True,31.26,0.154297,50000,ByteCask/Get/real_time,iteration,,766821,797.5288822279067,793.2423864239503,1253873.085080615,,730.0,1190.0
bd497cd,2026-04-07T12:23:52+01:00,linuxpc,16,4427,True,31.26,0.154297,50000,ByteCask/Get/real_time,iteration,,766821,782.4570766804109,778.4652441704125,1278025.376474987,,720.0,1180.0
bd497cd,2026-04-07T12:23:52+01:00,linuxpc,16,4427,True,31.26,0.154297,50000,ByteCask/Get/real_time,iteration,,766821,738.2154479917805,734.3432913287453,1354618.089773616,,660.0,1230.0
bd497cd,2026-04-07T12:23:52+01:00,linuxpc,16,4427,True,31.26,0.154297,50000,ByteCask/Get/real_time_mean,aggregate,mean,3,772.7338023000328,768.683640641036,1295505.5171097391,,703.3333333333333,1200.0
bd497cd,2026-04-07T12:23:52+01:00,linuxpc,16,4427,True,31.26,0.154297,50000,ByteCask/Get/real_time_median,aggregate,median,3,782.457076680411,778.4652441704126,1278025.376474987,,720.0,1190.0
bd497cd,2026-04-07T12:23:52+01:00,linuxpc,16,4427,True,31.26,0.154297,50000,ByteCask/Get/real_time_stddev,aggregate,stddev,3,30.829002882482047,30.643689015245997,52598.05585862403,,37.8593889720031,26.457513110641507
bd497cd,2026-04-07T12:23:52+01:00,linuxpc,16,4427,True,31.26,0.154297,50000,ByteCask/Get/real_time_cv,aggregate,cv,3,0.03989601954867239,0.03986515049245877,0.04060041054550644,,0.053828515126070765,0.022047927592201255
bd497cd,2026-04-07T12:23:52+01:00,linuxpc,16,4427,True,31.26,0.154297,50000,ByteCask/Range50/real_time,iteration,,19193,34314.166569704495,34174.55749492003,,29142.482536145468,34031.0,40301.0
bd497cd,2026-04-07T12:23:52+01:00,linuxpc,16,4427,True,31.26,0.154297,50000,ByteCask/Range50/real_time,iteration,,19193,32820.88662602948,32695.84603761788,,30468.402983572152,32451.0,39101.0
bd497cd,2026-04-07T12:23:52+01:00,linuxpc,16,4427,True,31.26,0.154297,50000,ByteCask/Range50/real_time,iteration,,19193,33088.17808525203,32943.198718282714,,30222.274475901624,32570.0,39291.0
bd497cd,2026-04-07T12:23:52+01:00,linuxpc,16,4427,True,31.26,0.154297,50000,ByteCask/Range50/real_time_mean,aggregate,mean,3,33407.743760328674,33271.200750273536,,29944.38666520641,33017.33333333333,39564.33333333333
bd497cd,2026-04-07T12:23:52+01:00,linuxpc,16,4427,True,31.26,0.154297,50000,ByteCask/Range50/real_time_median,aggregate,median,3,33088.17808525204,32943.198718282714,,30222.274475901624,32570.0,39291.0
bd497cd,2026-04-07T12:23:52+01:00,linuxpc,16,4427,True,31.26,0.154297,50000,ByteCask/Range50/real_time_stddev,aggregate,stddev,3,796.2806748004318,792.0453858410104,,705.288937050633,879.8751805418154,645.0064599162793
bd497cd,2026-04-07T12:23:52+01:00,linuxpc,16,4427,True,31.26,0.154297,50000,ByteCask/Range50/real_time_cv,aggregate,cv,3,0.02383521259361449,0.023805734929314166,,0.02355329380882383,0.026648886863722555,0.01630272534815733
bd497cd,2026-04-07T12:23:52+01:00,linuxpc,16,4427,True,31.26,0.154297,50000,ByteCask/MixedBatch/Sync/real_time,iteration,,233,2822317.6264451905,883663.9785407705,35431.87310421668,,2775235.0,3541595.0
bd497cd,2026-04-07T12:23:52+01:00,linuxpc,16,4427,True,31.26,0.154297,50000,ByteCask/MixedBatch/Sync/real_time,iteration,,233,2925591.939778463,894728.8712446366,34181.116867437224,,2779855.0,5973736.0
bd497cd,2026-04-07T12:23:52+01:00,linuxpc,16,4427,True,31.26,0.154297,50000,ByteCask/MixedBatch/Sync/real_time,iteration,,233,2830730.60926002,875593.9957081587,35326.56893343198,,2757965.0,4446736.0
bd497cd,2026-04-07T12:23:52+01:00,linuxpc,16,4427,True,31.26,0.154297,50000,ByteCask/MixedBatch/Sync/real_time_mean,aggregate,mean,3,2859546.7251612246,884662.2818311886,34979.85296836196,,2771018.333333333,4654022.333333333
bd497cd,2026-04-07T12:23:52+01:00,linuxpc,16,4427,True,31.26,0.154297,50000,ByteCask/MixedBatch/Sync/real_time_median,aggregate,median,3,2830730.6092600194,883663.9785407706,35326.56893343198,,2775235.0,4446736.0
bd497cd,2026-04-07T12:23:52+01:00,linuxpc,16,4427,True,31.26,0.154297,50000,ByteCask/MixedBatch/Sync/real_time_stddev,aggregate,stddev,3,57351.30643970504,9606.420901851901,693.7267194553333,,11538.120875446997,1229249.0304898913
bd497cd,2026-04-07T12:23:52+01:00,linuxpc,16,4427,True,31.26,0.154297,50000,ByteCask/MixedBatch/Sync/real_time_cv,aggregate,cv,3,0.020056082992129288,0.01085885664975711,0.019832179400033057,,0.004163855841966761,0.26412615635418984
bd497cd,2026-04-07T12:23:52+01:00,linuxpc,16,4427,True,31.26,0.154297,50000,RocksDB/Put/NoSync/real_time,iteration,,121575,6152.281982246989,6118.585465761878,162541.31440749916,,5570.0,11971.0
bd497cd,2026-04-07T12:23:52+01:00,linuxpc,16,4427,True,31.26,0.154297,50000,RocksDB/Put/NoSync/real_time,iteration,,121575,5871.188139235369,5841.745819453005,170323.27635990805,,5550.0,11420.0
bd497cd,2026-04-07T12:23:52+01:00,linuxpc,16,4427,True,31.26,0.154297,50000,RocksDB/Put/NoSync/real_time,iteration,,121575,5774.687641552482,5746.3170388649,173169.53956165107,,5210.0,10840.0
bd497cd,2026-04-07T12:23:52+01:00,linuxpc,16,4427,True,31.26,0.154297,50000,RocksDB/Put/NoSync/real_time_mean,aggregate,mean,3,5932.719254344948,5902.216108026595,168678.04344301941,,5443.333333333333,11410.333333333332
bd497cd,2026-04-07T12:23:52+01:00,linuxpc,16,4427,True,31.26,0.154297,50000,RocksDB/Put/NoSync/real_time_median,aggregate,median,3,5871.188139235369,5841.745819453005,170323.27635990805,,5550.0,11420.0
bd497cd,2026-04-07T12:23:52+01:00,linuxpc,16,4427,True,31.26,0.154297,50000,RocksDB/Put/NoSync/real_time_stddev,aggregate,stddev,3,196.17321459896723,193.3608990106841,5501.807520711094,,202.3198787399105,565.5619624173646
bd497cd,2026-04-07T12:23:52+01:00,linuxpc,16,4427,True,31.26,0.154297,50000,RocksDB/Put/NoSync/real_time_cv,aggregate,cv,3,0.033066323584298354,0.03276072842329969,0.032617212106622766,,0.03716837943782802,0.04956577042014823
bd497cd,2026-04-07T12:23:52+01:00,linuxpc,16,4427,True,31.26,0.154297,50000,RocksDB/Put/Sync/real_time,iteration,,267,2622026.0486652036,271310.1835206041,381.3844643187548,,2538562.0,4200883.0
bd497cd,2026-04-07T12:23:52+01:00,linuxpc,16,4427,True,31.26,0.154297,50000,RocksDB/Put/Sync/real_time,iteration,,267,2460644.0037973784,271866.8277153587,406.3976741278926,,2541282.0,3832669.0
bd497cd,2026-04-07T12:23:52+01:00,linuxpc,16,4427,True,31.26,0.154297,50000,RocksDB/Put/Sync/real_time,iteration,,267,2207888.4082274293,307862.2659176034,452.9214412619862,,2124156.0,3812448.0
bd497cd,2026-04-07T12:23:52+01:00,linuxpc,16,4427,True,31.26,0.154297,50000,RocksDB/Put/Sync/real_time_mean,aggregate,mean,3,2430186.153563337,283679.7590511887,413.5678599028779,,2401333.333333333,3948666.6666666665
bd497cd,2026-04-07T12:23:52+01:00,linuxpc,16,4427,True,31.26,0.154297,50000,RocksDB/Put/Sync/real_time_median,aggregate,median,3,2460644.003797378,271866.82771535876,406.3976741278926,,2538562.0,3832669.0
bd497cd,2026-04-07T12:23:52+01:00,linuxpc,16,4427,True,31.26,0.154297,50000,RocksDB/Put/Sync/real_time_stddev,aggregate,stddev,3,208742.0819755889,20944.51460282732,36.30349074923625,,240046.46463827573,218659.62432587775
bd497cd,2026-04-07T12:23:52+01:00,linuxpc,16,4427,True,31.26,0.154297,50000,RocksDB/Put/Sync/real_time_cv,aggregate,cv,3,0.08589551120168892,0.07383154396661758,0.08778121868019857,,0.09996382480772173,0.05537555908978839
bd497cd,2026-04-07T12:23:52+01:00,linuxpc,16,4427,True,31.26,0.154297,50000,RocksDB/Del/Sync/real_time,iteration,,271,2434970.907878983,263990.3542435418,410.6825246922825,,2444541.0,3794348.0
bd497cd,2026-04-07T12:23:52+01:00,linuxpc,16,4427,True,31.26,0.154297,50000,RocksDB/Del/Sync/real_time,iteration,,271,2558472.882045564,259787.86715866922,390.8581587937234,,2490432.0,4442006.0
bd497cd,2026-04-07T12:23:52+01:00,linuxpc,16,4427,True,31.26,0.154297,50000,RocksDB/Del/Sync/real_time,iteration,,271,2573400.9631012473,274395.4243542453,388.59082371481037,,2496601.0,5539560.0
bd497cd,2026-04-07T12:23:52+01:00,linuxpc,16,4427,True,31.26,0.154297,50000,RocksDB/Del/Sync/real_time_mean,aggregate,mean,3,2522281.584341931,266057.88191881875,396.71050240027205,,2477191.333333333,4591971.333333333
bd497cd,2026-04-07T12:23:52+01:00,linuxpc,16,4427,True,31.26,0.154297,50000,RocksDB/Del/Sync/real_time_median,aggregate,median,3,2558472.8820455633,263990.3542435417,390.8581587937234,,2490432.0,4442006.0
bd497cd,2026-04-07T12:23:52+01:00,linuxpc,16,4427,True,31.26,0.154297,50000,RocksDB/Del/Sync/real_time_stddev,aggregate,stddev,3,75980.77104974522,7520.052182101648,12.153117183930588,,28443.757493252557,882217.9051330414
bd497cd,2026-04-07T12:23:52+01:00,linuxpc,16,4427,True,31.26,0.154297,50000,RocksDB/Del/Sync/real_time_cv,aggregate,cv,3,0.03012382579384719,0.028264722427566398,0.030634725096509705,,0.011482261023002352,0.19212182330690541
bd497cd,2026-04-07T12:23:52+01:00,linuxpc,16,4427,True,31.26,0.154297,50000,RocksDB/Get/real_time,iteration,,1043504,689.1246770549635,685.2903295052054,1451116.2251126897,,630.0,1120.0
bd497cd,2026-04-07T12:23:52+01:00,linuxpc,16,4427,True,31.26,0.154297,50000,RocksDB/Get/real_time,iteration,,1043504,679.1460061416508,675.8130443199067,1472437.4301796719,,630.0,1050.0
bd497cd,2026-04-07T12:23:52+01:00,linuxpc,16,4427,True,31.26,0.154297,50000,RocksDB/Get/real_time,iteration,,1043504,685.6139506399492,681.9174962434262,1458546.750786801,,630.0,1120.0
bd497cd,2026-04-07T12:23:52+01:00,linuxpc,16,4427,True,31.26,0.154297,50000,RocksDB/Get/real_time_mean,aggregate,mean,3,684.6282112788546,681.0069566895127,1460700.1353597208,,630.0,1096.6666666666665
bd497cd,2026-04-07T12:23:52+01:00,linuxpc,16,4427,True,31.26,0.154297,50000,RocksDB/Get/real_time_median,aggregate,median,3,685.6139506399492,681.9174962434263,1458546.750786801,,630.0,1120.0
bd497cd,2026-04-07T12:23:52+01:00,linuxpc,16,4427,True,31.26,0.154297,50000,RocksDB/Get/real_time_stddev,aggregate,stddev,3,5.06184056100163,4.803805296884899,10822.487940207759,,0.0,40.41451884327572
bd497cd,2026-04-07T12:23:52+01:00,linuxpc,16,4427,True,31.26,0.154297,50000,RocksDB/Get/real_time_cv,aggregate,cv,3,0.00739356117321888,0.007053973898059706,0.007409109972829946,,0.0,0.03685214484189276
bd497cd,2026-04-07T12:23:52+01:00,linuxpc,16,4427,True,31.26,0.154297,50000,RocksDB/Range50/real_time,iteration,,108787,6453.784836396476,6407.212644893236,,154947.83686627494,6320.0,8620.0
bd497cd,2026-04-07T12:23:52+01:00,linuxpc,16,4427,True,31.26,0.154297,50000,RocksDB/Range50/real_time,iteration,,108787,6551.1639716053905,6508.169983545826,,152644.62992138264,6330.0,10460.0
bd497cd,2026-04-07T12:23:52+01:00,linuxpc,16,4427,True,31.26,0.154297,50000,RocksDB/Range50/real_time,iteration,,108787,6440.634653159707,6405.54500997362,,155264.20203161356,6280.0,10350.0
bd497cd,2026-04-07T12:23:52+01:00,linuxpc,16,4427,True,31.26,0.154297,50000,RocksDB/Range50/real_time_mean,aggregate,mean,3,6481.861153720524,6440.309212804226,,154285.55627309036,6310.0,9810.0
bd497cd,2026-04-07T12:23:52+01:00,linuxpc,16,4427,True,31.26,0.154297,50000,RocksDB/Range50/real_time_median,aggregate,median,3,6453.784836396476,6407.212644893236,,154947.83686627494,6320.0,10350.0
bd497cd,2026-04-07T12:23:52+01:00,linuxpc,16,4427,True,31.26,0.154297,50000,RocksDB/Range50/real_time_stddev,aggregate,stddev,3,60.3770838553419,58.775066191283,,1429.8605520347346,26.457513110575505,1032.0368210485444
bd497cd,2026-04-07T12:23:52+01:00,linuxpc,16,4427,True,31.26,0.154297,50000,RocksDB/Range50/real_time_cv,aggregate,cv,3,0.009314775868144916,0.009126124887673101,,0.009267624180605965,0.004192949779805943,0.10520253017824102
bd497cd,2026-04-07T12:23:52+01:00,linuxpc,16,4427,True,31.26,0.154297,50000,RocksDB/MixedBatch/Sync/real_time,iteration,,290,2499107.1963650654,567025.9793103484,40014.289961410745,,2406670.0,4365275.0
bd497cd,2026-04-07T12:23:52+01:00,linuxpc,16,4427,True,31.26,0.154297,50000,RocksDB/MixedBatch/Sync/real_time,iteration,,290,2495772.879297749,547552.7172413871,40067.748483643125,,2406350.0,4314165.0
bd497cd,2026-04-07T12:23:52+01:00,linuxpc,16,4427,True,31.26,0.154297,50000,RocksDB/MixedBatch/Sync/real_time,iteration,,290,2575767.9276184402,569581.2310344856,38823.37338226747,,2395560.0,6216619.0
bd497cd,2026-04-07T12:23:52+01:00,linuxpc,16,4427,True,31.26,0.154297,50000,RocksDB/MixedBatch/Sync/real_time_mean,aggregate,mean,3,2523549.334427085,561386.6425287403,39635.13727577378,,2402860.0,4965353.0
bd497cd,2026-04-07T12:23:52+01:00,linuxpc,16,4427,True,31.26,0.154297,50000,RocksDB/MixedBatch/Sync/real_time_median,aggregate,median,3,2499107.1963650654,567025.9793103485,40014.289961410745,,2406350.0,4365275.0
bd497cd,2026-04-07T12:23:52+01:00,linuxpc,16,4427,True,31.26,0.154297,50000,RocksDB/MixedBatch/Sync/real_time_stddev,aggregate,stddev,3,45253.34820475864,12048.462328673502,703.5161103348909,,6324.009803836759,1083929.4304021809
bd497cd,2026-04-07T12:23:52+01:00,linuxpc,16,4427,True,31.26,0.154297,50000,RocksDB/MixedBatch/Sync/real_time_cv,aggregate,cv,3,0.01793242065348106,0.021461968304770766,0.017749808848647578,,0.002631867775832449,0.21829856415086316
bd497cd,2026-04-07T12:23:52+01:00,linuxpc,16,4427,True,31.26,0.154297,50000,ByteCask/GetMT/real_time/threads:2,iteration,,729488,817.556247699257,813.7975552716391,2446314.8628957844,,1520.0,2280.0
bd497cd,2026-04-07T12:23:52+01:00,linuxpc,16,4427,True,31.26,0.154297,50000,ByteCask/GetMT/real_time/threads:2,iteration,,729488,838.6724360404062,834.8626666922528,2384721.273829539,,1520.0,2680.0
bd497cd,2026-04-07T12:23:52+01:00,linuxpc,16,4427,True,31.26,0.154297,50000,ByteCask/GetMT/real_time/threads:2,iteration,,729488,826.3539948366622,823.2143297765006,2420270.262498485,,1520.0,2240.0
bd497cd,2026-04-07T12:23:52+01:00,linuxpc,16,4427,True,31.26,0.154297,50000,ByteCask/GetMT/real_time/threads:2_mean,aggregate,mean,3,827.5275595254416,823.958183913464,2417102.1330746026,,1520.0,2400.0
bd497cd,2026-04-07T12:23:52+01:00,linuxpc,16,4427,True,31.26,0.154297,50000,ByteCask/GetMT/real_time/threads:2_median,aggregate,median,3,826.353994836662,823.2143297765006,2420270.262498485,,1520.0,2280.0
bd497cd,2026-04-07T12:23:52+01:00,linuxpc,16,4427,True,31.26,0.154297,50000,ByteCask/GetMT/real_time/threads:2_stddev,aggregate,stddev,3,10.606898372009741,10.552237631112797,30918.769971496164,,0.0,243.31050121192686
bd497cd,2026-04-07T12:23:52+01:00,linuxpc,16,4427,True,31.26,0.154297,50000,ByteCask/GetMT/real_time/threads:2_cv,aggregate,cv,3,0.012817577191136001,0.012806763543501671,0.012791668812176698,,0.0,0.10137937550496953
bd497cd,2026-04-07T12:23:52+01:00,linuxpc,16,4427,True,31.26,0.154297,50000,ByteCask/GetMT/real_time/threads:4,iteration,,610176,1036.7723428102947,1028.7689502700846,3858127.6089575505,,3940.0,6260.0
bd497cd,2026-04-07T12:23:52+01:00,linuxpc,16,4427,True,31.26,0.154297,50000,ByteCask/GetMT/real_time/threads:4,iteration,,610176,923.5041315531745,919.193452380953,4331328.754612815,,3400.0,5810.0
bd497cd,2026-04-07T12:23:52+01:00,linuxpc,16,4427,True,31.26,0.154297,50000,ByteCask/GetMT/real_time/threads:4,iteration,,610176,1062.1268566255228,1057.0988501678175,3766028.4880738044,,3690.0,7930.0
bd497cd,2026-04-07T12:23:52+01:00,linuxpc,16,4427,True,31.26,0.154297,50000,ByteCask/GetMT/real_time/threads:4_mean,aggregate,mean,3,1007.4677769963306,1001.6870842729517,3985161.617214723,,3676.6666666666665,6666.666666666666
bd497cd,2026-04-07T12:23:52+01:00,linuxpc,16,4427,True,31.26,0.154297,50000,ByteCask/GetMT/real_time/threads:4_median,aggregate,median,3,1036.7723428102947,1028.7689502700848,3858127.6089575505,,3690.0,6260.0
bd497cd,2026-04-07T12:23:52+01:00,linuxpc,16,4427,True,31.26,0.154297,50000,ByteCask/GetMT/real_time/threads:4_stddev,aggregate,stddev,3,73.81147038082855,72.83230934210236,303305.666412091,,270.2468007827935,1116.9750817871234
bd497cd,2026-04-07T12:23:52+01:00,linuxpc,16,4427,True,31.26,0.154297,50000,ByteCask/GetMT/real_time/threads:4_cv,aggregate,cv,3,0.07326434856397138,0.07270964204851038,0.07610874929184804,,0.07350320964173894,0.1675462622680685
bd497cd,2026-04-07T12:23:52+01:00,linuxpc,16,4427,True,31.26,0.154297,50000,ByteCask/GetMT/real_time/threads:8,iteration,,456992,1461.8000008817846,1454.970734717457,5472704.881087873,,11090.0,18080.0
bd497cd,2026-04-07T12:23:52+01:00,linuxpc,16,4427,True,31.26,0.154297,50000,ByteCask/GetMT/real_time/threads:8,iteration,,456992,1466.5085362794323,1456.0322237588393,5455133.6061747,,11060.0,18151.0
bd497cd,2026-04-07T12:23:52+01:00,linuxpc,16,4427,True,31.26,0.154297,50000,ByteCask/GetMT/real_time/threads:8,iteration,,456992,1474.970903207007,1467.4494214340764,5423835.807612014,,11150.0,18290.0
bd497cd,2026-04-07T12:23:52+01:00,linuxpc,16,4427,True,31.26,0.154297,50000,ByteCask/GetMT/real_time/threads:8_mean,aggregate,mean,3,1467.7598134560747,1459.484126636791,5450558.098291528,,11100.0,18173.666666666664
bd497cd,2026-04-07T12:23:52+01:00,linuxpc,16,4427,True,31.26,0.154297,50000,ByteCask/GetMT/real_time/threads:8_median,aggregate,median,3,1466.5085362794325,1456.0322237588396,5455133.6061747,,11090.0,18151.0
bd497cd,2026-04-07T12:23:52+01:00,linuxpc,16,4427,True,31.26,0.154297,50000,ByteCask/GetMT/real_time/threads:8_stddev,aggregate,stddev,3,6.674012132498504,6.918535296634423,24753.747996989012,,45.8257569495584,106.81916182704616
bd497cd,2026-04-07T12:23:52+01:00,linuxpc,16,4427,True,31.26,0.154297,50000,ByteCask/GetMT/real_time/threads:8_cv,aggregate,cv,3,0.004547073759148288,0.004740397768201406,0.00454150704397556,,0.004128446572032288,0.005877689064418087
bd497cd,2026-04-07T12:23:52+01:00,linuxpc,16,4427,True,31.26,0.154297,50000,ByteCask/GetMT/real_time/threads:16,iteration,,341248,2354.3507211897604,1841.4448143285842,6795928.8546077255,,28040.0,53210.0
bd497cd,2026-04-07T12:23:52+01:00,linuxpc,16,4427,True,31.26,0.154297,50000,ByteCask/GetMT/real_time/threads:16,iteration,,341248,2088.1686281057587,1632.5075282492467,7662216.443944034,,24701.0,41560.0
bd497cd,2026-04-07T12:23:52+01:00,linuxpc,16,4427,True,31.26,0.154297,50000,ByteCask/GetMT/real_time/threads:16,iteration,,341248,2017.1248123542362,1993.4396655804549,7932082.289606068,,30860.0,45681.0
bd497cd,2026-04-07T12:23:52+01:00,linuxpc,16,4427,True,31.26,0.154297,50000,ByteCask/GetMT/real_time/threads:16_mean,aggregate,mean,3,2153.214720549918,1822.4640027194282,7463409.196052609,,27867.0,46817.0
bd497cd,2026-04-07T12:23:52+01:00,linuxpc,16,4427,True,31.26,0.154297,50000,ByteCask/GetMT/real_time/threads:16_median,aggregate,median,3,2088.1686281057587,1841.4448143285842,7662216.443944034,,28040.0,45681.0
bd497cd,2026-04-07T12:23:52+01:00,linuxpc,16,4427,True,31.26,0.154297,50000,ByteCask/GetMT/real_time/threads:16_stddev,aggregate,stddev,3,177.77394073423213,181.21314893413773,593594.4729571505,,3083.142390484098,5907.494985186171
bd497cd,2026-04-07T12:23:52+01:00,linuxpc,16,4427,True,31.26,0.154297,50000,ByteCask/GetMT/real_time/threads:16_cv,aggregate,cv,3,0.08256210541270577,0.09943304705263681,0.07953395792248698,,0.1106377575800803,0.12618268973206678
bd497cd,2026-04-07T12:23:52+01:00,linuxpc,16,4427,True,31.26,0.154297,50000,ByteCask/GetMT/real_time/threads:32,iteration,,407200,2558.923555346625,1873.0402873280934,12505258.288446747,,57830.0,88391.0
bd497cd,2026-04-07T12:23:52+01:00,linuxpc,16,4427,True,31.26,0.154297,50000,ByteCask/GetMT/real_time/threads:32,iteration,,407200,2780.5627901475304,1872.5103659135546,11508461.565186288,,57551.0,89341.0
bd497cd,2026-04-07T12:23:52+01:00,linuxpc,16,4427,True,31.26,0.154297,50000,ByteCask/GetMT/real_time/threads:32,iteration,,407200,2773.0768788441255,1956.3887328094281,11539528.61679704,,60821.0,91441.0
bd497cd,2026-04-07T12:23:52+01:00,linuxpc,16,4427,True,31.26,0.154297,50000,ByteCask/GetMT/real_time/threads:32_mean,aggregate,mean,3,2704.1877414460932,1900.6464620170254,11851082.82347669,,58734.0,89724.33333333333
bd497cd,2026-04-07T12:23:52+01:00,linuxpc,16,4427,True,31.26,0.154297,50000,ByteCask/GetMT/real_time/threads:32_median,aggregate,median,3,2773.0768788441255,1873.0402873280934,11539528.61679704,,57830.0,89341.0
bd497cd,2026-04-07T12:23:52+01:00,linuxpc,16,4427,True,31.26,0.154297,50000,ByteCask/GetMT/real_time/threads:32_stddev,aggregate,stddev,3,125.85814450946862,48.2749497047352,566745.4848965219,,1812.770531534535,1560.7156478147995
bd497cd,2026-04-07T12:23:52+01:00,linuxpc,16,4427,True,31.26,0.154297,50000,ByteCask/GetMT/real_time/threads:32_cv,aggregate,cv,3,0.046541940332206606,0.025399226352440272,0.047822253319655623,,0.03086407415695398,0.0173945638806433
bd497cd,2026-04-07T12:23:52+01:00,linuxpc,16,4427,True,31.26,0.154297,50000,RocksDB/GetMT/real_time/threads:2,iteration,,1093392,646.4617730822124,642.2955509094647,3093763.7510480518,,1190.0,1981.0
bd497cd,2026-04-07T12:23:52+01:00,linuxpc,16,4427,True,31.26,0.154297,50000,RocksDB/GetMT/real_time/threads:2,iteration,,1093392,632.9297946545048,630.1737080571268,3159908.1239203364,,1170.0,1880.0
bd497cd,2026-04-07T12:23:52+01:00,linuxpc,16,4427,True,31.26,0.154297,50000,RocksDB/GetMT/real_time/threads:2,iteration,,1093392,641.4210384217989,638.3137557253034,3118076.7081181994,,1180.0,1930.0
bd497cd,2026-04-07T12:23:52+01:00,linuxpc,16,4427,True,31.26,0.154297,50000,RocksDB/GetMT/real_time/threads:2_mean,aggregate,mean,3,640.2708687195053,636.927671563965,3123916.1943621957,,1180.0,1930.3333333333333
bd497cd,2026-04-07T12:23:52+01:00,linuxpc,16,4427,True,31.26,0.154297,50000,RocksDB/GetMT/real_time/threads:2_median,aggregate,median,3,641.4210384217989,638.3137557253034,3118076.7081181994,,1180.0,1930.0
bd497cd,2026-04-07T12:23:52+01:00,linuxpc,16,4427,True,31.26,0.154297,50000,RocksDB/GetMT/real_time/threads:2_stddev,aggregate,stddev,3,6.838916420021046,6.1786479516747095,33456.60196979416,,9.999999999988358,50.50082507577199
bd497cd,2026-04-07T12:23:52+01:00,linuxpc,16,4427,True,31.26,0.154297,50000,RocksDB/GetMT/real_time/threads:2_cv,aggregate,cv,3,0.010681286240147666,0.009700705790507023,0.010709826989012723,,0.008474576271176574,0.02616171217878017
bd497cd,2026-04-07T12:23:52+01:00,linuxpc,16,4427,True,31.26,0.154297,50000,RocksDB/GetMT/real_time/threads:4,iteration,,1024224,738.0265194803305,714.3066214031301,5419859.441929722,,2630.0,4600.0
bd497cd,2026-04-07T12:23:52+01:00,linuxpc,16,4427,True,31.26,0.154297,50000,RocksDB/GetMT/real_time/threads:4,iteration,,1024224,692.5115512353651,689.4879313509525,5776076.937437991,,2581.0,4050.0
bd497cd,2026-04-07T12:23:52+01:00,linuxpc,16,4427,True,31.26,0.154297,50000,RocksDB/GetMT/real_time/threads:4,iteration,,1024224,742.5915443870908,738.7928724575884,5386541.269199962,,2670.0,6021.0
bd497cd,2026-04-07T12:23:52+01:00,linuxpc,16,4427,True,31.26,0.154297,50000,RocksDB/GetMT/real_time/threads:4_mean,aggregate,mean,3,724.3765383675953,714.1958084038902,5527492.549522558,,2627.0,4890.333333333333
bd497cd,2026-04-07T12:23:52+01:00,linuxpc,16,4427,True,31.26,0.154297,50000,RocksDB/GetMT/real_time/threads:4_median,aggregate,median,3,738.0265194803305,714.3066214031301,5419859.441929722,,2630.0,4600.0
bd497cd,2026-04-07T12:23:52+01:00,linuxpc,16,4427,True,31.26,0.154297,50000,RocksDB/GetMT/real_time/threads:4_stddev,aggregate,stddev,3,27.69012309114534,24.652657342014347,215923.99958081677,,44.575778176034895,1017.069483041024
bd497cd,2026-04-07T12:23:52+01:00,linuxpc,16,4427,True,31.26,0.154297,50000,RocksDB/GetMT/real_time/threads:4_cv,aggregate,cv,3,0.03822614569150166,0.03451806500672269,0.03906364371300101,,0.016968320584710657,0.20797549240836155
bd497cd,2026-04-07T12:23:52+01:00,linuxpc,16,4427,True,31.26,0.154297,50000,RocksDB/GetMT/real_time/threads:8,iteration,,993456,715.1352418757567,706.9944184744994,11186695.231263505,,5190.0,9150.0
bd497cd,2026-04-07T12:23:52+01:00,linuxpc,16,4427,True,31.26,0.154297,50000,RocksDB/GetMT/real_time/threads:8,iteration,,993456,714.6253975230353,710.9644453302394,11194676.298559802,,5260.0,8860.0
bd497cd,2026-04-07T12:23:52+01:00,linuxpc,16,4427,True,31.26,0.154297,50000,RocksDB/GetMT/real_time/threads:8,iteration,,993456,718.0463795159615,712.4189667182059,11141341.601628628,,5231.0,8960.0
bd497cd,2026-04-07T12:23:52+01:00,linuxpc,16,4427,True,31.26,0.154297,50000,RocksDB/GetMT/real_time/threads:8_mean,aggregate,mean,3,715.9356729715845,710.1259435076481,11174237.710483978,,5227.0,8990.0
bd497cd,2026-04-07T12:23:52+01:00,linuxpc,16,4427,True,31.26,0.154297,50000,RocksDB/GetMT/real_time/threads:8_median,aggregate,median,3,715.1352418757566,710.9644453302395,11186695.231263505,,5231.0,8960.0
bd497cd,2026-04-07T12:23:52+01:00,linuxpc,16,4427,True,31.26,0.154297,50000,RocksDB/GetMT/real_time/threads:8_stddev,aggregate,stddev,3,1.845615589250751,2.807800721578315,28766.992233938883,,35.17101079008499,147.30919862651177
bd497cd,2026-04-07T12:23:52+01:00,linuxpc,16,4427,True,31.26,0.154297,50000,RocksDB/GetMT/real_time/threads:8_cv,aggregate,cv,3,0.0025779070088661495,0.003953947531770574,0.002574403102857647,,0.006728718345147311,0.016385895286597528
bd497cd,2026-04-07T12:23:52+01:00,linuxpc,16,4427,True,31.26,0.154297,50000,RocksDB/GetMT/real_time/threads:16,iteration,,414352,1322.7671833257857,974.132800131286,12095854.963510493,,14130.0,29160.0
bd497cd,2026-04-07T12:23:52+01:00,linuxpc,16,4427,True,31.26,0.154297,50000,RocksDB/GetMT/real_time/threads:16,iteration,,414352,1070.2311222731676,902.1556430281503,14950041.787250634,,13410.0,22511.0
bd497cd,2026-04-07T12:23:52+01:00,linuxpc,16,4427,True,31.26,0.154297,50000,RocksDB/GetMT/real_time/threads:16,iteration,,414352,1087.0360925494404,976.3314355909932,14718922.499137066,,14800.0,23101.0
bd497cd,2026-04-07T12:23:52+01:00,linuxpc,16,4427,True,31.26,0.154297,50000,RocksDB/GetMT/real_time/threads:16_mean,aggregate,mean,3,1160.0114660494644,950.8732929168096,13921606.41663273,,14113.333333333332,24924.0
bd497cd,2026-04-07T12:23:52+01:00,linuxpc,16,4427,True,31.26,0.154297,50000,RocksDB/GetMT/real_time/threads:16_median,aggregate,median,3,1087.0360925494404,974.132800131286,14718922.499137066,,14130.0,23101.0
bd497cd,2026-04-07T12:23:52+01:00,linuxpc,16,4427,True,31.26,0.154297,50000,RocksDB/GetMT/real_time/threads:16_stddev,aggregate,stddev,3,141.20081227136762,42.205041849012964,1585364.4085092768,,695.149863938254,3680.325664937811
bd497cd,2026-04-07T12:23:52+01:00,linuxpc,16,4427,True,31.26,0.154297,50000,RocksDB/GetMT/real_time/threads:16_cv,aggregate,cv,3,0.12172363498461025,0.04438555816364212,0.11387797938427387,,0.04925483211655084,0.14766191883075794
bd497cd,2026-04-07T12:23:52+01:00,linuxpc,16,4427,True,31.26,0.154297,50000,RocksDB/GetMT/real_time/threads:32,iteration,,427136,1422.9599380564398,944.8815576303537,22488335.15559646,,28211.0,46831.0
bd497cd,2026-04-07T12:23:52+01:00,linuxpc,16,4427,True,31.26,0.154297,50000,RocksDB/GetMT/real_time/threads:32,iteration,,427136,1498.232396547586,918.8562308023663,21358502.241533685,,27480.0,45300.0
bd497cd,2026-04-07T12:23:52+01:00,linuxpc,16,4427,True,31.26,0.154297,50000,RocksDB/GetMT/real_time/threads:32,iteration,,427136,1674.4002120476882,945.7415670886965,19111321.038872764,,28270.0,46850.0
bd497cd,2026-04-07T12:23:52+01:00,linuxpc,16,4427,True,31.26,0.154297,50000,RocksDB/GetMT/real_time/threads:32_mean,aggregate,mean,3,1531.8641822172383,936.493118507139,20986052.812000968,,27987.0,46327.0
bd497cd,2026-04-07T12:23:52+01:00,linuxpc,16,4427,True,31.26,0.154297,50000,RocksDB/GetMT/real_time/threads:32_median,aggregate,median,3,1498.232396547586,944.8815576303537,21358502.241533685,,28211.0,46831.0
bd497cd,2026-04-07T12:23:52+01:00,linuxpc,16,4427,True,31.26,0.154297,50000,RocksDB/GetMT/real_time/threads:32_stddev,aggregate,stddev,3,129.04989578335932,15.280044502542998,1719038.9813228222,,440.064767960286,889.4588242295208
bd497cd,2026-04-07T12:23:52+01:00,linuxpc,16,4427,True,31.26,0.154297,50000,RocksDB/GetMT/real_time/threads:32_cv,aggregate,cv,3,0.08424369293403741,0.016316237888539826,0.0819134020447991,,0.015723899237513345,0.019199577443597057
bd497cd,2026-04-07T12:23:52+01:00,linuxpc,16,4427,True,31.26,0.154297,50000,ByteCask/ReadAndWriteLoad/Sync/real_time/threads:2,iteration,,864908,800.3001185917179,794.4964088666103,2499062.4811094427,,1430.0,2650.0
bd497cd,2026-04-07T12:23:52+01:00,linuxpc,16,4427,True,31.26,0.154297,50000,ByteCask/ReadAndWriteLoad/Sync/real_time/threads:2,iteration,,864908,773.823130281891,770.2241452270052,2584569.938186563,,1430.0,2270.0
bd497cd,2026-04-07T12:23:52+01:00,linuxpc,16,4427,True,31.26,0.154297,50000,ByteCask/ReadAndWriteLoad/Sync/real_time/threads:2,iteration,,864908,799.7414615163706,793.1749712108104,2500808.193947889,,1440.0,2690.0
bd497cd,2026-04-07T12:23:52+01:00,linuxpc,16,4427,True,31.26,0.154297,50000,ByteCask/ReadAndWriteLoad/Sync/real_time/threads:2_mean,aggregate,mean,3,791.2882367966598,785.9651751014753,2528146.871081298,,1433.3333333333333,2536.6666666666665
bd497cd,2026-04-07T12:23:52+01:00,linuxpc,16,4427,True,31.26,0.154297,50000,ByteCask/ReadAndWriteLoad/Sync/real_time/threads:2_median,aggregate,median,3,799.7414615163706,793.1749712108104,2500808.193947889,,1430.0,2650.0
bd497cd,2026-04-07T12:23:52+01:00,linuxpc,16,4427,True,31.26,0.154297,50000,ByteCask/ReadAndWriteLoad/Sync/real_time/threads:2_stddev,aggregate,stddev,3,15.127804983250323,13.64813413992165,48871.60478746276,,5.773502691899618,231.8045153428518
bd497cd,2026-04-07T12:23:52+01:00,linuxpc,16,4427,True,31.26,0.154297,50000,ByteCask/ReadAndWriteLoad/Sync/real_time/threads:2_cv,aggregate,cv,3,0.019117944991185014,0.017364807719578098,0.019330999059623537,,0.004028025133883455,0.09138154349915315
bd497cd,2026-04-07T12:23:52+01:00,linuxpc,16,4427,True,31.26,0.154297,50000,ByteCask/ReadAndWriteLoad/Sync/real_time/threads:4,iteration,,694420,990.6182584377011,961.9266625385203,4037882.368843452,,3460.0,7710.0
bd497cd,2026-04-07T12:23:52+01:00,linuxpc,16,4427,True,31.26,0.154297,50000,ByteCask/ReadAndWriteLoad/Sync/real_time/threads:4,iteration,,694420,933.5968261835703,926.2133881512609,4284504.711044821,,3430.0,5830.0
bd497cd,2026-04-07T12:23:52+01:00,linuxpc,16,4427,True,31.26,0.154297,50000,ByteCask/ReadAndWriteLoad/Sync/real_time/threads:4,iteration,,694420,1012.4556939434524,1003.7331168457137,3950790.166846953,,3590.0,8290.0
bd497cd,2026-04-07T12:23:52+01:00,linuxpc,16,4427,True,31.26,0.154297,50000,ByteCask/ReadAndWriteLoad/Sync/real_time/threads:4_mean,aggregate,mean,3,978.8902595215746,963.9577225118315,4091059.082245075,,3493.333333333333,7276.666666666666
bd497cd,2026-04-07T12:23:52+01:00,linuxpc,16,4427,True,31.26,0.154297,50000,ByteCask/ReadAndWriteLoad/Sync/real_time/threads:4_median,aggregate,median,3,990.6182584377012,961.9266625385203,4037882.368843452,,3460.0,7710.0
bd497cd,2026-04-07T12:23:52+01:00,linuxpc,16,4427,True,31.26,0.154297,50000,ByteCask/ReadAndWriteLoad/Sync/real_time/threads:4_stddev,aggregate,stddev,3,40.7165780122192,38.799754995063886,173095.84451525466,,85.04900548116842,1285.9756348132507
bd497cd,2026-04-07T12:23:52+01:00,linuxpc,16,4427,True,31.26,0.154297,50000,ByteCask/ReadAndWriteLoad/Sync/real_time/threads:4_cv,aggregate,cv,3,0.041594629853727555,0.040250473738580025,0.04231076624301984,,0.024346089355296308,0.17672592324506425
bd497cd,2026-04-07T12:23:52+01:00,linuxpc,16,4427,True,31.26,0.154297,50000,ByteCask/ReadAndWriteLoad/Sync/real_time/threads:8,iteration,,458688,1524.9261589395267,1503.5758794649087,5246155.660129411,,11420.0,22220.0
bd497cd,2026-04-07T12:23:52+01:00,linuxpc,16,4427,True,31.26,0.154297,50000,ByteCask/ReadAndWriteLoad/Sync/real_time/threads:8,iteration,,458688,1520.8319665750766,1504.6973236709919,5260278.699964502,,11430.0,19450.0
bd497cd,2026-04-07T12:23:52+01:00,linuxpc,16,4427,True,31.26,0.154297,50000,ByteCask/ReadAndWriteLoad/Sync/real_time/threads:8,iteration,,458688,1499.064285480179,1490.1167373029211,5336662.394993585,,11250.0,19020.0
bd497cd,2026-04-07T12:23:52+01:00,linuxpc,16,4427,True,31.26,0.154297,50000,ByteCask/ReadAndWriteLoad/Sync/real_time/threads:8_mean,aggregate,mean,3,1514.9408036649274,1499.463313479607,5281032.251695832,,11366.666666666666,20230.0
bd497cd,2026-04-07T12:23:52+01:00,linuxpc,16,4427,True,31.26,0.154297,50000,ByteCask/ReadAndWriteLoad/Sync/real_time/threads:8_median,aggregate,median,3,1520.8319665750762,1503.575879464909,5260278.699964502,,11420.0,19450.0
bd497cd,2026-04-07T12:23:52+01:00,linuxpc,16,4427,True,31.26,0.154297,50000,ByteCask/ReadAndWriteLoad/Sync/real_time/threads:8_stddev,aggregate,stddev,3,13.901024243996078,8.113770636820313,48691.885320296664,,101.15993936996907,1736.7498380595694
bd497cd,2026-04-07T12:23:52+01:00,linuxpc,16,4427,True,31.26,0.154297,50000,ByteCask/ReadAndWriteLoad/Sync/real_time/threads:8_cv,aggregate,cv,3,0.009175952096852154,0.005411116473394573,0.009220145418475876,,0.008899701410847718,0.08585021443695351
bd497cd,2026-04-07T12:23:52+01:00,linuxpc,16,4427,True,31.26,0.154297,50000,ByteCask/ReadAndWriteLoad/Sync/real_time/threads:16,iteration,,359648,2227.0670601584984,1728.632410023135,7184336.873475778,,26530.0,45460.0
bd497cd,2026-04-07T12:23:52+01:00,linuxpc,16,4427,True,31.26,0.154297,50000,ByteCask/ReadAndWriteLoad/Sync/real_time/threads:16,iteration,,359648,2132.5278965302527,1818.8459855191752,7502832.683236142,,27780.0,52192.0
bd497cd,2026-04-07T12:23:52+01:00,linuxpc,16,4427,True,31.26,0.154297,50000,ByteCask/ReadAndWriteLoad/Sync/real_time/threads:16,iteration,,359648,2050.589582034095,2002.6658872008188,7802634.0034989845,,31120.0,51211.0
bd497cd,2026-04-07T12:23:52+01:00,linuxpc,16,4427,True,31.26,0.154297,50000,ByteCask/ReadAndWriteLoad/Sync/real_time/threads:16_mean,aggregate,mean,3,2136.7281795742815,1850.0480942477097,7496601.186736968,,28476.666666666664,49621.0
bd497cd,2026-04-07T12:23:52+01:00,linuxpc,16,4427,True,31.26,0.154297,50000,ByteCask/ReadAndWriteLoad/Sync/real_time/threads:16_median,aggregate,median,3,2132.5278965302523,1818.8459855191752,7502832.683236142,,27780.0,51211.0
bd497cd,2026-04-07T12:23:52+01:00,linuxpc,16,4427,True,31.26,0.154297,50000,ByteCask/ReadAndWriteLoad/Sync/real_time/threads:16_stddev,aggregate,stddev,3,88.31368441259006,139.6558818859858,309195.6644427274,,2372.979842588953,3636.7610589644187
bd497cd,2026-04-07T12:23:52+01:00,linuxpc,16,4427,True,31.26,0.154297,50000,ByteCask/ReadAndWriteLoad/Sync/real_time/threads:16_cv,aggregate,cv,3,0.04133126770958089,0.07548770343874464,0.041244779699600165,,0.08333067456124148,0.07329076517934784
bd497cd,2026-04-07T12:23:52+01:00,linuxpc,16,4427,True,31.26,0.154297,50000,ByteCask/ReadAndWriteLoad/Sync/BoundedStaleness/real_time/threads:2,iteration,,766044,751.9508069942019,748.2070860159484,2659748.458804994,,1380.0,2150.0
bd497cd,2026-04-07T12:23:52+01:00,linuxpc,16,4427,True,31.26,0.154297,50000,ByteCask/ReadAndWriteLoad/Sync/BoundedStaleness/real_time/threads:2,iteration,,766044,802.8370407158621,793.2706071713894,2491165.5772841135,,1390.0,2910.0
bd497cd,2026-04-07T12:23:52+01:00,linuxpc,16,4427,True,31.26,0.154297,50000,ByteCask/ReadAndWriteLoad/Sync/BoundedStaleness/real_time/threads:2,iteration,,766044,757.9166130780064,752.4662173452185,2638812.7209373573,,1380.0,2160.0
bd497cd,2026-04-07T12:23:52+01:00,linuxpc,16,4427,True,31.26,0.154297,50000,ByteCask/ReadAndWriteLoad/Sync/BoundedStaleness/real_time/threads:2_mean,aggregate,mean,3,770.9014869293568,764.6479701775189,2596575.585675488,,1383.3333333333333,2406.6666666666665
bd497cd,2026-04-07T12:23:52+01:00,linuxpc,16,4427,True,31.26,0.154297,50000,ByteCask/ReadAndWriteLoad/Sync/BoundedStaleness/real_time/threads:2_median,aggregate,median,3,757.9166130780063,752.4662173452184,2638812.7209373573,,1380.0,2160.0
bd497cd,2026-04-07T12:23:52+01:00,linuxpc,16,4427,True,31.26,0.154297,50000,ByteCask/ReadAndWriteLoad/Sync/BoundedStaleness/real_time/threads:2_stddev,aggregate,stddev,3,27.817393970236697,24.87923956398247,91885.95475815058,,5.773502691899618,435.9281286328441
bd497cd,2026-04-07T12:23:52+01:00,linuxpc,16,4427,True,31.26,0.154297,50000,ByteCask/ReadAndWriteLoad/Sync/BoundedStaleness/real_time/threads:2_cv,aggregate,cv,3,0.03608423961022377,0.032536854257530515,0.03538735990011507,,0.004173616403782857,0.18113357145409037
bd497cd,2026-04-07T12:23:52+01:00,linuxpc,16,4427,True,31.26,0.154297,50000,ByteCask/ReadAndWriteLoad/Sync/BoundedStaleness/real_time/threads:4,iteration,,745756,903.6489737524089,898.4999637951291,4426497.584996939,,3380.0,5620.0
bd497cd,2026-04-07T12:23:52+01:00,linuxpc,16,4427,True,31.26,0.154297,50000,ByteCask/ReadAndWriteLoad/Sync/BoundedStaleness/real_time/threads:4,iteration,,745756,959.8013343632143,952.413869952105,4167529.1091919797,,3440.0,6070.0
bd497cd,2026-04-07T12:23:52+01:00,linuxpc,16,4427,True,31.26,0.154297,50000,ByteCask/ReadAndWriteLoad/Sync/BoundedStaleness/real_time/threads:4,iteration,,745756,919.2015082035891,896.8885748153534,4351602.95571889,,3290.0,5550.0
bd497cd,2026-04-07T12:23:52+01:00,linuxpc,16,4427,True,31.26,0.154297,50000,ByteCask/ReadAndWriteLoad/Sync/BoundedStaleness/real_time/threads:4_mean,aggregate,mean,3,927.5506054397374,915.9341361875294,4315209.883302603,,3370.0,5746.666666666666
bd497cd,2026-04-07T12:23:52+01:00,linuxpc,16,4427,True,31.26,0.154297,50000,ByteCask/ReadAndWriteLoad/Sync/BoundedStaleness/real_time/threads:4_median,aggregate,median,3,919.2015082035891,898.4999637951292,4351602.95571889,,3380.0,5620.0
bd497cd,2026-04-07T12:23:52+01:00,linuxpc,16,4427,True,31.26,0.154297,50000,ByteCask/ReadAndWriteLoad/Sync/BoundedStaleness/real_time/threads:4_stddev,aggregate,stddev,3,28.99228292211009,31.602648231781007,133264.81026551427,,75.49834435270749,282.19378684396594
bd497cd,2026-04-07T12:23:52+01:00,linuxpc,16,4427,True,31.26,0.154297,50000,ByteCask/ReadAndWriteLoad/Sync/BoundedStaleness/real_time/threads:4_cv,aggregate,cv,3,0.03125682065440008,0.03450318858441438,0.030882579033101716,,0.02240306954086276,0.04910564736263909
bd497cd,2026-04-07T12:23:52+01:00,linuxpc,16,4427,True,31.26,0.154297,50000,ByteCask/ReadAndWriteLoad/Sync/BoundedStaleness/real_time/threads:8,iteration,,479008,1462.4960876409557,1442.3331593626783,5470100.1032448625,,10892.0,18521.0
bd497cd,2026-04-07T12:23:52+01:00,linuxpc,16,4427,True,31.26,0.154297,50000,ByteCask/ReadAndWriteLoad/Sync/BoundedStaleness/real_time/threads:8,iteration,,479008,1490.9749587131146,1479.2492526220856,5365616.607608845,,11140.0,18820.0
bd497cd,2026-04-07T12:23:52+01:00,linuxpc,16,4427,True,31.26,0.154297,50000,ByteCask/ReadAndWriteLoad/Sync/BoundedStaleness/real_time/threads:8,iteration,,479008,1616.6354446824942,1601.7991661934668,4948549.177437585,,12081.0,25600.0
bd497cd,2026-04-07T12:23:52+01:00,linuxpc,16,4427,True,31.26,0.154297,50000,ByteCask/ReadAndWriteLoad/Sync/BoundedStaleness/real_time/threads:8_mean,aggregate,mean,3,1523.3688303455212,1507.7938593927436,5261421.962763764,,11371.0,20980.333333333332
bd497cd,2026-04-07T12:23:52+01:00,linuxpc,16,4427,True,31.26,0.154297,50000,ByteCask/ReadAndWriteLoad/Sync/BoundedStaleness/real_time/threads:8_median,aggregate,median,3,1490.9749587131146,1479.2492526220858,5365616.607608845,,11140.0,18820.0
bd497cd,2026-04-07T12:23:52+01:00,linuxpc,16,4427,True,31.26,0.154297,50000,ByteCask/ReadAndWriteLoad/Sync/BoundedStaleness/real_time/threads:8_stddev,aggregate,stddev,3,82.01681252522359,83.47722902329866,275946.07274503156,,627.2567257510956,4003.540974354253
bd497cd,2026-04-07T12:23:52+01:00,linuxpc,16,4427,True,31.26,0.154297,50000,ByteCask/ReadAndWriteLoad/Sync/BoundedStaleness/real_time/threads:8_cv,aggregate,cv,3,0.053839103762298335,0.05536382079239843,0.05244705227939564,,0.05516284634166701,0.19082351603982714
bd497cd,2026-04-07T12:23:52+01:00,linuxpc,16,4427,True,31.26,0.154297,50000,ByteCask/ReadAndWriteLoad/Sync/BoundedStaleness/real_time/threads:16,iteration,,349952,1997.536176298339,1826.714875182888,8009867.450636021,,28420.0,42570.0
bd497cd,2026-04-07T12:23:52+01:00,linuxpc,16,4427,True,31.26,0.154297,50000,ByteCask/ReadAndWriteLoad/Sync/BoundedStaleness/real_time/threads:16,iteration,,349952,1945.712297451602,1644.511330125274,8223209.577775713,,25060.0,44701.0
bd497cd,2026-04-07T12:23:52+01:00,linuxpc,16,4427,True,31.26,0.154297,50000,ByteCask/ReadAndWriteLoad/Sync/BoundedStaleness/real_time/threads:16,iteration,,349952,2009.1855196899176,1929.6040771305861,7963425.897310528,,30022.0,44001.0
bd497cd,2026-04-07T12:23:52+01:00,linuxpc,16,4427,True,31.26,0.154297,50000,ByteCask/ReadAndWriteLoad/Sync/BoundedStaleness/real_time/threads:16_mean,aggregate,mean,3,1984.1446644799526,1800.2767608129159,8065500.975240754,,27834.0,43757.33333333333
bd497cd,2026-04-07T12:23:52+01:00,linuxpc,16,4427,True,31.26,0.154297,50000,ByteCask/ReadAndWriteLoad/Sync/BoundedStaleness/real_time/threads:16_median,aggregate,median,3,1997.5361762983387,1826.714875182888,8009867.450636021,,28420.0,44001.0
bd497cd,2026-04-07T12:23:52+01:00,linuxpc,16,4427,True,31.26,0.154297,50000,ByteCask/ReadAndWriteLoad/Sync/BoundedStaleness/real_time/threads:16_stddev,aggregate,stddev,3,33.78922797158027,144.37347061471544,138539.5501434913,,2532.3720105861225,1086.1953476856588
bd497cd,2026-04-07T12:23:52+01:00,linuxpc,16,4427,True,31.26,0.154297,50000,ByteCask/ReadAndWriteLoad/Sync/BoundedStaleness/real_time/threads:16_cv,aggregate,cv,3,0.017029619148479013,0.08019515318829286,0.017176806570202655,,0.09098124633851126,0.024823161398142612
bd497cd,2026-04-07T12:23:52+01:00,linuxpc,16,4427,True,31.26,0.154297,50000,RocksDB/ReadAndWriteLoad/Sync/real_time/threads:2,iteration,,1058464,675.4493237201631,671.2124247966873,2960991.9349458036,,1220.0,2300.0
bd497cd,2026-04-07T12:23:52+01:00,linuxpc,16,4427,True,31.26,0.154297,50000,RocksDB/ReadAndWriteLoad/Sync/real_time/threads:2,iteration,,1058464,651.3855275126892,648.5624650436844,3070378.317487318,,1200.0,2010.0
bd497cd,2026-04-07T12:23:52+01:00,linuxpc,16,4427,True,31.26,0.154297,50000,RocksDB/ReadAndWriteLoad/Sync/real_time/threads:2,iteration,,1058464,662.8999248358872,657.6024342821278,3017046.6537541635,,1210.0,2100.0
bd497cd,2026-04-07T12:23:52+01:00,linuxpc,16,4427,True,31.26,0.154297,50000,RocksDB/ReadAndWriteLoad/Sync/real_time/threads:2_mean,aggregate,mean,3,663.2449253562464,659.1257747074998,3016138.9687290946,,1210.0,2136.6666666666665
bd497cd,2026-04-07T12:23:52+01:00,linuxpc,16,4427,True,31.26,0.154297,50000,RocksDB/ReadAndWriteLoad/Sync/real_time/threads:2_median,aggregate,median,3,662.8999248358872,657.6024342821278,3017046.6537541635,,1210.0,2100.0
bd497cd,2026-04-07T12:23:52+01:00,linuxpc,16,4427,True,31.26,0.154297,50000,RocksDB/ReadAndWriteLoad/Sync/real_time/threads:2_stddev,aggregate,stddev,3,12.035607213516153,11.401561022157393,54698.839937058634,,9.999999999988358,148.43629385474932
bd497cd,2026-04-07T12:23:52+01:00,linuxpc,16,4427,True,31.26,0.154297,50000,RocksDB/ReadAndWriteLoad/Sync/real_time/threads:2_cv,aggregate,cv,3,0.018146550020042007,0.017298005114755318,0.01813538451118086,,0.008264462809907733,0.0694709643625972
bd497cd,2026-04-07T12:23:52+01:00,linuxpc,16,4427,True,31.26,0.154297,50000,RocksDB/ReadAndWriteLoad/Sync/real_time/threads:4,iteration,,942700,798.1676334049702,749.8313270393534,5011478.582432697,,2720.0,5380.0
bd497cd,2026-04-07T12:23:52+01:00,linuxpc,16,4427,True,31.26,0.154297,50000,RocksDB/ReadAndWriteLoad/Sync/real_time/threads:4,iteration,,942700,716.9547034623134,712.9563477246198,5579153.02135996,,2641.0,4500.0
bd497cd,2026-04-07T12:23:52+01:00,linuxpc,16,4427,True,31.26,0.154297,50000,RocksDB/ReadAndWriteLoad/Sync/real_time/threads:4,iteration,,942700,780.6321301213883,764.9295003712764,5124052.477032939,,2740.0,5780.0
bd497cd,2026-04-07T12:23:52+01:00,linuxpc,16,4427,True,31.26,0.154297,50000,RocksDB/ReadAndWriteLoad/Sync/real_time/threads:4_mean,aggregate,mean,3,765.2514889962239,742.5723917117498,5238228.026941865,,2700.333333333333,5220.0
bd497cd,2026-04-07T12:23:52+01:00,linuxpc,16,4427,True,31.26,0.154297,50000,RocksDB/ReadAndWriteLoad/Sync/real_time/threads:4_median,aggregate,median,3,780.6321301213884,749.8313270393534,5124052.477032939,,2720.0,5380.0
bd497cd,2026-04-07T12:23:52+01:00,linuxpc,16,4427,True,31.26,0.154297,50000,RocksDB/ReadAndWriteLoad/Sync/real_time/threads:4_stddev,aggregate,stddev,3,42.735326002425296,26.736141374104253,300567.14607655554,,52.34819321940618,654.8282217497931
bd497cd,2026-04-07T12:23:52+01:00,linuxpc,16,4427,True,31.26,0.154297,50000,RocksDB/ReadAndWriteLoad/Sync/real_time/threads:4_cv,aggregate,cv,3,0.05584481260987938,0.0360047608455697,0.057379546008811295,,0.01938582639899007,0.12544601949229753
bd497cd,2026-04-07T12:23:52+01:00,linuxpc,16,4427,True,31.26,0.154297,50000,RocksDB/ReadAndWriteLoad/Sync/real_time/threads:8,iteration,,842960,753.8974233867415,744.2623742526362,10611523.201739453,,5401.0,10130.0
bd497cd,2026-04-07T12:23:52+01:00,linuxpc,16,4427,True,31.26,0.154297,50000,RocksDB/ReadAndWriteLoad/Sync/real_time/threads:8,iteration,,842960,735.0494556169062,730.6174077061753,10883621.420120401,,5340.0,9770.0
bd497cd,2026-04-07T12:23:52+01:00,linuxpc,16,4427,True,31.26,0.154297,50000,RocksDB/ReadAndWriteLoad/Sync/real_time/threads:8,iteration,,842960,747.8388832541364,743.1114453829356,10697491.370318837,,5430.0,10020.0
bd497cd,2026-04-07T12:23:52+01:00,linuxpc,16,4427,True,31.26,0.154297,50000,RocksDB/ReadAndWriteLoad/Sync/real_time/threads:8_mean,aggregate,mean,3,745.5952540859279,739.3304091139154,10730878.664059564,,5390.333333333333,9973.333333333332
bd497cd,2026-04-07T12:23:52+01:00,linuxpc,16,4427,True,31.26,0.154297,50000,RocksDB/ReadAndWriteLoad/Sync/real_time/threads:8_median,aggregate,median,3,747.8388832541362,743.1114453829356,10697491.370318837,,5401.0,10020.0
bd497cd,2026-04-07T12:23:52+01:00,linuxpc,16,4427,True,31.26,0.154297,50000,RocksDB/ReadAndWriteLoad/Sync/real_time/threads:8_stddev,aggregate,stddev,3,9.622207446668805,7.567592382299069,139087.71926024102,,45.938364504384346,184.48125469371033
bd497cd,2026-04-07T12:23:52+01:00,linuxpc,16,4427,True,31.26,0.154297,50000,RocksDB/ReadAndWriteLoad/Sync/real_time/threads:8_cv,aggregate,cv,3,0.012905403292118957,0.010235738025937278,0.012961447390704461,,0.008522360615493973,0.018497452008059193
bd497cd,2026-04-07T12:23:52+01:00,linuxpc,16,4427,True,31.26,0.154297,50000,RocksDB/ReadAndWriteLoad/Sync/real_time/threads:16,iteration,,531232,1478.8311319159507,993.4167595325582,10819355.67536413,,14810.0,26341.0
bd497cd,2026-04-07T12:23:52+01:00,linuxpc,16,4427,True,31.26,0.154297,50000,RocksDB/ReadAndWriteLoad/Sync/real_time/threads:16,iteration,,531232,1086.8137590288825,925.2415272423361,14721933.603690045,,13610.0,25810.0
bd497cd,2026-04-07T12:23:52+01:00,linuxpc,16,4427,True,31.26,0.154297,50000,RocksDB/ReadAndWriteLoad/Sync/real_time/threads:16,iteration,,531232,1077.3779064862729,983.6332111017404,14850870.714605525,,14770.0,25750.0
bd497cd,2026-04-07T12:23:52+01:00,linuxpc,16,4427,True,31.26,0.154297,50000,RocksDB/ReadAndWriteLoad/Sync/real_time/threads:16_mean,aggregate,mean,3,1214.3409324770353,967.4304992922116,13464053.331219899,,14396.666666666666,25967.0
bd497cd,2026-04-07T12:23:52+01:00,linuxpc,16,4427,True,31.26,0.154297,50000,RocksDB/ReadAndWriteLoad/Sync/real_time/threads:16_median,aggregate,median,3,1086.8137590288825,983.6332111017404,14721933.603690045,,14770.0,25810.0
bd497cd,2026-04-07T12:23:52+01:00,linuxpc,16,4427,True,31.26,0.154297,50000,RocksDB/ReadAndWriteLoad/Sync/real_time/threads:16_stddev,aggregate,stddev,3,229.10381495673406,36.86273832670535,2291282.493017731,,681.566822353717,325.27987948841843
bd497cd,2026-04-07T12:23:52+01:00,linuxpc,16,4427,True,31.26,0.154297,50000,RocksDB/ReadAndWriteLoad/Sync/real_time/threads:16_cv,aggregate,cv,3,0.18866515064217085,0.03810375872341708,0.1701777642030575,,0.047341988123666384,0.012526663822868196
bd497cd,2026-04-07T12:23:52+01:00,linuxpc,16,4427,True,31.26,0.154297,50000,ByteCask/PutMT/Sync/real_time/threads:2,iteration,,156,4002509.211437801,246795.97435898634,499.6865452013664,,7907420.0,11386073.0
bd497cd,2026-04-07T12:23:52+01:00,linuxpc,16,4427,True,31.26,0.154297,50000,ByteCask/PutMT/Sync/real_time/threads:2,iteration,,156,4021243.2306874786,228065.10897436604,497.3586240039692,,7969470.0,10354351.0
bd497cd,2026-04-07T12:23:52+01:00,linuxpc,16,4427,True,31.26,0.154297,50000,ByteCask/PutMT/Sync/real_time/threads:2,iteration,,156,4130012.166943067,222138.95512820972,484.2600745848046,,7882520.0,19682529.0
bd497cd,2026-04-07T12:23:52+01:00,linuxpc,16,4427,True,31.26,0.154297,50000,ByteCask/PutMT/Sync/real_time/threads:2_mean,aggregate,mean,3,4051254.869689449,232333.34615385404,493.76841459671346,,7919803.333333333,13807651.0
bd497cd,2026-04-07T12:23:52+01:00,linuxpc,16,4427,True,31.26,0.154297,50000,ByteCask/PutMT/Sync/real_time/threads:2_median,aggregate,median,3,4021243.2306874786,228065.10897436607,497.3586240039692,,7907420.0,11386073.0
bd497cd,2026-04-07T12:23:52+01:00,linuxpc,16,4427,True,31.26,0.154297,50000,ByteCask/PutMT/Sync/real_time/threads:2_stddev,aggregate,stddev,3,68846.02219687813,12870.723981269262,8.316321399021088,,44778.18479277535,5113878.783026049
bd497cd,2026-04-07T12:23:52+01:00,linuxpc,16,4427,True,31.26,0.154297,50000,ByteCask/PutMT/Sync/real_time/threads:2_cv,aggregate,cv,3,0.016993752407918873,0.055397661137915645,0.016842554430731387,,0.005653951608155508,0.3703655881095234
bd497cd,2026-04-07T12:23:52+01:00,linuxpc,16,4427,True,31.26,0.154297,50000,ByteCask/PutMT/Sync/real_time/threads:4,iteration,,128,4926413.874272839,171299.6562500116,811.9496457431559,,16070445.0,46362276.0
bd497cd,2026-04-07T12:23:52+01:00,linuxpc,16,4427,True,31.26,0.154297,50000,ByteCask/PutMT/Sync/real_time/threads:4,iteration,,128,5067318.695637369,135079.17187500306,789.372099971478,,15907411.0,50409388.0
bd497cd,2026-04-07T12:23:52+01:00,linuxpc,16,4427,True,31.26,0.154297,50000,ByteCask/PutMT/Sync/real_time/threads:4,iteration,,128,4290486.375339242,152981.92968751112,932.2952341699784,,16755004.0,17775304.0
bd497cd,2026-04-07T12:23:52+01:00,linuxpc,16,4427,True,31.26,0.154297,50000,ByteCask/PutMT/Sync/real_time/threads:4_mean,aggregate,mean,3,4761406.31508315,153120.25260417524,844.5389932948707,,16244286.666666666,38182322.666666664
bd497cd,2026-04-07T12:23:52+01:00,linuxpc,16,4427,True,31.26,0.154297,50000,ByteCask/PutMT/Sync/real_time/threads:4_median,aggregate,median,3,4926413.874272839,152981.92968751112,811.9496457431559,,16070445.0,46362276.0
bd497cd,2026-04-07T12:23:52+01:00,linuxpc,16,4427,True,31.26,0.154297,50000,ByteCask/PutMT/Sync/real_time/threads:4_stddev,aggregate,stddev,3,413869.2237981009,18110.638365668132,76.83296657467753,,449743.4459937444,17788467.810112182
bd497cd,2026-04-07T12:23:52+01:00,linuxpc,16,4427,True,31.26,0.154297,50000,ByteCask/PutMT/Sync/real_time/threads:4_cv,aggregate,cv,3,0.08692163541831095,0.11827722366998167,0.09097622156547519,,0.027686253956390683,0.4658822870836402
bd497cd,2026-04-07T12:23:52+01:00,linuxpc,16,4427,True,31.26,0.154297,50000,ByteCask/PutMT/Sync/real_time/threads:8,iteration,,96,6044160.582556893,93262.93750001847,1323.5915708605671,,33842386.0,91984003.0
bd497cd,2026-04-07T12:23:52+01:00,linuxpc,16,4427,True,31.26,0.154297,50000,ByteCask/PutMT/Sync/real_time/threads:8,iteration,,96,6084092.270612019,144811.20833332,1314.9044498622068,,36244380.0,92769217.0
bd497cd,2026-04-07T12:23:52+01:00,linuxpc,16,4427,True,31.26,0.154297,50000,ByteCask/PutMT/Sync/real_time/threads:8,iteration,,96,4961505.844524558,104702.62500001879,1612.4137007373838,,35137336.0,37125851.0
bd497cd,2026-04-07T12:23:52+01:00,linuxpc,16,4427,True,31.26,0.154297,50000,ByteCask/PutMT/Sync/real_time/threads:8_mean,aggregate,mean,3,5696586.232564489,114258.92361111908,1416.969907153386,,35074700.666666664,73959690.33333333
bd497cd,2026-04-07T12:23:52+01:00,linuxpc,16,4427,True,31.26,0.154297,50000,ByteCask/PutMT/Sync/real_time/threads:8_median,aggregate,median,3,6044160.582556893,104702.62500001879,1323.5915708605671,,35137336.0,91984003.0
bd497cd,2026-04-07T12:23:52+01:00,linuxpc,16,4427,True,31.26,0.154297,50000,ByteCask/PutMT/Sync/real_time/threads:8_stddev,aggregate,stddev,3,636911.3106143042,27070.245452050116,169.31501367477162,,1202221.3534725,31901456.554236062
bd497cd,2026-04-07T12:23:52+01:00,linuxpc,16,4427,True,31.26,0.154297,50000,ByteCask/PutMT/Sync/real_time/threads:8_cv,aggregate,cv,3,0.1118057876440816,0.23692018615704674,0.11949090296131701,,0.034276026042184715,0.4313357236956711
bd497cd,2026-04-07T12:23:52+01:00,linuxpc,16,4427,True,31.26,0.154297,50000,ByteCask/PutMT/Sync/real_time/threads:16,iteration,,64,11491223.516713943,75926.89062500405,1392.3669639467073,,177061442.0,192415980.0
bd497cd,2026-04-07T12:23:52+01:00,linuxpc,16,4427,True,31.26,0.154297,50000,ByteCask/PutMT/Sync/real_time/threads:16,iteration,,64,9669206.689068232,75161.7187500011,1654.7376133855125,,66422618.0,188303805.0
bd497cd,2026-04-07T12:23:52+01:00,linuxpc,16,4427,True,31.26,0.154297,50000,ByteCask/PutMT/Sync/real_time/threads:16,iteration,,64,7846650.920328102,74371.10937501639,2039.086504861487,,65660853.0,175279839.0
bd497cd,2026-04-07T12:23:52+01:00,linuxpc,16,4427,True,31.26,0.154297,50000,ByteCask/PutMT/Sync/real_time/threads:16_mean,aggregate,mean,3,9669027.042036759,75153.2395833405,1695.3970273979023,,103048304.33333333,185333208.0
bd497cd,2026-04-07T12:23:52+01:00,linuxpc,16,4427,True,31.26,0.154297,50000,ByteCask/PutMT/Sync/real_time/threads:16_median,aggregate,median,3,9669206.689068234,75161.7187500011,1654.7376133855125,,66422618.0,188303805.0
bd497cd,2026-04-07T12:23:52+01:00,linuxpc,16,4427,True,31.26,0.154297,50000,ByteCask/PutMT/Sync/real_time/threads:16_stddev,aggregate,stddev,3,1822286.3048342457,777.9252834654536,325.2713207633399,,64098389.074356,8945958.137353428
bd497cd,2026-04-07T12:23:52+01:00,linuxpc,16,4427,True,31.26,0.154297,50000,ByteCask/PutMT/Sync/real_time/threads:16_cv,aggregate,cv,3,0.18846635725722255,0.010351187623825324,0.19185554504750238,,0.6220227444695751,0.0482695909378174
bd497cd,2026-04-07T12:23:52+01:00,linuxpc,16,4427,True,31.26,0.154297,50000,RocksDB/PutMT/Sync/real_time/threads:2,iteration,,226,2670542.761195138,222544.84513274106,748.9114306879503,,4228684.0,8704000.0
bd497cd,2026-04-07T12:23:52+01:00,linuxpc,16,4427,True,31.26,0.154297,50000,RocksDB/PutMT/Sync/real_time/threads:2,iteration,,226,2897200.628185842,182040.2212389395,690.3215402284211,,4125552.0,11950911.0
bd497cd,2026-04-07T12:23:52+01:00,linuxpc,16,4427,True,31.26,0.154297,50000,RocksDB/PutMT/Sync/real_time/threads:2,iteration,,226,2642859.5754993763,193822.56637168696,756.7560601936611,,4054851.0,9680973.0
bd497cd,2026-04-07T12:23:52+01:00,linuxpc,16,4427,True,31.26,0.154297,50000,RocksDB/PutMT/Sync/real_time/threads:2_mean,aggregate,mean,3,2736867.654960119,199469.21091445582,731.9963437033441,,4136362.333333333,10111961.333333332
bd497cd,2026-04-07T12:23:52+01:00,linuxpc,16,4427,True,31.26,0.154297,50000,RocksDB/PutMT/Sync/real_time/threads:2_median,aggregate,median,3,2670542.7611951376,193822.5663716869,748.9114306879503,,4125552.0,9680973.0
bd497cd,2026-04-07T12:23:52+01:00,linuxpc,16,4427,True,31.26,0.154297,50000,RocksDB/PutMT/Sync/real_time/threads:2_stddev,aggregate,stddev,3,139540.6264143809,20834.336685838334,36.30394588093487,,87419.25103965923,1665809.403287891
bd497cd,2026-04-07T12:23:52+01:00,linuxpc,16,4427,True,31.26,0.154297,50000,RocksDB/PutMT/Sync/real_time/threads:2_cv,aggregate,cv,3,0.050985522139328394,0.10444888507015415,0.04959580221024677,,0.02113433108487173,0.16473652819425583
bd497cd,2026-04-07T12:23:52+01:00,linuxpc,16,4427,True,31.26,0.154297,50000,RocksDB/PutMT/Sync/real_time/threads:4,iteration,,264,4232860.461784047,133440.29924242536,944.9874466955847,,11354924.0,83456356.0
bd497cd,2026-04-07T12:23:52+01:00,linuxpc,16,4427,True,31.26,0.154297,50000,RocksDB/PutMT/Sync/real_time/threads:4,iteration,,264,3587366.034370268,138713.03787878755,1115.024216005927,,10229020.0,83220663.0
bd497cd,2026-04-07T12:23:52+01:00,linuxpc,16,4427,True,31.26,0.154297,50000,RocksDB/PutMT/Sync/real_time/threads:4,iteration,,264,3631712.6855878583,116564.64772727905,1101.4087143715026,,8573598.0,88306828.0
bd497cd,2026-04-07T12:23:52+01:00,linuxpc,16,4427,True,31.26,0.154297,50000,RocksDB/PutMT/Sync/real_time/threads:4_mean,aggregate,mean,3,3817313.060580725,129572.66161616401,1053.8067923576714,,10052514.0,84994615.66666666
bd497cd,2026-04-07T12:23:52+01:00,linuxpc,16,4427,True,31.26,0.154297,50000,RocksDB/PutMT/Sync/real_time/threads:4_median,aggregate,median,3,3631712.6855878583,133440.2992424254,1101.4087143715026,,10229020.0,83456356.0
bd497cd,2026-04-07T12:23:52+01:00,linuxpc,16,4427,True,31.26,0.154297,50000,RocksDB/PutMT/Sync/real_time/threads:4_stddev,aggregate,stddev,3,360557.0528414038,11569.648317123285,94.48588764430788,,1399038.7255526504,2870879.7786354623
bd497cd,2026-04-07T12:23:52+01:00,linuxpc,16,4427,True,31.26,0.154297,50000,RocksDB/PutMT/Sync/real_time/threads:4_cv,aggregate,cv,3,0.0944531001569341,0.08929081314541733,0.08966149044543123,,0.13917301936139062,0.033777195839022646
bd497cd,2026-04-07T12:23:52+01:00,linuxpc,16,4427,True,31.26,0.154297,50000,RocksDB/PutMT/Sync/real_time/threads:8,iteration,,240,4710231.553811657,108547.6458333379,1698.4303019086535,,34149730.0,89942280.0
bd497cd,2026-04-07T12:23:52+01:00,linuxpc,16,4427,True,31.26,0.154297,50000,RocksDB/PutMT/Sync/real_time/threads:8,iteration,,240,3648813.958473814,95879.8833333288,2192.4932569996395,,33261832.0,37459635.0
bd497cd,2026-04-07T12:23:52+01:00,linuxpc,16,4427,True,31.26,0.154297,50000,RocksDB/PutMT/Sync/real_time/threads:8,iteration,,240,3578677.1251878235,96373.4041666655,2235.462915526398,,32812946.0,36584073.0
bd497cd,2026-04-07T12:23:52+01:00,linuxpc,16,4427,True,31.26,0.154297,50000,RocksDB/PutMT/Sync/real_time/threads:8_mean,aggregate,mean,3,3979240.879157765,100266.97777777741,2042.1288248115634,,33408169.333333332,54661996.0
bd497cd,2026-04-07T12:23:52+01:00,linuxpc,16,4427,True,31.26,0.154297,50000,RocksDB/PutMT/Sync/real_time/threads:8_median,aggregate,median,3,3648813.9584738147,96373.40416666551,2192.4932569996395,,33261832.0,37459635.0
bd497cd,2026-04-07T12:23:52+01:00,linuxpc,16,4427,True,31.26,0.154297,50000,RocksDB/PutMT/Sync/real_time/threads:8_stddev,aggregate,stddev,3,634027.0646187443,7175.513102769767,298.4260442265517,,680300.5416794661,30556758.361194853
bd497cd,2026-04-07T12:23:52+01:00,linuxpc,16,4427,True,31.26,0.154297,50000,RocksDB/PutMT/Sync/real_time/threads:8_cv,aggregate,cv,3,0.1593336728971634,0.07156407086162427,0.14613477886444742,,0.020363299015031318,0.5590128534859
bd497cd,2026-04-07T12:23:52+01:00,linuxpc,16,4427,True,31.26,0.154297,50000,RocksDB/PutMT/Sync/real_time/threads:16,iteration,,64,16278581.611004483,79370.87499999814,982.8866164349258,,278732568.0,289333433.0
bd497cd,2026-04-07T12:23:52+01:00,linuxpc,16,4427,True,31.26,0.154297,50000,RocksDB/PutMT/Sync/real_time/threads:16,iteration,,64,15125369.095585484,113770.46874996119,1057.825425540841,,187226128.0,299771755.0
bd497cd,2026-04-07T12:23:52+01:00,linuxpc,16,4427,True,31.26,0.154297,50000,RocksDB/PutMT/Sync/real_time/threads:16,iteration,,64,6575246.563443216,131253.03125000861,2433.368824365635,,85262740.0,97521887.0
bd497cd,2026-04-07T12:23:52+01:00,linuxpc,16,4427,True,31.26,0.154297,50000,RocksDB/PutMT/Sync/real_time/threads:16_mean,aggregate,mean,3,12659732.423344394,108131.45833332265,1491.3602887804673,,183740478.66666666,228875691.66666666
bd497cd,2026-04-07T12:23:52+01:00,linuxpc,16,4427,True,31.26,0.154297,50000,RocksDB/PutMT/Sync/real_time/threads:16_median,aggregate,median,3,15125369.095585482,113770.46874996119,1057.825425540841,,187226128.0,289333433.0
bd497cd,2026-04-07T12:23:52+01:00,linuxpc,16,4427,True,31.26,0.154297,50000,RocksDB/PutMT/Sync/real_time/threads:16_stddev,aggregate,stddev,3,5300773.614382413,26396.74910186572,816.6633438045552,,96782001.94273533,113875397.4388259
bd497cd,2026-04-07T12:23:52+01:00,linuxpc,16,4427,True,31.26,0.154297,50000,RocksDB/PutMT/Sync/real_time/threads:16_cv,aggregate,cv,3,0.41871134690081213,0.24411720241944704,0.5475962783428857,,0.5267320660370799,0.4975425594985134
07e94d8,2026-04-09T11:41:58+01:00,linuxpc,16,4427,True,31.26,0.00488281,1000000,ByteCaskDB/Put/NoSync/real_time,iteration,,125218,5630.526306213641,5601.03926751745,177603.2906366918,,5020.0,11370.0
07e94d8,2026-04-09T11:41:58+01:00,linuxpc,16,4427,True,31.26,0.00488281,1000000,ByteCaskDB/Put/Sync/real_time,iteration,,405,1780720.1679255583,134359.5456790129,561.5705476986568,,1711302.0,4731051.0
07e94d8,2026-04-09T11:41:58+01:00,linuxpc,16,4427,True,31.26,0.00488281,1000000,ByteCaskDB/Del/Sync/real_time,iteration,,380,1513400.0184173745,151152.6947368435,660.7638349613222,,1992016.0,2306419.0
07e94d8,2026-04-09T11:41:58+01:00,linuxpc,16,4427,True,31.26,0.00488281,1000000,ByteCaskDB/Get/real_time,iteration,,959642,728.3368964800817,725.0205951802859,1372990.9947344642,,680.0,1040.0
07e94d8,2026-04-09T11:41:58+01:00,linuxpc,16,4427,True,31.26,0.00488281,1000000,ByteCaskDB/Range50/real_time,iteration,,21086,32807.12482105153,32684.98918713827,,30481.183750620057,32520.0,37291.0
07e94d8,2026-04-09T11:41:58+01:00,linuxpc,16,4427,True,31.26,0.00488281,1000000,ByteCaskDB/MixedBatch/Sync/real_time,iteration,,253,2870599.1067916243,911169.9486166042,34835.933643052915,,2823516.0,3143940.0
07e94d8,2026-04-09T11:41:58+01:00,linuxpc,16,4427,True,31.26,0.00488281,1000000,RocksDB/Put/NoSync/real_time,iteration,,120354,5810.014615402127,5781.627390863628,172116.6066173118,,5240.0,11330.0
07e94d8,2026-04-09T11:41:58+01:00,linuxpc,16,4427,True,31.26,0.00488281,1000000,RocksDB/Put/Sync/real_time,iteration,,322,2092559.8913190528,263692.9347826067,477.88357415645885,,2048376.0,2450442.0
07e94d8,2026-04-09T11:41:58+01:00,linuxpc,16,4427,True,31.26,0.00488281,1000000,RocksDB/Del/Sync/real_time,iteration,,200,2829361.6449809633,195360.74499999502,353.43661414719156,,1893204.0,23417608.0
07e94d8,2026-04-09T11:41:58+01:00,linuxpc,16,4427,True,31.26,0.00488281,1000000,RocksDB/Get/real_time,iteration,,406418,1616.228314218378,1607.3774291493053,618724.4655985429,,1420.0,3850.0
07e94d8,2026-04-09T11:41:58+01:00,linuxpc,16,4427,True,31.26,0.00488281,1000000,RocksDB/Range50/real_time,iteration,,57479,12024.623357631843,11939.803354268473,,83162.68794941634,11450.0,18161.0
07e94d8,2026-04-09T11:41:58+01:00,linuxpc,16,4427,True,31.26,0.00488281,1000000,RocksDB/MixedBatch/Sync/real_time,iteration,,200,3341914.580087178,446133.3100000075,29922.967090736172,,2308509.0,31319988.0
07e94d8,2026-04-09T11:41:58+01:00,linuxpc,16,4427,True,31.26,0.00488281,1000000,ByteCaskDB/Recovery/threads:1/real_time,iteration,,3,224958893.0280879,222128015.00000033,,,,
07e94d8,2026-04-09T11:41:58+01:00,linuxpc,16,4427,True,31.26,0.00488281,1000000,ByteCaskDB/Recovery/threads:2/real_time,iteration,,4,133636854.99643907,24033541.75000416,,,,
07e94d8,2026-04-09T11:41:58+01:00,linuxpc,16,4427,True,31.26,0.00488281,1000000,ByteCaskDB/Recovery/threads:4/real_time,iteration,,8,85608154.38249847,27534787.37499826,,,,
07e94d8,2026-04-09T11:41:58+01:00,linuxpc,16,4427,True,31.26,0.00488281,1000000,ByteCaskDB/Recovery/threads:8/real_time,iteration,,11,62294462.73275905,28911185.545454223,,,,
07e94d8,2026-04-09T11:41:58+01:00,linuxpc,16,4427,True,31.26,0.00488281,1000000,ByteCaskDB/Recovery/threads:16/real_time,iteration,,10,55757694.31889057,30959460.599999033,,,,
07e94d8,2026-04-09T11:41:58+01:00,linuxpc,16,4427,True,31.26,0.00488281,1000000,ByteCaskDB/GetMT/real_time/threads:2,iteration,,881944,770.0921759238993,766.7787501247175,2597091.702172599,,1410.0,2150.0
07e94d8,2026-04-09T11:41:58+01:00,linuxpc,16,4427,True,31.26,0.00488281,1000000,ByteCaskDB/GetMT/real_time/threads:4,iteration,,709912,966.0904562246607,961.7864608571307,4140399.0425818004,,3520.0,5890.0
07e94d8,2026-04-09T11:41:58+01:00,linuxpc,16,4427,True,31.26,0.00488281,1000000,ByteCaskDB/GetMT/real_time/threads:8,iteration,,537760,1249.4432257461838,1243.6486536745083,6402851.954495408,,9420.0,15120.0
07e94d8,2026-04-09T11:41:58+01:00,linuxpc,16,4427,True,31.26,0.00488281,1000000,ByteCaskDB/GetMT/real_time/threads:16,iteration,,408032,1812.988936822265,1797.7448092306363,8825205.534924094,,27571.0,42642.0
07e94d8,2026-04-09T11:41:58+01:00,linuxpc,16,4427,True,31.26,0.00488281,1000000,ByteCaskDB/GetMT/real_time/threads:32,iteration,,320000,2514.9082895950414,1749.4996687499922,12724122.041505037,,53704.0,83372.0
07e94d8,2026-04-09T11:41:58+01:00,linuxpc,16,4427,True,31.26,0.00488281,1000000,RocksDB/GetMT/real_time/threads:2,iteration,,344820,1780.0308307475611,1743.5506554144195,1123576.0445565195,,3080.0,8540.0
07e94d8,2026-04-09T11:41:58+01:00,linuxpc,16,4427,True,31.26,0.00488281,1000000,RocksDB/GetMT/real_time/threads:4,iteration,,419180,1815.125902893299,1793.1223722505622,2203703.882812771,,6340.0,19931.0
07e94d8,2026-04-09T11:41:58+01:00,linuxpc,16,4427,True,31.26,0.00488281,1000000,RocksDB/GetMT/real_time/threads:8,iteration,,420176,1733.2290706453234,1718.060431819055,4615662.254627084,,12040.0,37061.0
07e94d8,2026-04-09T11:41:58+01:00,linuxpc,16,4427,True,31.26,0.00488281,1000000,RocksDB/GetMT/real_time/threads:16,iteration,,277872,2378.1269898363644,2259.7814317383663,6727983.858044913,,35180.0,73880.0
07e94d8,2026-04-09T11:41:58+01:00,linuxpc,16,4427,True,31.26,0.00488281,1000000,RocksDB/GetMT/real_time/threads:32,iteration,,184320,3763.0030217567564,2175.230967881897,8503846.479788585,,67803.0,96442.0
07e94d8,2026-04-09T11:41:58+01:00,linuxpc,16,4427,True,31.26,0.00488281,1000000,ByteCaskDB/ReadAndWriteLoad/Sync/real_time/threads:2,iteration,,893036,778.1981958198298,774.2356971051581,2570039.368817869,,1420.0,2210.0
07e94d8,2026-04-09T11:41:58+01:00,linuxpc,16,4427,True,31.26,0.00488281,1000000,ByteCaskDB/ReadAndWriteLoad/Sync/real_time/threads:4,iteration,,720628,957.7940421434952,924.1012866555252,4176263.1881152657,,3400.0,5560.0
07e94d8,2026-04-09T11:41:58+01:00,linuxpc,16,4427,True,31.26,0.00488281,1000000,ByteCaskDB/ReadAndWriteLoad/Sync/real_time/threads:8,iteration,,543656,1275.9563218388157,1261.3154090086284,6269807.095332997,,9491.0,15720.0
07e94d8,2026-04-09T11:41:58+01:00,linuxpc,16,4427,True,31.26,0.00488281,1000000,ByteCaskDB/ReadAndWriteLoad/Sync/real_time/threads:16,iteration,,409664,1850.3816423089545,1564.839619785982,8646864.85974579,,23731.0,38970.0
07e94d8,2026-04-09T11:41:58+01:00,linuxpc,16,4427,True,31.26,0.00488281,1000000,ByteCaskDB/ReadAndWriteLoad/Sync/real_time/threads:32,iteration,,417024,2499.8672448338407,1710.9250306936842,12800679.74254647,,52432.0,81391.0
07e94d8,2026-04-09T11:41:58+01:00,linuxpc,16,4427,True,31.26,0.00488281,1000000,ByteCaskDB/ReadAndWriteLoad/Sync/BoundedStaleness/real_time/threads:2,iteration,,922502,753.3830321722094,748.8018248198936,2654692.121527416,,1380.0,2070.0
07e94d8,2026-04-09T11:41:58+01:00,linuxpc,16,4427,True,31.26,0.00488281,1000000,ByteCaskDB/ReadAndWriteLoad/Sync/BoundedStaleness/real_time/threads:4,iteration,,739496,867.9010002734831,863.2205975420925,4608820.589836359,,3260.0,4810.0
07e94d8,2026-04-09T11:41:58+01:00,linuxpc,16,4427,True,31.26,0.00488281,1000000,ByteCaskDB/ReadAndWriteLoad/Sync/BoundedStaleness/real_time/threads:8,iteration,,568152,1265.180038193581,1254.1573381771123,6323210.735621761,,9410.0,15611.0
07e94d8,2026-04-09T11:41:58+01:00,linuxpc,16,4427,True,31.26,0.00488281,1000000,ByteCaskDB/ReadAndWriteLoad/Sync/BoundedStaleness/real_time/threads:16,iteration,,413136,1752.552505513446,1644.4508491150625,9129541.026397081,,25662.0,38570.0
07e94d8,2026-04-09T11:41:58+01:00,linuxpc,16,4427,True,31.26,0.00488281,1000000,ByteCaskDB/ReadAndWriteLoad/Sync/BoundedStaleness/real_time/threads:32,iteration,,407392,2539.018122038339,1645.1834793024761,12603297.20463366,,50701.0,77893.0
07e94d8,2026-04-09T11:41:58+01:00,linuxpc,16,4427,True,31.26,0.00488281,1000000,RocksDB/ReadAndWriteLoad/Sync/real_time/threads:2,iteration,,303024,1899.2052213476816,1887.2883302973012,1053072.0837955545,,3540.0,8710.0
07e94d8,2026-04-09T11:41:58+01:00,linuxpc,16,4427,True,31.26,0.00488281,1000000,RocksDB/ReadAndWriteLoad/Sync/real_time/threads:4,iteration,,430096,1870.3850512543875,1838.38757858711,2138597.075140956,,6630.0,18320.0
07e94d8,2026-04-09T11:41:58+01:00,linuxpc,16,4427,True,31.26,0.00488281,1000000,RocksDB/ReadAndWriteLoad/Sync/real_time/threads:8,iteration,,341752,1732.6650844824592,1715.7779442402878,4617164.662488464,,12070.0,36230.0
07e94d8,2026-04-09T11:41:58+01:00,linuxpc,16,4427,True,31.26,0.00488281,1000000,RocksDB/ReadAndWriteLoad/Sync/real_time/threads:16,iteration,,244384,2365.371067808248,2228.262873183222,6764266.384143099,,35032.0,78630.0
07e94d8,2026-04-09T11:41:58+01:00,linuxpc,16,4427,True,31.26,0.00488281,1000000,RocksDB/ReadAndWriteLoad/Sync/real_time/threads:32,iteration,,173504,3494.143028856094,2144.995129795301,9158182.63183007,,67190.0,101623.0
07e94d8,2026-04-09T11:41:58+01:00,linuxpc,16,4427,True,31.26,0.00488281,1000000,ByteCaskDB/PutMT/Sync/real_time/threads:2,iteration,,146,4490368.794219262,265811.732876705,445.3977148992144,,8196715.0,23290848.0
07e94d8,2026-04-09T11:41:58+01:00,linuxpc,16,4427,True,31.26,0.00488281,1000000,ByteCaskDB/PutMT/Sync/real_time/threads:4,iteration,,168,4548220.92260223,151531.13095239937,879.4647551358237,,16521832.0,18131512.0
07e94d8,2026-04-09T11:41:58+01:00,linuxpc,16,4427,True,31.26,0.00488281,1000000,ByteCaskDB/PutMT/Sync/real_time/threads:8,iteration,,72,8183208.820507086,100996.43055553532,977.611616112256,,54869146.0,97779585.0
07e94d8,2026-04-09T11:41:58+01:00,linuxpc,16,4427,True,31.26,0.00488281,1000000,ByteCaskDB/PutMT/Sync/real_time/threads:16,iteration,,64,14618167.749176791,77738.32812488664,1094.5284165931826,,181681732.0,303246879.0
07e94d8,2026-04-09T11:41:58+01:00,linuxpc,16,4427,True,31.26,0.00488281,1000000,RocksDB/PutMT/Sync/real_time/threads:2,iteration,,260,2483852.9961506044,224954.84999998528,805.2006310758065,,4424956.0,8961914.0
07e94d8,2026-04-09T11:41:58+01:00,linuxpc,16,4427,True,31.26,0.00488281,1000000,RocksDB/PutMT/Sync/real_time/threads:4,iteration,,264,3609607.1668329057,111199.24242424057,1108.1538281379321,,8546359.0,89348599.0
07e94d8,2026-04-09T11:41:58+01:00,linuxpc,16,4427,True,31.26,0.00488281,1000000,RocksDB/PutMT/Sync/real_time/threads:8,iteration,,208,3632335.7551457146,96764.44711542208,2202.439570369252,,28364513.0,43404564.0
07e94d8,2026-04-09T11:41:58+01:00,linuxpc,16,4427,True,31.26,0.00488281,1000000,RocksDB/PutMT/Sync/real_time/threads:16,iteration,,160,7511520.863408806,86107.44375002212,2130.0613139399625,,56000402.0,378971342.0
6f29e73,2026-04-15T15:25:21+01:00,linuxpc,16,4427,True,31.26,0.0844727,10000000,ByteCaskDB/Recovery/threads:1/real_time,iteration,,1,3433394297.026098,3411661894.9999804,,,,
6f29e73,2026-04-15T15:25:21+01:00,linuxpc,16,4427,True,31.26,0.0844727,10000000,ByteCaskDB/Recovery/threads:2/real_time,iteration,,1,3105389568.0233836,1443967127.9999971,,,,
6f29e73,2026-04-15T15:25:21+01:00,linuxpc,16,4427,True,31.26,0.0844727,10000000,ByteCaskDB/Recovery/threads:4/real_time,iteration,,1,1870051260.9211729,1018737134.0000055,,,,
6f29e73,2026-04-15T15:25:21+01:00,linuxpc,16,4427,True,31.26,0.0844727,10000000,ByteCaskDB/Recovery/threads:8/real_time,iteration,,1,1364248348.0507507,894920137.9999892,,,,
6f29e73,2026-04-15T15:25:21+01:00,linuxpc,16,4427,True,31.26,0.0844727,10000000,ByteCaskDB/Recovery/threads:16/real_time,iteration,,1,1269226965.0287926,896620034.999998,,,,
0c48349,2026-04-15T15:37:57+01:00,linuxpc,16,4427,True,31.26,0.272461,50000,ByteCaskDB/Put/NoSync/real_time,iteration,,114736,6202.649465079138,6171.61096778692,161221.42733197982,,5700.0,11840.0
0c48349,2026-04-15T15:37:57+01:00,linuxpc,16,4427,True,31.26,0.272461,50000,ByteCaskDB/Put/Sync/real_time,iteration,,412,1832171.7233121286,172952.4417475729,545.8003675508314,,1749482.0,2229858.0
0c48349,2026-04-15T15:37:57+01:00,linuxpc,16,4427,True,31.26,0.272461,50000,ByteCaskDB/Del/Sync/real_time,iteration,,370,1506723.5110453458,163311.4189189187,663.6917740177909,,2008215.0,2283098.0
0c48349,2026-04-15T15:37:57+01:00,linuxpc,16,4427,True,31.26,0.272461,50000,ByteCaskDB/Get/real_time,iteration,,793420,888.675615629384,884.1486287212322,1125269.9887481139,,820.0,1260.0
0c48349,2026-04-15T15:37:57+01:00,linuxpc,16,4427,True,31.26,0.272461,50000,ByteCaskDB/Range50/real_time,iteration,,17284,40238.43780524203,40072.31965980096,,24851.85942953595,40071.0,44730.0
0c48349,2026-04-15T15:37:57+01:00,linuxpc,16,4427,True,31.26,0.272461,50000,ByteCaskDB/MixedBatch/Sync/real_time,iteration,,249,2794974.192745056,888072.3212851416,35778.505669058075,,2764164.0,3066808.0
0c48349,2026-04-15T15:37:57+01:00,linuxpc,16,4427,True,31.26,0.272461,50000,RocksDB/Put/NoSync/real_time,iteration,,120175,6070.301875964951,6040.124734761805,164736.4530517747,,5560.0,11770.0
0c48349,2026-04-15T15:37:57+01:00,linuxpc,16,4427,True,31.26,0.272461,50000,RocksDB/Put/Sync/real_time,iteration,,322,2078258.4968017219,254391.4627329194,481.17209747436243,,2029165.0,2403730.0
0c48349,2026-04-15T15:37:57+01:00,linuxpc,16,4427,True,31.26,0.272461,50000,RocksDB/Del/Sync/real_time,iteration,,343,2101509.244678102,257499.79591836687,475.84848961879044,,2024055.0,3328001.0
0c48349,2026-04-15T15:37:57+01:00,linuxpc,16,4427,True,31.26,0.272461,50000,RocksDB/Get/real_time,iteration,,1024362,676.501986614593,672.7054420214727,1478192.2592781766,,630.0,1000.0
0c48349,2026-04-15T15:37:57+01:00,linuxpc,16,4427,True,31.26,0.272461,50000,RocksDB/Range50/real_time,iteration,,115831,5878.146428686349,5854.772979599598,,170121.65520746994,5810.0,6840.0
0c48349,2026-04-15T15:37:57+01:00,linuxpc,16,4427,True,31.26,0.272461,50000,RocksDB/MixedBatch/Sync/real_time,iteration,,286,2474299.82169655,541162.6538461592,40415.47395474212,,2402309.0,5344066.0
0c48349,2026-04-15T15:37:57+01:00,linuxpc,16,4427,True,31.26,0.272461,50000,ByteCaskDB/Recovery/threads:1/real_time,iteration,,54,14075765.69882049,11990307.12962969,,,,
0c48349,2026-04-15T15:37:57+01:00,linuxpc,16,4427,True,31.26,0.272461,50000,ByteCaskDB/Recovery/threads:2/real_time,iteration,,47,15518455.823110614,3050910.148936375,,,,
0c48349,2026-04-15T15:37:57+01:00,linuxpc,16,4427,True,31.26,0.272461,50000,ByteCaskDB/Recovery/threads:4/real_time,iteration,,45,16001729.395550987,3908439.288889001,,,,
0c48349,2026-04-15T15:37:57+01:00,linuxpc,16,4427,True,31.26,0.272461,50000,ByteCaskDB/Recovery/threads:8/real_time,iteration,,43,16667943.602146279,4908098.558139536,,,,
0c48349,2026-04-15T15:37:57+01:00,linuxpc,16,4427,True,31.26,0.272461,50000,ByteCaskDB/Recovery/threads:16/real_time,iteration,,41,17548628.724975195,5996084.024390236,,,,
0c48349,2026-04-15T15:37:57+01:00,linuxpc,16,4427,True,31.26,0.272461,50000,ByteCaskDB/GetMT/real_time/threads:2,iteration,,755394,923.5179852200077,917.8158470943623,2165631.890237139,,1670.0,2660.0
0c48349,2026-04-15T15:37:57+01:00,linuxpc,16,4427,True,31.26,0.272461,50000,ByteCaskDB/GetMT/real_time/threads:4,iteration,,747568,930.8446200540664,926.6386388930503,4297172.604132006,,3480.0,5090.0
0c48349,2026-04-15T15:37:57+01:00,linuxpc,16,4427,True,31.26,0.272461,50000,ByteCaskDB/GetMT/real_time/threads:8,iteration,,469672,1492.58500204672,1485.518772675399,5359828.746121615,,11410.0,17830.0
0c48349,2026-04-15T15:37:57+01:00,linuxpc,16,4427,True,31.26,0.272461,50000,ByteCaskDB/GetMT/real_time/threads:16,iteration,,343392,2153.952238426144,1955.3427977355311,7428205.563040212,,30560.0,47031.0
0c48349,2026-04-15T15:37:57+01:00,linuxpc,16,4427,True,31.26,0.272461,50000,ByteCaskDB/GetMT/real_time/threads:32,iteration,,320000,2797.438502602745,1410.8133093750014,11439036.093278587,,43120.0,66751.0
0c48349,2026-04-15T15:37:57+01:00,linuxpc,16,4427,True,31.26,0.272461,50000,RocksDB/GetMT/real_time/threads:2,iteration,,1038674,692.0419852209523,688.6509617069466,2889998.0676193344,,1290.0,2100.0
0c48349,2026-04-15T15:37:57+01:00,linuxpc,16,4427,True,31.26,0.272461,50000,RocksDB/GetMT/real_time/threads:4,iteration,,1036224,686.0461917810062,682.8128725063312,5830511.192862718,,2570.0,4160.0
0c48349,2026-04-15T15:37:57+01:00,linuxpc,16,4427,True,31.26,0.272461,50000,RocksDB/GetMT/real_time/threads:8,iteration,,763104,701.004232901707,690.5770484756978,11412199.27715007,,5140.0,8830.0
0c48349,2026-04-15T15:37:57+01:00,linuxpc,16,4427,True,31.26,0.272461,50000,RocksDB/GetMT/real_time/threads:16,iteration,,656800,1125.9126399309644,924.4760063946414,14210694.002850028,,14020.0,23250.0
0c48349,2026-04-15T15:37:57+01:00,linuxpc,16,4427,True,31.26,0.272461,50000,RocksDB/GetMT/real_time/threads:32,iteration,,320000,1577.6588661537971,942.2941187500024,20283218.816507127,,28571.0,45761.0
0c48349,2026-04-15T15:37:57+01:00,linuxpc,16,4427,True,31.26,0.272461,50000,ByteCaskDB/ReadAndWriteLoad/Sync/real_time/threads:2,iteration,,715738,892.0380460160235,887.702375729666,2242056.8370736,,1640.0,2620.0
0c48349,2026-04-15T15:37:57+01:00,linuxpc,16,4427,True,31.26,0.272461,50000,ByteCaskDB/ReadAndWriteLoad/Sync/real_time/threads:4,iteration,,550888,1039.1197539867323,1027.3791551095667,3849411.951465098,,3890.0,6240.0
0c48349,2026-04-15T15:37:57+01:00,linuxpc,16,4427,True,31.26,0.272461,50000,ByteCaskDB/ReadAndWriteLoad/Sync/real_time/threads:8,iteration,,486120,1551.2392867484057,1538.2569447872947,5157166.962144838,,11710.0,19360.0
0c48349,2026-04-15T15:37:57+01:00,linuxpc,16,4427,True,31.26,0.272461,50000,ByteCaskDB/ReadAndWriteLoad/Sync/real_time/threads:16,iteration,,359200,2085.2212299943335,1858.848663697105,7673046.758709377,,28970.0,49632.0
0c48349,2026-04-15T15:37:57+01:00,linuxpc,16,4427,True,31.26,0.272461,50000,ByteCaskDB/ReadAndWriteLoad/Sync/real_time/threads:32,iteration,,409728,2996.6479904971084,2077.491674964858,10678598.254275296,,63921.0,101420.0
0c48349,2026-04-15T15:37:57+01:00,linuxpc,16,4427,True,31.26,0.272461,50000,ByteCaskDB/ReadAndWriteLoad/Sync/BoundedStaleness/real_time/threads:2,iteration,,771484,839.6316461386327,835.1497218348012,2381996.92591122,,1540.0,2390.0
0c48349,2026-04-15T15:37:57+01:00,linuxpc,16,4427,True,31.26,0.272461,50000,ByteCaskDB/ReadAndWriteLoad/Sync/BoundedStaleness/real_time/threads:4,iteration,,639696,1015.8994837321482,1010.5592828468506,3937397.4138711537,,3750.0,6100.0
0c48349,2026-04-15T15:37:57+01:00,linuxpc,16,4427,True,31.26,0.272461,50000,ByteCaskDB/ReadAndWriteLoad/Sync/BoundedStaleness/real_time/threads:8,iteration,,507664,1534.5077787994062,1520.1649004065707,5213398.140124889,,11620.0,18651.0
0c48349,2026-04-15T15:37:57+01:00,linuxpc,16,4427,True,31.26,0.272461,50000,ByteCaskDB/ReadAndWriteLoad/Sync/BoundedStaleness/real_time/threads:16,iteration,,407776,2248.7811941876143,1982.5965603664729,7114965.227099427,,30720.0,49781.0
0c48349,2026-04-15T15:37:57+01:00,linuxpc,16,4427,True,31.26,0.272461,50000,ByteCaskDB/ReadAndWriteLoad/Sync/BoundedStaleness/real_time/threads:32,iteration,,362336,3201.871638071516,2162.8763992537292,9994154.549953654,,67381.0,103461.0
0c48349,2026-04-15T15:37:57+01:00,linuxpc,16,4427,True,31.26,0.272461,50000,RocksDB/ReadAndWriteLoad/Sync/real_time/threads:2,iteration,,1116936,636.1696417813636,631.533432533289,3143815.5307124075,,1170.0,1940.0
0c48349,2026-04-15T15:37:57+01:00,linuxpc,16,4427,True,31.26,0.272461,50000,RocksDB/ReadAndWriteLoad/Sync/real_time/threads:4,iteration,,984748,702.5349763293904,692.629515368398,5693666.699555982,,2600.0,4290.0
0c48349,2026-04-15T15:37:57+01:00,linuxpc,16,4427,True,31.26,0.272461,50000,RocksDB/ReadAndWriteLoad/Sync/real_time/threads:8,iteration,,740144,727.5166548239425,722.0486594500529,10996311.83280056,,5320.0,9840.0
0c48349,2026-04-15T15:37:57+01:00,linuxpc,16,4427,True,31.26,0.272461,50000,RocksDB/ReadAndWriteLoad/Sync/real_time/threads:16,iteration,,680016,1043.957926126684,977.7267064304367,15326288.157381551,,14960.0,24110.0
0c48349,2026-04-15T15:37:57+01:00,linuxpc,16,4427,True,31.26,0.272461,50000,RocksDB/ReadAndWriteLoad/Sync/real_time/threads:32,iteration,,565952,1271.1730046167968,959.1498554647712,25173599.41076361,,29270.0,47040.0
0c48349,2026-04-15T15:37:57+01:00,linuxpc,16,4427,True,31.26,0.272461,50000,ByteCaskDB/PutMT/Sync/real_time/threads:2,iteration,,232,3096811.995231386,241562.86206896266,645.8254498754501,,4015239.0,7270599.0
0c48349,2026-04-15T15:37:57+01:00,linuxpc,16,4427,True,31.26,0.272461,50000,ByteCaskDB/PutMT/Sync/real_time/threads:4,iteration,,108,5210270.138276327,248031.54629630415,767.7145126535203,,7911818.0,14725121.0
0c48349,2026-04-15T15:37:57+01:00,linuxpc,16,4427,True,31.26,0.272461,50000,ByteCaskDB/PutMT/Sync/real_time/threads:8,iteration,,72,9283408.99958534,252300.05555554002,861.7524015539265,,16431292.0,17348862.0
0c48349,2026-04-15T15:37:57+01:00,linuxpc,16,4427,True,31.26,0.272461,50000,ByteCaskDB/PutMT/Sync/real_time/threads:16,iteration,,16,72874434.61245857,286443.7500000062,219.55573425834373,,1165966514.0,1165966514.0
0c48349,2026-04-15T15:37:57+01:00,linuxpc,16,4427,True,31.26,0.272461,50000,RocksDB/PutMT/Sync/real_time/threads:2,iteration,,262,2747934.851048955,272994.9427480895,727.8192928178593,,4380464.0,9111443.0
0c48349,2026-04-15T15:37:57+01:00,linuxpc,16,4427,True,31.26,0.272461,50000,RocksDB/PutMT/Sync/real_time/threads:4,iteration,,140,4673427.513833823,132177.20714284945,855.9028653294806,,11209958.0,92536860.0
0c48349,2026-04-15T15:37:57+01:00,linuxpc,16,4427,True,31.26,0.272461,50000,RocksDB/PutMT/Sync/real_time/threads:8,iteration,,32,19687075.135152556,117774.71875000086,406.3579757317774,,111208380.0,186244674.0
0c48349,2026-04-15T15:37:57+01:00,linuxpc,16,4427,True,31.26,0.272461,50000,RocksDB/PutMT/Sync/real_time/threads:16,iteration,,64,9164456.592770875,83526.10937501412,1745.875474233917,,111198231.0,172627235.0
0c48349,2026-04-15T15:39:03+01:00,linuxpc,16,4427,True,31.26,0.42041,10000000,ByteCaskDB/Recovery/threads:1/real_time,iteration,,1,2643474129.0286183,2623941244.9999976,,,,
0c48349,2026-04-15T15:39:03+01:00,linuxpc,16,4427,True,31.26,0.42041,10000000,ByteCaskDB/Recovery/threads:2/real_time,iteration,,1,1887594806.9617152,229420482.99998417,,,,
0c48349,2026-04-15T15:39:03+01:00,linuxpc,16,4427,True,31.26,0.42041,10000000,ByteCaskDB/Recovery/threads:4/real_time,iteration,,1,1074458508.0537944,233248293.99999204,,,,
0c48349,2026-04-15T15:39:03+01:00,linuxpc,16,4427,True,31.26,0.42041,10000000,ByteCaskDB/Recovery/threads:8/real_time,iteration,,1,677907973.062247,235677944.00000253,,,,
0c48349,2026-04-15T15:39:03+01:00,linuxpc,16,4427,True,31.26,0.42041,10000000,ByteCaskDB/Recovery/threads:16/real_time,iteration,,1,572699155.8913141,243027417.0000075,,,,
5e7d1e1,2026-04-15T17:28:53+01:00,linuxpc,16,4427,True,31.26,0.376953,100000,ByteCaskDB/GetMT/real_time/threads:2,iteration,,748206,932.5015822599016,928.1053800691252,2144768.478733338,,1730.0,2600.0
5e7d1e1,2026-04-15T17:28:53+01:00,linuxpc,16,4427,True,31.26,0.376953,100000,ByteCaskDB/GetMT/real_time/threads:4,iteration,,546580,1273.3087853786428,1267.9608529401005,3141421.8184401537,,4890.0,7370.0
5e7d1e1,2026-04-15T17:28:53+01:00,linuxpc,16,4427,True,31.26,0.376953,100000,ByteCaskDB/GetMT/real_time/threads:8,iteration,,430576,1659.192405305213,1646.5395586377315,4821622.841582606,,12601.0,20341.0
5e7d1e1,2026-04-15T17:28:53+01:00,linuxpc,16,4427,True,31.26,0.376953,100000,ByteCaskDB/GetMT/real_time/threads:16,iteration,,311376,2299.9270235423855,2025.4853264220753,6956742.468879094,,31450.0,51792.0
5e7d1e1,2026-04-15T17:28:53+01:00,linuxpc,16,4427,True,31.26,0.376953,100000,ByteCaskDB/GetMT/real_time/threads:32,iteration,,419776,3363.9154988341566,1962.6529220346085,9512724.08926156,,60150.0,98731.0
5e7d1e1,2026-04-15T17:28:53+01:00,linuxpc,16,4427,True,31.26,0.376953,100000,RocksDB/GetMT/real_time/threads:2,iteration,,1085254,634.3158956653784,631.4622715051041,3153003.1229976662,,1170.0,1920.0
5e7d1e1,2026-04-15T17:28:53+01:00,linuxpc,16,4427,True,31.26,0.376953,100000,RocksDB/GetMT/real_time/threads:4,iteration,,1008864,699.877615937788,696.7689797633774,5715284.942554241,,2600.0,4272.0
5e7d1e1,2026-04-15T17:28:53+01:00,linuxpc,16,4427,True,31.26,0.376953,100000,RocksDB/GetMT/real_time/threads:8,iteration,,762616,730.3095359946144,721.8400007343147,10954259.263648713,,5340.0,9340.0
5e7d1e1,2026-04-15T17:28:53+01:00,linuxpc,16,4427,True,31.26,0.376953,100000,RocksDB/GetMT/real_time/threads:16,iteration,,680096,1047.0161052197118,879.9739713216952,15281522.337846436,,13270.0,21880.0
5e7d1e1,2026-04-15T17:28:53+01:00,linuxpc,16,4427,True,31.26,0.376953,100000,RocksDB/GetMT/real_time/threads:32,iteration,,320000,1594.6479063131846,943.205043750001,20067125.71051737,,28730.0,47100.0
5e7d1e1,2026-04-15T17:29:06+01:00,linuxpc,16,4427,True,31.26,0.318848,1000000,ByteCaskDB/GetMT/real_time/threads:2,iteration,,747142,939.5607823618627,931.1458611616005,2128654.1941144145,,1650.0,3560.0
5e7d1e1,2026-04-15T17:29:06+01:00,linuxpc,16,4427,True,31.26,0.318848,1000000,ByteCaskDB/GetMT/real_time/threads:4,iteration,,489480,1099.933245392586,1092.2974462695106,3636584.326144563,,4070.0,7140.0
5e7d1e1,2026-04-15T17:29:06+01:00,linuxpc,16,4427,True,31.26,0.318848,1000000,ByteCaskDB/GetMT/real_time/threads:8,iteration,,433584,1561.946368141513,1551.4679439278202,5121814.783896087,,11770.0,20280.0
5e7d1e1,2026-04-15T17:29:06+01:00,linuxpc,16,4427,True,31.26,0.318848,1000000,ByteCaskDB/GetMT/real_time/threads:16,iteration,,314208,2268.581184559187,1901.4972534117524,7052866.394600287,,28300.0,53161.0
5e7d1e1,2026-04-15T17:29:06+01:00,linuxpc,16,4427,True,31.26,0.318848,1000000,ByteCaskDB/GetMT/real_time/threads:32,iteration,,399872,2921.8558005020423,1950.176661531691,10951943.6224408,,59471.0,99931.0
5e7d1e1,2026-04-15T17:29:06+01:00,linuxpc,16,4427,True,31.26,0.318848,1000000,RocksDB/GetMT/real_time/threads:2,iteration,,332144,2103.6932472871054,2091.9615016378475,950708.9508316735,,3700.0,10240.0
5e7d1e1,2026-04-15T17:29:06+01:00,linuxpc,16,4427,True,31.26,0.318848,1000000,RocksDB/GetMT/real_time/threads:4,iteration,,341256,1905.448633415066,1889.8679232013521,2099243.1545273126,,6710.0,24350.0
5e7d1e1,2026-04-15T17:29:06+01:00,linuxpc,16,4427,True,31.26,0.318848,1000000,RocksDB/GetMT/real_time/threads:8,iteration,,330424,1928.18147005121,1902.5682274895275,4148987.0762981297,,12860.0,53671.0
5e7d1e1,2026-04-15T17:29:06+01:00,linuxpc,16,4427,True,31.26,0.318848,1000000,RocksDB/GetMT/real_time/threads:16,iteration,,160000,3482.218006683979,2368.850468750006,4594772.63321499,,34722.0,98582.0
5e7d1e1,2026-04-15T17:29:06+01:00,linuxpc,16,4427,True,31.26,0.318848,1000000,RocksDB/GetMT/real_time/threads:32,iteration,,348352,3689.088519374222,2202.2969525078083,8674229.374530744,,69212.0,88114.0
5e7d1e1,2026-04-15T17:29:32+01:00,linuxpc,16,4427,True,31.26,0.584961,1000000,ByteCaskDB/PutMT/Sync/real_time/threads:2,iteration,,266,2831357.402142305,193233.41353383448,706.3749700008657,,3749927.0,4345114.0
5e7d1e1,2026-04-15T17:29:32+01:00,linuxpc,16,4427,True,31.26,0.584961,1000000,ByteCaskDB/PutMT/Sync/real_time/threads:4,iteration,,136,5805980.315712718,260654.94852941192,688.9448090574479,,8038270.0,82965212.0
5e7d1e1,2026-04-15T17:29:32+01:00,linuxpc,16,4427,True,31.26,0.584961,1000000,ByteCaskDB/PutMT/Sync/real_time/threads:8,iteration,,72,10203698.12775041,290137.29166666715,784.0294665561362,,16155871.0,23148790.0
5e7d1e1,2026-04-15T17:29:32+01:00,linuxpc,16,4427,True,31.26,0.584961,1000000,ByteCaskDB/PutMT/Sync/real_time/threads:16,iteration,,16,73124313.9525759,344010.7499999973,218.80547160246388,,1169969303.0,1169969303.0
5e7d1e1,2026-04-15T17:29:32+01:00,linuxpc,16,4427,True,31.26,0.584961,1000000,RocksDB/PutMT/Sync/real_time/threads:2,iteration,,200,2618554.3701285496,182677.96500000003,763.7802074362949,,4021671.0,8323894.0
5e7d1e1,2026-04-15T17:29:32+01:00,linuxpc,16,4427,True,31.26,0.584961,1000000,RocksDB/PutMT/Sync/real_time/threads:4,iteration,,144,5167619.34058094,136912.95833333273,774.0508223174045,,12470036.0,90176782.0
5e7d1e1,2026-04-15T17:29:32+01:00,linuxpc,16,4427,True,31.26,0.584961,1000000,RocksDB/PutMT/Sync/real_time/threads:8,iteration,,192,3595473.7559222854,96917.0572916664,2225.0197173106326,,26044772.0,36928664.0
5e7d1e1,2026-04-15T17:29:32+01:00,linuxpc,16,4427,True,31.26,0.584961,1000000,RocksDB/PutMT/Sync/real_time/threads:16,iteration,,64,14686033.124235108,72378.92187500001,1089.4705101540703,,188780318.0,284214183.0
0b118c2,2026-04-15T18:14:58+01:00,linuxpc,16,4427,True,31.26,0.491211,50000,ByteCaskDB/Put/NoSync/real_time,iteration,,117000,5953.524359223297,5924.970452991453,167967.73468320217,,5510.0,10560.0
0b118c2,2026-04-15T18:14:58+01:00,linuxpc,16,4427,True,31.26,0.491211,50000,ByteCaskDB/Put/Sync/real_time,iteration,,365,2029189.5506750434,239273.3150684933,492.8075840265063,,1977964.0,3610654.0
0b118c2,2026-04-15T18:14:58+01:00,linuxpc,16,4427,True,31.26,0.491211,50000,ByteCaskDB/Del/Sync/real_time,iteration,,380,1501964.502906623,161696.65263157868,665.794696255994,,1982424.0,2352349.0
0b118c2,2026-04-15T18:14:58+01:00,linuxpc,16,4427,True,31.26,0.491211,50000,ByteCaskDB/Get/real_time,iteration,,797791,873.070465836557,868.5629694995303,1145382.9205433286,,800.0,1240.0
0b118c2,2026-04-15T18:14:58+01:00,linuxpc,16,4427,True,31.26,0.491211,50000,ByteCaskDB/Range50/real_time,iteration,,19227,35946.107713967045,35820.59816924117,,27819.42367605616,35761.0,40071.0
0b118c2,2026-04-15T18:14:58+01:00,linuxpc,16,4427,True,31.26,0.491211,50000,ByteCaskDB/MixedBatch/Sync/real_time,iteration,,292,2351769.47939031,471839.61301369965,42521.174322716666,,2322469.0,2617462.0
0b118c2,2026-04-15T18:14:58+01:00,linuxpc,16,4427,True,31.26,0.491211,50000,RocksDB/Put/NoSync/real_time,iteration,,117070,6054.838404296159,6023.4381652003085,165157.17401978202,,5510.0,11860.0
0b118c2,2026-04-15T18:14:58+01:00,linuxpc,16,4427,True,31.26,0.491211,50000,RocksDB/Put/Sync/real_time,iteration,,327,2072347.1742704373,260893.47706421913,482.5446297877413,,2032045.0,2316258.0
0b118c2,2026-04-15T18:14:58+01:00,linuxpc,16,4427,True,31.26,0.491211,50000,RocksDB/Del/Sync/real_time,iteration,,341,2019239.3898565182,219845.74486803566,495.2359809458043,,1986985.0,2332189.0
0b118c2,2026-04-15T18:14:58+01:00,linuxpc,16,4427,True,31.26,0.491211,50000,RocksDB/Get/real_time,iteration,,964339,719.905106957995,716.269280823445,1389071.9628668337,,670.0,1050.0
0b118c2,2026-04-15T18:14:58+01:00,linuxpc,16,4427,True,31.26,0.491211,50000,RocksDB/Range50/real_time,iteration,,114809,5896.798404364664,5875.176144727328,,169583.54880503035,5820.0,6731.0
0b118c2,2026-04-15T18:14:58+01:00,linuxpc,16,4427,True,31.26,0.491211,50000,RocksDB/MixedBatch/Sync/real_time,iteration,,294,2448024.2757316753,545880.1870748334,40849.268118516346,,2415799.0,2707574.0
0b118c2,2026-04-15T18:14:58+01:00,linuxpc,16,4427,True,31.26,0.491211,50000,ByteCaskDB/Recovery/threads:1/real_time,iteration,,49,15197277.154621422,12891228.632653035,,,,
0b118c2,2026-04-15T18:14:58+01:00,linuxpc,16,4427,True,31.26,0.491211,50000,ByteCaskDB/Recovery/threads:2/real_time,iteration,,47,15737123.401003316,3014350.0638296036,,,,
0b118c2,2026-04-15T18:14:58+01:00,linuxpc,16,4427,True,31.26,0.491211,50000,ByteCaskDB/Recovery/threads:4/real_time,iteration,,45,16120653.508955404,3878233.666666691,,,,
0b118c2,2026-04-15T18:14:58+01:00,linuxpc,16,4427,True,31.26,0.491211,50000,ByteCaskDB/Recovery/threads:8/real_time,iteration,,42,17027913.426448192,4862599.095238028,,,,
0b118c2,2026-04-15T18:14:58+01:00,linuxpc,16,4427,True,31.26,0.491211,50000,ByteCaskDB/Recovery/threads:16/real_time,iteration,,41,17727132.832699616,5903890.1951219,,,,
0b118c2,2026-04-15T18:14:58+01:00,linuxpc,16,4427,True,31.26,0.491211,50000,ByteCaskDB/GetMT/real_time/threads:2,iteration,,779906,898.0010115827461,893.8985236682381,2227168.983334392,,1660.0,2491.0
0b118c2,2026-04-15T18:14:58+01:00,linuxpc,16,4427,True,31.26,0.491211,50000,ByteCaskDB/GetMT/real_time/threads:4,iteration,,579164,986.9523174797314,981.7771632905362,4052880.700674931,,3580.0,5890.0
0b118c2,2026-04-15T18:14:58+01:00,linuxpc,16,4427,True,31.26,0.491211,50000,ByteCaskDB/GetMT/real_time/threads:8,iteration,,474720,1460.6223944655424,1452.1563321536892,5477117.173003011,,11040.0,17170.0
0b118c2,2026-04-15T18:14:58+01:00,linuxpc,16,4427,True,31.26,0.491211,50000,ByteCaskDB/GetMT/real_time/threads:16,iteration,,343680,1995.8070847331555,1596.5727246275637,8016806.896012818,,24450.0,39271.0
0b118c2,2026-04-15T18:14:58+01:00,linuxpc,16,4427,True,31.26,0.491211,50000,ByteCaskDB/GetMT/real_time/threads:32,iteration,,320000,2697.4961245286977,1755.9237937499986,11862853.002463901,,54030.0,87290.0
0b118c2,2026-04-15T18:14:58+01:00,linuxpc,16,4427,True,31.26,0.491211,50000,RocksDB/GetMT/real_time/threads:2,iteration,,1027296,697.373489264919,694.1570443182894,2867903.685452886,,1290.0,2140.0
0b118c2,2026-04-15T18:14:58+01:00,linuxpc,16,4427,True,31.26,0.491211,50000,RocksDB/GetMT/real_time/threads:4,iteration,,1024972,689.8420941853647,685.5521877670798,5798428.413858399,,2540.0,4340.0
0b118c2,2026-04-15T18:14:58+01:00,linuxpc,16,4427,True,31.26,0.491211,50000,RocksDB/GetMT/real_time/threads:8,iteration,,784888,698.533016008853,691.218734392678,11452572.486421471,,5110.0,8820.0
0b118c2,2026-04-15T18:14:58+01:00,linuxpc,16,4427,True,31.26,0.491211,50000,RocksDB/GetMT/real_time/threads:16,iteration,,510464,1024.1443354206674,876.5321883619579,15622797.926649662,,13090.0,22661.0
0b118c2,2026-04-15T18:14:58+01:00,linuxpc,16,4427,True,31.26,0.491211,50000,RocksDB/GetMT/real_time/threads:32,iteration,,476608,1439.2535327976561,963.5661633879416,22233747.75241831,,29180.0,48350.0
0b118c2,2026-04-15T18:14:58+01:00,linuxpc,16,4427,True,31.26,0.491211,50000,ByteCaskDB/ReadAndWriteLoad/Sync/real_time/threads:2,iteration,,784224,893.4839166654648,889.5216073468796,2238428.6529343687,,1630.0,2770.0
0b118c2,2026-04-15T18:14:58+01:00,linuxpc,16,4427,True,31.26,0.491211,50000,ByteCaskDB/ReadAndWriteLoad/Sync/real_time/threads:4,iteration,,551900,1022.8001176862074,1016.9636093495203,3910832.5574393324,,3760.0,6421.0
0b118c2,2026-04-15T18:14:58+01:00,linuxpc,16,4427,True,31.26,0.491211,50000,ByteCaskDB/ReadAndWriteLoad/Sync/real_time/threads:8,iteration,,496128,1557.7658912519053,1544.5669585268324,5135559.871304388,,11760.0,19400.0
0b118c2,2026-04-15T18:14:58+01:00,linuxpc,16,4427,True,31.26,0.491211,50000,ByteCaskDB/ReadAndWriteLoad/Sync/real_time/threads:16,iteration,,324768,2135.8395348093477,1857.379824982754,7491199.474134753,,28461.0,50070.0
0b118c2,2026-04-15T18:14:58+01:00,linuxpc,16,4427,True,31.26,0.491211,50000,ByteCaskDB/ReadAndWriteLoad/Sync/real_time/threads:32,iteration,,364672,2929.6845519704502,2127.32870908652,10922677.657728512,,65970.0,103862.0
0b118c2,2026-04-15T18:14:58+01:00,linuxpc,16,4427,True,31.26,0.491211,50000,ByteCaskDB/ReadAndWriteLoad/Sync/BoundedStaleness/real_time/threads:2,iteration,,819854,838.6927293514792,834.2936437463255,2384663.572255484,,1530.0,2420.0
0b118c2,2026-04-15T18:14:58+01:00,linuxpc,16,4427,True,31.26,0.491211,50000,ByteCaskDB/ReadAndWriteLoad/Sync/BoundedStaleness/real_time/threads:4,iteration,,719060,1190.3399646677385,1181.462544154868,3360384.5277231587,,4490.0,6910.0
0b118c2,2026-04-15T18:14:58+01:00,linuxpc,16,4427,True,31.26,0.491211,50000,ByteCaskDB/ReadAndWriteLoad/Sync/BoundedStaleness/real_time/threads:8,iteration,,454408,1546.956941427723,1525.1020162497132,5171443.228805458,,11680.0,18650.0
0b118c2,2026-04-15T18:14:58+01:00,linuxpc,16,4427,True,31.26,0.491211,50000,ByteCaskDB/ReadAndWriteLoad/Sync/BoundedStaleness/real_time/threads:16,iteration,,374688,2138.503321552325,1958.0030825646932,7481868.201348272,,30370.0,48770.0
0b118c2,2026-04-15T18:14:58+01:00,linuxpc,16,4427,True,31.26,0.491211,50000,ByteCaskDB/ReadAndWriteLoad/Sync/BoundedStaleness/real_time/threads:32,iteration,,354368,2931.2059786116265,1953.5137060908442,10917008.300848542,,60710.0,94381.0
0b118c2,2026-04-15T18:14:58+01:00,linuxpc,16,4427,True,31.26,0.491211,50000,RocksDB/ReadAndWriteLoad/Sync/real_time/threads:2,iteration,,1091394,634.0492828659529,630.4342803790396,3154328.9363247002,,1170.0,1911.0
0b118c2,2026-04-15T18:14:58+01:00,linuxpc,16,4427,True,31.26,0.491211,50000,RocksDB/ReadAndWriteLoad/Sync/real_time/threads:4,iteration,,1011560,694.6120090853203,684.967801217924,5758610.487122565,,2540.0,4230.0
0b118c2,2026-04-15T18:14:58+01:00,linuxpc,16,4427,True,31.26,0.491211,50000,RocksDB/ReadAndWriteLoad/Sync/real_time/threads:8,iteration,,840272,762.7567299538813,750.4077810518512,10488271.929745812,,5430.0,10620.0
0b118c2,2026-04-15T18:14:58+01:00,linuxpc,16,4427,True,31.26,0.491211,50000,RocksDB/ReadAndWriteLoad/Sync/real_time/threads:16,iteration,,695728,1041.4843165411512,881.0102166363846,15362689.332794966,,13210.0,21901.0
0b118c2,2026-04-15T18:14:58+01:00,linuxpc,16,4427,True,31.26,0.491211,50000,RocksDB/ReadAndWriteLoad/Sync/real_time/threads:32,iteration,,550816,1218.9694195671846,975.9135065067074,26251683.99332129,,29591.0,47210.0
0b118c2,2026-04-15T18:14:58+01:00,linuxpc,16,4427,True,31.26,0.491211,50000,ByteCaskDB/PutMT/Sync/real_time/threads:2,iteration,,160,4025525.625183946,211394.9937500059,496.8295289161426,,8012890.0,8689588.0
0b118c2,2026-04-15T18:14:58+01:00,linuxpc,16,4427,True,31.26,0.491211,50000,ByteCaskDB/PutMT/Sync/real_time/threads:4,iteration,,176,4114888.022410345,107901.88636363792,972.0799152286414,,15851726.0,29204824.0
0b118c2,2026-04-15T18:14:58+01:00,linuxpc,16,4427,True,31.26,0.491211,50000,ByteCaskDB/PutMT/Sync/real_time/threads:8,iteration,,176,4043890.6580675393,61424.892045453475,1978.292856173063,,31999956.0,33417676.0
0b118c2,2026-04-15T18:14:58+01:00,linuxpc,16,4427,True,31.26,0.491211,50000,ByteCaskDB/PutMT/Sync/real_time/threads:16,iteration,,176,3616775.3000468523,47836.27840907733,4423.8302555850605,,49835359.0,62638785.0
0b118c2,2026-04-15T18:14:58+01:00,linuxpc,16,4427,True,31.26,0.491211,50000,RocksDB/PutMT/Sync/real_time/threads:2,iteration,,270,3118132.114738088,212449.21851852434,641.4096409022724,,4235382.0,44722624.0
0b118c2,2026-04-15T18:14:58+01:00,linuxpc,16,4427,True,31.26,0.491211,50000,RocksDB/PutMT/Sync/real_time/threads:4,iteration,,224,3483062.164637626,126503.3392857147,1148.41476003807,,10610162.0,66004516.0
0b118c2,2026-04-15T18:14:58+01:00,linuxpc,16,4427,True,31.26,0.491211,50000,RocksDB/PutMT/Sync/real_time/threads:8,iteration,,64,10701733.610403609,95603.14062500301,747.5424348278359,,77601592.0,106043274.0
0b118c2,2026-04-15T18:14:58+01:00,linuxpc,16,4427,True,31.26,0.491211,50000,RocksDB/PutMT/Sync/real_time/threads:16,iteration,,64,14774864.912396878,94239.71874999368,1082.9202226123346,,237457604.0,255294351.0
0b118c2,2026-04-15T18:16:01+01:00,linuxpc,16,4427,True,31.26,1.24902,10000,ByteCaskDB/PutMT/Sync/real_time/threads:2,iteration,,162,3477056.9634727305,137975.21604938273,575.1990896354164,,6892076.0,7513954.0
0b118c2,2026-04-15T18:16:01+01:00,linuxpc,16,4427,True,31.26,1.24902,10000,ByteCaskDB/PutMT/Sync/real_time/threads:4,iteration,,196,3532872.1783209443,91732.92857142857,1132.223244459715,,14057306.0,15199198.0
0b118c2,2026-04-15T18:16:01+01:00,linuxpc,16,4427,True,31.26,1.24902,10000,ByteCaskDB/PutMT/Sync/real_time/threads:8,iteration,,192,4076654.769960442,54960.43750000001,1962.3932982869749,,28492264.0,52880180.0
0b118c2,2026-04-15T18:16:01+01:00,linuxpc,16,4427,True,31.26,1.24902,10000,ByteCaskDB/PutMT/Sync/real_time/threads:16,iteration,,192,3081758.781869818,44791.51562500004,5191.840482171743,,39674619.0,61921357.0
0b118c2,2026-04-15T18:16:01+01:00,linuxpc,16,4427,True,31.26,1.24902,10000,RocksDB/PutMT/Sync/real_time/threads:2,iteration,,212,2680188.0141544454,218722.68867924533,746.2163062582632,,4224472.0,8601596.0
0b118c2,2026-04-15T18:16:01+01:00,linuxpc,16,4427,True,31.26,1.24902,10000,RocksDB/PutMT/Sync/real_time/threads:4,iteration,,156,3279883.7301715347,120708.57051282052,1219.555426067132,,8594425.0,34790672.0
0b118c2,2026-04-15T18:16:01+01:00,linuxpc,16,4427,True,31.26,1.24902,10000,RocksDB/PutMT/Sync/real_time/threads:8,iteration,,32,17780014.939489774,92258.12500000019,449.9433789693752,,104194392.0,178218147.0
0b118c2,2026-04-15T18:16:01+01:00,linuxpc,16,4427,True,31.26,1.24902,10000,RocksDB/PutMT/Sync/real_time/threads:16,iteration,,64,13546092.828619294,69713.35937500006,1181.1523959289761,,194680430.0,221120353.0
0b118c2,2026-04-15T18:17:38+01:00,linuxpc,16,4427,True,31.26,1.06396,10000,ByteCaskDB/PutMT/Sync/real_time/threads:2,iteration,,208,4156523.076884556,174126.28365384616,481.17139325473505,,7812856.0,13589618.0
0b118c2,2026-04-15T18:17:38+01:00,linuxpc,16,4427,True,31.26,1.06396,10000,ByteCaskDB/PutMT/Sync/real_time/threads:4,iteration,,164,4433074.44007454,113929.79268292683,902.3083311754049,,16713808.0,21042290.0
0b118c2,2026-04-15T18:17:38+01:00,linuxpc,16,4427,True,31.26,1.06396,10000,ByteCaskDB/PutMT/Sync/real_time/threads:8,iteration,,168,4290253.202530689,71596.03571428571,1864.6918077658088,,34094634.0,36438854.0
0b118c2,2026-04-15T18:17:38+01:00,linuxpc,16,4427,True,31.26,1.06396,10000,ByteCaskDB/PutMT/Sync/real_time/threads:16,iteration,,160,3931639.5501373336,59952.50624999999,4069.549050965548,,57967931.0,67926859.0
0b118c2,2026-04-15T18:17:38+01:00,linuxpc,16,4427,True,31.26,1.06396,10000,ByteCaskDB/PutMT/Sync/real_time/threads:32,iteration,,160,3246383.916120976,33761.19375,9857.121285345698,,94063805.0,107911316.0
0b118c2,2026-04-15T18:17:38+01:00,linuxpc,16,4427,True,31.26,1.06396,10000,ByteCaskDB/PutMT/Sync/real_time/threads:64,iteration,,192,3212500.4023934403,22484.744791666675,19922.176492901748,,162291021.0,162291021.0
0b118c2,2026-04-15T18:17:38+01:00,linuxpc,16,4427,True,31.26,1.06396,10000,RocksDB/PutMT/Sync/real_time/threads:2,iteration,,274,2711291.29194471,194866.25547445257,737.6558933162336,,4281563.0,12502264.0
0b118c2,2026-04-15T18:17:38+01:00,linuxpc,16,4427,True,31.26,1.06396,10000,RocksDB/PutMT/Sync/real_time/threads:4,iteration,,140,4525268.414623236,121017.37857142862,883.9254677300795,,11024105.0,86517931.0
0b118c2,2026-04-15T18:17:38+01:00,linuxpc,16,4427,True,31.26,1.06396,10000,RocksDB/PutMT/Sync/real_time/threads:8,iteration,,88,7387390.295414001,97687.51136363643,1082.926402977016,,69467082.0,88422988.0
0b118c2,2026-04-15T18:17:38+01:00,linuxpc,16,4427,True,31.26,1.06396,10000,RocksDB/PutMT/Sync/real_time/threads:16,iteration,,64,14129326.391412178,77787.96875000016,1132.3965174818823,,211792492.0,242254819.0
0b118c2,2026-04-15T18:17:38+01:00,linuxpc,16,4427,True,31.26,1.06396,10000,RocksDB/PutMT/Sync/real_time/threads:32,iteration,,64,14738682.850293117,50384.85937499989,2171.157377157593,,360010907.0,360010907.0
0b118c2,2026-04-15T18:17:38+01:00,linuxpc,16,4427,True,31.26,1.06396,10000,RocksDB/PutMT/Sync/real_time/threads:64,iteration,,64,11489307.933516102,46986.09375000003,5570.39643904939,,735254667.0,735254667.0
0b118c2,2026-04-15T21:39:47+01:00,linuxpc,16,4427,True,31.26,0.37793,10000,ByteCaskDB/PutMT/PeriodicSync/real_time/threads:2,iteration,,32908,19555.44986410384,11120.975112434668,102273.28002672124,,27560.0,51180.0
0b118c2,2026-04-15T21:39:47+01:00,linuxpc,16,4427,True,31.26,0.37793,10000,ByteCaskDB/PutMT/PeriodicSync/real_time/threads:4,iteration,,32552,33283.435951035564,14720.459142295404,120179.89987225301,,79630.0,136940.0
0b118c2,2026-04-15T21:39:47+01:00,linuxpc,16,4427,True,31.26,0.37793,10000,ByteCaskDB/PutMT/PeriodicSync/real_time/threads:8,iteration,,17976,51746.12522918547,14729.856197151757,154600.9476954595,,264942.0,560381.0
0b118c2,2026-04-15T21:39:47+01:00,linuxpc,16,4427,True,31.26,0.37793,10000,ByteCaskDB/PutMT/PeriodicSync/real_time/threads:16,iteration,,11360,65868.26655646446,13138.306866197188,242909.0795380849,,872720.0,1899734.0
0b118c2,2026-04-15T21:39:47+01:00,linuxpc,16,4427,True,31.26,0.37793,10000,ByteCaskDB/PutMT/PeriodicSync/real_time/threads:32,iteration,,7168,102848.71630769236,10572.928152901779,311136.6009106584,,2738572.0,6111759.0
0b118c2,2026-04-15T21:39:47+01:00,linuxpc,16,4427,True,31.26,0.37793,10000,ByteCaskDB/PutMT/PeriodicSync/real_time/threads:64,iteration,,3904,193976.19788102678,10740.971567622957,329937.3876750266,,11666815.0,20712490.0
0b118c2,2026-04-15T21:39:47+01:00,linuxpc,16,4427,True,31.26,0.37793,10000,RocksDB/PutMT/PeriodicSync/real_time/threads:2,iteration,,57692,13066.293212184093,10587.308604312557,153065.59921179744,,19150.0,44430.0
0b118c2,2026-04-15T21:39:47+01:00,linuxpc,16,4427,True,31.26,0.37793,10000,RocksDB/PutMT/PeriodicSync/real_time/threads:4,iteration,,46820,23028.90298856261,15251.566574113627,173694.76965475146,,59481.0,114400.0
0b118c2,2026-04-15T21:39:47+01:00,linuxpc,16,4427,True,31.26,0.37793,10000,RocksDB/PutMT/PeriodicSync/real_time/threads:8,iteration,,29792,54330.240501061875,24558.630773361976,147247.64562460646,,197410.0,340520.0
0b118c2,2026-04-15T21:39:47+01:00,linuxpc,16,4427,True,31.26,0.37793,10000,RocksDB/PutMT/PeriodicSync/real_time/threads:16,iteration,,10672,68341.662479471,48698.70427286357,234117.80485741337,,1112843.0,1747254.0
0b118c2,2026-04-15T21:39:47+01:00,linuxpc,16,4427,True,31.26,0.37793,10000,RocksDB/PutMT/PeriodicSync/real_time/threads:32,iteration,,5056,140362.8445091905,26410.312499999993,227980.56075234886,,4418365.0,6726207.0
0b118c2,2026-04-15T21:39:47+01:00,linuxpc,16,4427,True,31.26,0.37793,10000,RocksDB/PutMT/PeriodicSync/real_time/threads:64,iteration,,2432,238608.17255856664,27489.218749999978,268222.16235821147,,15102405.0,21477582.0
0b118c2,2026-04-15T21:46:24+01:00,linuxpc,16,4427,True,31.26,0.00146484,10000,ByteCaskDB/PutMT/Sync/real_time/threads:2,iteration,,204,3581964.857670862,144583.33823529413,558.3527699097754,,6941534.0,7489222.0
0b118c2,2026-04-15T21:46:24+01:00,linuxpc,16,4427,True,31.26,0.00146484,10000,ByteCaskDB/PutMT/Sync/real_time/threads:4,iteration,,200,3536705.419537611,89281.66000000002,1130.9960897232318,,14068882.0,14796272.0
0b118c2,2026-04-15T21:46:24+01:00,linuxpc,16,4427,True,31.26,0.00146484,10000,ByteCaskDB/PutMT/Sync/real_time/threads:8,iteration,,176,3529075.3538984885,51410.75000000001,2266.882737758088,,28127914.0,28725382.0
0b118c2,2026-04-15T21:46:24+01:00,linuxpc,16,4427,True,31.26,0.00146484,10000,ByteCaskDB/PutMT/Sync/real_time/threads:16,iteration,,192,3158169.480229845,40884.32291666667,5066.225894512652,,46589261.0,58310546.0
0b118c2,2026-04-15T21:46:24+01:00,linuxpc,16,4427,True,31.26,0.00146484,10000,ByteCaskDB/PutMT/Sync/real_time/threads:32,iteration,,256,2866994.621399499,31233.16796875002,11161.513789090917,,76438738.0,99719269.0
0b118c2,2026-04-15T21:46:24+01:00,linuxpc,16,4427,True,31.26,0.00146484,10000,ByteCaskDB/PutMT/Sync/real_time/threads:64,iteration,,192,2977031.2891438757,17859.791666666657,21497.92655300069,,144447630.0,144447630.0
0b118c2,2026-04-15T21:46:24+01:00,linuxpc,16,4427,True,31.26,0.00146484,10000,RocksDB/PutMT/Sync/real_time/threads:2,iteration,,278,2655708.827346349,281014.50000000006,753.0946086429401,,6176056.0,6928615.0
0b118c2,2026-04-15T21:46:24+01:00,linuxpc,16,4427,True,31.26,0.00146484,10000,RocksDB/PutMT/Sync/real_time/threads:4,iteration,,260,3476164.992361401,171042.08846153846,1150.6933671991073,,11721664.0,42378739.0
0b118c2,2026-04-15T21:46:24+01:00,linuxpc,16,4427,True,31.26,0.00146484,10000,RocksDB/PutMT/Sync/real_time/threads:8,iteration,,192,6407204.599478669,86793.20833333327,1248.59443393628,,21850849.0,187016323.0
0b118c2,2026-04-15T21:46:24+01:00,linuxpc,16,4427,True,31.26,0.00146484,10000,RocksDB/PutMT/Sync/real_time/threads:16,iteration,,48,11617499.561301276,81853.9791666667,1377.2326752046667,,200489555.0,200489555.0
0b118c2,2026-04-15T21:46:24+01:00,linuxpc,16,4427,True,31.26,0.00146484,10000,RocksDB/PutMT/Sync/real_time/threads:32,iteration,,160,12986501.150589902,50261.83125000004,2464.09711352826,,373458887.0,580686109.0
0b118c2,2026-04-15T21:46:24+01:00,linuxpc,16,4427,True,31.26,0.00146484,10000,RocksDB/PutMT/Sync/real_time/threads:64,iteration,,64,11799528.114352142,48742.812500000015,5423.945718825379,,755112039.0,755112039.0
0b118c2,2026-04-15T21:46:24+01:00,linuxpc,16,4427,True,31.26,0.00146484,10000,ByteCaskDB/PutMT/PeriodicSync/real_time/threads:2,iteration,,34550,22533.847930182077,12111.741505065123,88755.36953105903,,31910.0,55990.0
0b118c2,2026-04-15T21:46:24+01:00,linuxpc,16,4427,True,31.26,0.00146484,10000,ByteCaskDB/PutMT/PeriodicSync/real_time/threads:4,iteration,,30080,37267.382109309845,14602.86213430851,107332.46537863875,,79682.0,131231.0
0b118c2,2026-04-15T21:46:24+01:00,linuxpc,16,4427,True,31.26,0.00146484,10000,ByteCaskDB/PutMT/PeriodicSync/real_time/threads:8,iteration,,17752,54578.84745869396,14873.090637674633,146576.93176929967,,276773.0,460355.0
0b118c2,2026-04-15T21:46:24+01:00,linuxpc,16,4427,True,31.26,0.00146484,10000,ByteCaskDB/PutMT/PeriodicSync/real_time/threads:16,iteration,,11904,65355.67129220154,13538.121471774193,244814.2553454144,,857327.0,1823584.0
0b118c2,2026-04-15T21:46:24+01:00,linuxpc,16,4427,True,31.26,0.00146484,10000,ByteCaskDB/PutMT/PeriodicSync/real_time/threads:32,iteration,,6912,106800.25693714184,10918.565682870378,299624.74733402435,,2902130.0,6423636.0
0b118c2,2026-04-15T21:46:24+01:00,linuxpc,16,4427,True,31.26,0.00146484,10000,ByteCaskDB/PutMT/PeriodicSync/real_time/threads:64,iteration,,4032,182010.461468876,10193.860615079355,351628.13985252206,,10592858.0,20465054.0
0b118c2,2026-04-15T21:46:24+01:00,linuxpc,16,4427,True,31.26,0.00146484,10000,RocksDB/PutMT/PeriodicSync/real_time/threads:2,iteration,,52060,12323.137187934579,10048.533250096045,162296.33489418373,,17180.0,42701.0
0b118c2,2026-04-15T21:46:24+01:00,linuxpc,16,4427,True,31.26,0.00146484,10000,RocksDB/PutMT/PeriodicSync/real_time/threads:4,iteration,,45068,29459.23355749892,15859.74238927842,135780.85771283723,,61271.0,122113.0
0b118c2,2026-04-15T21:46:24+01:00,linuxpc,16,4427,True,31.26,0.00146484,10000,RocksDB/PutMT/PeriodicSync/real_time/threads:8,iteration,,29968,38597.529902405346,24260.32391217299,207267.14948412933,,196062.0,325663.0
0b118c2,2026-04-15T21:46:24+01:00,linuxpc,16,4427,True,31.26,0.00146484,10000,RocksDB/PutMT/PeriodicSync/real_time/threads:16,iteration,,9584,73950.49936945809,30629.173622704508,216360.9459898803,,1185725.0,2224408.0
0b118c2,2026-04-15T21:46:24+01:00,linuxpc,16,4427,True,31.26,0.00146484,10000,RocksDB/PutMT/PeriodicSync/real_time/threads:32,iteration,,5152,134780.72273840706,25414.268827639735,237422.6769959388,,4263622.0,6456397.0
0b118c2,2026-04-15T21:46:24+01:00,linuxpc,16,4427,True,31.26,0.00146484,10000,RocksDB/PutMT/PeriodicSync/real_time/threads:64,iteration,,2688,227782.1744255128,27652.604910714286,280970.18636956014,,14454793.0,19374247.0
80d7711,2026-04-16T11:44:04+01:00,linuxpc,16,4427,True,31.26,0.521484,50000,ByteCaskDB/CasMT/real_time/threads:2,iteration,,49242,16015.639718190647,12181.588928150766,,,29312.0,51871.0
80d7711,2026-04-16T11:44:04+01:00,linuxpc,16,4427,True,31.26,0.521484,50000,ByteCaskDB/CasMT/real_time/threads:2,iteration,,49242,14829.292067726696,11314.512367491167,,,27490.0,47340.0
80d7711,2026-04-16T11:44:04+01:00,linuxpc,16,4427,True,31.26,0.521484,50000,ByteCaskDB/CasMT/real_time/threads:2,iteration,,49242,15174.83258179554,11620.876182933269,,,27480.0,48500.0
80d7711,2026-04-16T11:44:04+01:00,linuxpc,16,4427,True,31.26,0.521484,50000,ByteCaskDB/CasMT/real_time/threads:2,iteration,,49242,16163.32098624908,12314.429694163518,,,32171.0,49910.0
80d7711,2026-04-16T11:44:04+01:00,linuxpc,16,4427,True,31.26,0.521484,50000,ByteCaskDB/CasMT/real_time/threads:2,iteration,,49242,16667.377807600613,12735.856423378422,,,31380.0,49400.0
80d7711,2026-04-16T11:44:04+01:00,linuxpc,16,4427,True,31.26,0.521484,50000,ByteCaskDB/CasMT/real_time/threads:2_mean,aggregate,mean,5,15770.092632312513,12033.452719223429,,,29566.600000000002,49404.200000000004
80d7711,2026-04-16T11:44:04+01:00,linuxpc,16,4427,True,31.26,0.521484,50000,ByteCaskDB/CasMT/real_time/threads:2_median,aggregate,median,5,16015.639718190641,12181.588928150766,,,29312.0,49400.0
80d7711,2026-04-16T11:44:04+01:00,linuxpc,16,4427,True,31.26,0.521484,50000,ByteCaskDB/CasMT/real_time/threads:2_stddev,aggregate,stddev,5,751.5788091712742,565.9854212120424,,,2168.0813637868328,1689.6340432176219
80d7711,2026-04-16T11:44:04+01:00,linuxpc,16,4427,True,31.26,0.521484,50000,ByteCaskDB/CasMT/real_time/threads:2_cv,aggregate,cv,5,0.04765849045371544,0.04703433290662133,,,0.07332873457843758,0.034200210573546816
80d7711,2026-04-16T11:44:04+01:00,linuxpc,16,4427,True,31.26,0.521484,50000,ByteCaskDB/CasMT/real_time/threads:4,iteration,,30424,24660.513607691726,14337.588778595848,,,86002.0,204794.0
80d7711,2026-04-16T11:44:04+01:00,linuxpc,16,4427,True,31.26,0.521484,50000,ByteCaskDB/CasMT/real_time/threads:4,iteration,,30424,25388.243064592076,14680.586116224033,,,86570.0,241523.0
80d7711,2026-04-16T11:44:04+01:00,linuxpc,16,4427,True,31.26,0.521484,50000,ByteCaskDB/CasMT/real_time/threads:4,iteration,,30424,22632.480739140643,13184.809130949247,,,78781.0,201093.0
80d7711,2026-04-16T11:44:04+01:00,linuxpc,16,4427,True,31.26,0.521484,50000,ByteCaskDB/CasMT/real_time/threads:4,iteration,,30424,20017.691427888265,11534.433933736525,,,76620.0,151133.0
80d7711,2026-04-16T11:44:04+01:00,linuxpc,16,4427,True,31.26,0.521484,50000,ByteCaskDB/CasMT/real_time/threads:4,iteration,,30424,22713.31527750425,13265.415362871421,,,77441.0,171382.0
80d7711,2026-04-16T11:44:04+01:00,linuxpc,16,4427,True,31.26,0.521484,50000,ByteCaskDB/CasMT/real_time/threads:4_mean,aggregate,mean,5,23082.448823363397,13400.566664475415,,,81082.8,193985.0
80d7711,2026-04-16T11:44:04+01:00,linuxpc,16,4427,True,31.26,0.521484,50000,ByteCaskDB/CasMT/real_time/threads:4_median,aggregate,median,5,22713.31527750425,13265.415362871421,,,78781.0,201093.0
80d7711,2026-04-16T11:44:04+01:00,linuxpc,16,4427,True,31.26,0.521484,50000,ByteCaskDB/CasMT/real_time/threads:4_stddev,aggregate,stddev,5,2093.9462917561646,1231.2319841868762,,,4816.260655321798,34548.5495426364
80d7711,2026-04-16T11:44:04+01:00,linuxpc,16,4427,True,31.26,0.521484,50000,ByteCaskDB/CasMT/real_time/threads:4_cv,aggregate,cv,5,0.09071595079793839,0.09187909847505502,,,0.05939928881737925,0.1780990774680331
80d7711,2026-04-16T11:44:04+01:00,linuxpc,16,4427,True,31.26,0.521484,50000,ByteCaskDB/CasMT/real_time/threads:8,iteration,,22736,35332.47677677281,16806.3989268121,,,234763.0,512346.0
80d7711,2026-04-16T11:44:04+01:00,linuxpc,16,4427,True,31.26,0.521484,50000,ByteCaskDB/CasMT/real_time/threads:8,iteration,,22736,32609.911813702234,14040.374692118226,,,213054.0,588908.0
80d7711,2026-04-16T11:44:04+01:00,linuxpc,16,4427,True,31.26,0.521484,50000,ByteCaskDB/CasMT/real_time/threads:8,iteration,,22736,37430.92720776795,16778.652049612952,,,252533.0,594488.0
80d7711,2026-04-16T11:44:04+01:00,linuxpc,16,4427,True,31.26,0.521484,50000,ByteCaskDB/CasMT/real_time/threads:8,iteration,,22736,33156.745470181224,16000.062236101325,,,224161.0,514688.0
80d7711,2026-04-16T11:44:04+01:00,linuxpc,16,4427,True,31.26,0.521484,50000,ByteCaskDB/CasMT/real_time/threads:8,iteration,,22736,34379.687455674815,16062.29402709359,,,234583.0,526546.0
80d7711,2026-04-16T11:44:04+01:00,linuxpc,16,4427,True,31.26,0.521484,50000,ByteCaskDB/CasMT/real_time/threads:8_mean,aggregate,mean,5,34581.94974481981,15937.556386347638,,,231818.80000000002,547395.2000000001
80d7711,2026-04-16T11:44:04+01:00,linuxpc,16,4427,True,31.26,0.521484,50000,ByteCaskDB/CasMT/real_time/threads:8_median,aggregate,median,5,34379.68745567481,16062.294027093589,,,234583.0,526546.0
80d7711,2026-04-16T11:44:04+01:00,linuxpc,16,4427,True,31.26,0.521484,50000,ByteCaskDB/CasMT/real_time/threads:8_stddev,aggregate,stddev,5,1913.1789167445454,1127.064119302449,,,14629.993308268846,40847.09557850912
80d7711,2026-04-16T11:44:04+01:00,linuxpc,16,4427,True,31.26,0.521484,50000,ByteCaskDB/CasMT/real_time/threads:8_cv,aggregate,cv,5,0.05532304947702175,0.07071749846594486,,,0.06310960676299267,0.07462085085603438
80d7711,2026-04-16T11:44:04+01:00,linuxpc,16,4427,True,31.26,0.521484,50000,ByteCaskDB/CasMT/real_time/threads:16,iteration,,11616,58670.48829107564,17724.04950068869,,,799682.0,2303159.0
80d7711,2026-04-16T11:44:04+01:00,linuxpc,16,4427,True,31.26,0.521484,50000,ByteCaskDB/CasMT/real_time/threads:16,iteration,,11616,57846.64755476576,17597.652289944905,,,799519.0,2346328.0
80d7711,2026-04-16T11:44:04+01:00,linuxpc,16,4427,True,31.26,0.521484,50000,ByteCaskDB/CasMT/real_time/threads:16,iteration,,11616,57303.17983631493,17567.63584710745,,,794761.0,2267228.0
80d7711,2026-04-16T11:44:04+01:00,linuxpc,16,4427,True,31.26,0.521484,50000,ByteCaskDB/CasMT/real_time/threads:16,iteration,,11616,55784.60718111862,17236.76893939395,,,777440.0,2151324.0
80d7711,2026-04-16T11:44:04+01:00,linuxpc,16,4427,True,31.26,0.521484,50000,ByteCaskDB/CasMT/real_time/threads:16,iteration,,11616,57149.75180830247,16675.594955234148,,,776979.0,2491421.0
80d7711,2026-04-16T11:44:04+01:00,linuxpc,16,4427,True,31.26,0.521484,50000,ByteCaskDB/CasMT/real_time/threads:16_mean,aggregate,mean,5,57350.93493431549,17360.34030647383,,,789676.2000000001,2311892.0
80d7711,2026-04-16T11:44:04+01:00,linuxpc,16,4427,True,31.26,0.521484,50000,ByteCaskDB/CasMT/real_time/threads:16_median,aggregate,median,5,57303.17983631494,17567.635847107453,,,794761.0,2303159.0
80d7711,2026-04-16T11:44:04+01:00,linuxpc,16,4427,True,31.26,0.521484,50000,ByteCaskDB/CasMT/real_time/threads:16_stddev,aggregate,stddev,5,1058.6654208746477,423.00084971191126,,,11552.006479393576,123763.60606616245
80d7711,2026-04-16T11:44:04+01:00,linuxpc,16,4427,True,31.26,0.521484,50000,ByteCaskDB/CasMT/real_time/threads:16_cv,aggregate,cv,5,0.018459427419747317,0.02436593075045714,,,0.014628788963620248,0.053533472180431634
80d7711,2026-04-16T11:44:04+01:00,linuxpc,16,4427,True,31.26,0.521484,50000,ByteCaskDB/CasMT/real_time/threads:32,iteration,,7072,105400.27488577134,15084.762726244333,,,2540672.0,10077002.0
80d7711,2026-04-16T11:44:04+01:00,linuxpc,16,4427,True,31.26,0.521484,50000,ByteCaskDB/CasMT/real_time/threads:32,iteration,,7072,102828.40143976732,16589.101809954733,,,2365028.0,10855959.0
80d7711,2026-04-16T11:44:04+01:00,linuxpc,16,4427,True,31.26,0.521484,50000,ByteCaskDB/CasMT/real_time/threads:32,iteration,,7072,98446.29807978548,15012.178167420852,,,2365909.0,9377650.0
80d7711,2026-04-16T11:44:04+01:00,linuxpc,16,4427,True,31.26,0.521484,50000,ByteCaskDB/CasMT/real_time/threads:32,iteration,,7072,96675.13051364571,15098.622878959273,,,2318039.0,9434612.0
80d7711,2026-04-16T11:44:04+01:00,linuxpc,16,4427,True,31.26,0.521484,50000,ByteCaskDB/CasMT/real_time/threads:32,iteration,,7072,113249.28450284465,20296.14932126698,,,2416481.0,10768306.0
80d7711,2026-04-16T11:44:04+01:00,linuxpc,16,4427,True,31.26,0.521484,50000,ByteCaskDB/CasMT/real_time/threads:32_mean,aggregate,mean,5,103319.87788436291,16416.162980769237,,,2401225.8000000003,10102705.8
80d7711,2026-04-16T11:44:04+01:00,linuxpc,16,4427,True,31.26,0.521484,50000,ByteCaskDB/CasMT/real_time/threads:32_median,aggregate,median,5,102828.4014397673,15098.622878959275,,,2365909.0,10077002.0
80d7711,2026-04-16T11:44:04+01:00,linuxpc,16,4427,True,31.26,0.521484,50000,ByteCaskDB/CasMT/real_time/threads:32_stddev,aggregate,stddev,5,6539.632334971918,2267.372584889182,,,85375.00307875978,704118.231122572
80d7711,2026-04-16T11:44:04+01:00,linuxpc,16,4427,True,31.26,0.521484,50000,ByteCaskDB/CasMT/real_time/threads:32_cv,aggregate,cv,5,0.06329500642936461,0.13811830374401754,,,0.035554758356652574,0.06969600472009904
80d7711,2026-04-16T11:44:04+01:00,linuxpc,16,4427,True,31.26,0.521484,50000,RocksDB/CasMT/real_time/threads:2,iteration,,69650,10269.242225387665,10173.4415936827,,,19640.0,37360.0
80d7711,2026-04-16T11:44:04+01:00,linuxpc,16,4427,True,31.26,0.521484,50000,RocksDB/CasMT/real_time/threads:2,iteration,,69650,10424.138076092957,10302.421909547744,,,19780.0,37890.0
80d7711,2026-04-16T11:44:04+01:00,linuxpc,16,4427,True,31.26,0.521484,50000,RocksDB/CasMT/real_time/threads:2,iteration,,69650,10476.12554183944,10382.524221105527,,,19880.0,38220.0
80d7711,2026-04-16T11:44:04+01:00,linuxpc,16,4427,True,31.26,0.521484,50000,RocksDB/CasMT/real_time/threads:2,iteration,,69650,10439.717430079507,10342.395061019382,,,19960.0,38341.0
80d7711,2026-04-16T11:44:04+01:00,linuxpc,16,4427,True,31.26,0.521484,50000,RocksDB/CasMT/real_time/threads:2,iteration,,69650,10555.089461484795,10458.546877243361,,,19880.0,38360.0
80d7711,2026-04-16T11:44:04+01:00,linuxpc,16,4427,True,31.26,0.521484,50000,RocksDB/CasMT/real_time/threads:2_mean,aggregate,mean,5,10432.862546976872,10331.865932519742,,,19828.0,38034.200000000004
80d7711,2026-04-16T11:44:04+01:00,linuxpc,16,4427,True,31.26,0.521484,50000,RocksDB/CasMT/real_time/threads:2_median,aggregate,median,5,10439.717430079509,10342.395061019382,,,19880.0,38220.0
80d7711,2026-04-16T11:44:04+01:00,linuxpc,16,4427,True,31.26,0.521484,50000,RocksDB/CasMT/real_time/threads:2_stddev,aggregate,stddev,5,104.52968574304482,105.70052995396927,,,122.96340919151518,421.3468879671837
80d7711,2026-04-16T11:44:04+01:00,linuxpc,16,4427,True,31.26,0.521484,50000,RocksDB/CasMT/real_time/threads:2_cv,aggregate,cv,5,0.010019271822318253,0.010230536346902729,,,0.00620150338871874,0.011078105704002809
80d7711,2026-04-16T11:44:04+01:00,linuxpc,16,4427,True,31.26,0.521484,50000,RocksDB/CasMT/real_time/threads:4,iteration,,41312,13803.050033891808,13544.887054608827,,,51810.0,116883.0
80d7711,2026-04-16T11:44:04+01:00,linuxpc,16,4427,True,31.26,0.521484,50000,RocksDB/CasMT/real_time/threads:4,iteration,,41312,14728.965579023356,14460.705799767622,,,55420.0,122331.0
80d7711,2026-04-16T11:44:04+01:00,linuxpc,16,4427,True,31.26,0.521484,50000,RocksDB/CasMT/real_time/threads:4,iteration,,41312,15015.15777492512,14636.742302478693,,,55531.0,127910.0
80d7711,2026-04-16T11:44:04+01:00,linuxpc,16,4427,True,31.26,0.521484,50000,RocksDB/CasMT/real_time/threads:4,iteration,,41312,15524.425396853168,15203.882479666916,,,58670.0,129142.0
80d7711,2026-04-16T11:44:04+01:00,linuxpc,16,4427,True,31.26,0.521484,50000,RocksDB/CasMT/real_time/threads:4,iteration,,41312,15624.537325713094,15286.994093725794,,,58211.0,130301.0
80d7711,2026-04-16T11:44:04+01:00,linuxpc,16,4427,True,31.26,0.521484,50000,RocksDB/CasMT/real_time/threads:4_mean,aggregate,mean,5,14939.227222081308,14626.642346049572,,,55928.4,125313.40000000001
80d7711,2026-04-16T11:44:04+01:00,linuxpc,16,4427,True,31.26,0.521484,50000,RocksDB/CasMT/real_time/threads:4_median,aggregate,median,5,15015.15777492512,14636.742302478695,,,55531.0,127910.0
80d7711,2026-04-16T11:44:04+01:00,linuxpc,16,4427,True,31.26,0.521484,50000,RocksDB/CasMT/real_time/threads:4_stddev,aggregate,stddev,5,733.651969985605,701.2670781502933,,,2743.3669641519327,5617.8958961517155
80d7711,2026-04-16T11:44:04+01:00,linuxpc,16,4427,True,31.26,0.521484,50000,RocksDB/CasMT/real_time/threads:4_cv,aggregate,cv,5,0.04910909775180417,0.04794450165383956,,,0.049051411521730155,0.0448307674690154
80d7711,2026-04-16T11:44:04+01:00,linuxpc,16,4427,True,31.26,0.521484,50000,RocksDB/CasMT/real_time/threads:8,iteration,,30696,22345.342943732245,21485.36802840763,,,162742.0,432917.0
80d7711,2026-04-16T11:44:04+01:00,linuxpc,16,4427,True,31.26,0.521484,50000,RocksDB/CasMT/real_time/threads:8,iteration,,30696,21498.90943403005,20659.53866953347,,,157101.0,403386.0
80d7711,2026-04-16T11:44:04+01:00,linuxpc,16,4427,True,31.26,0.521484,50000,RocksDB/CasMT/real_time/threads:8,iteration,,30696,21176.014236262632,20349.06147380766,,,156010.0,398356.0
80d7711,2026-04-16T11:44:04+01:00,linuxpc,16,4427,True,31.26,0.521484,50000,RocksDB/CasMT/real_time/threads:8,iteration,,30696,21606.74032525801,20769.85271696637,,,157981.0,402114.0
80d7711,2026-04-16T11:44:04+01:00,linuxpc,16,4427,True,31.26,0.521484,50000,RocksDB/CasMT/real_time/threads:8,iteration,,30696,21600.573202156473,20829.311245764915,,,160034.0,405165.0
80d7711,2026-04-16T11:44:04+01:00,linuxpc,16,4427,True,31.26,0.521484,50000,RocksDB/CasMT/real_time/threads:8_mean,aggregate,mean,5,21645.516028287886,20818.62642689601,,,158773.6,408387.60000000003
80d7711,2026-04-16T11:44:04+01:00,linuxpc,16,4427,True,31.26,0.521484,50000,RocksDB/CasMT/real_time/threads:8_median,aggregate,median,5,21600.57320215647,20769.85271696637,,,157981.0,403386.0
80d7711,2026-04-16T11:44:04+01:00,linuxpc,16,4427,True,31.26,0.521484,50000,RocksDB/CasMT/real_time/threads:8_stddev,aggregate,stddev,5,428.72093211698245,416.18432305648366,,,2664.587078704369,13938.110284395807
80d7711,2026-04-16T11:44:04+01:00,linuxpc,16,4427,True,31.26,0.521484,50000,RocksDB/CasMT/real_time/threads:8_cv,aggregate,cv,5,0.019806454674339932,0.01999095975509732,,,0.016782305614436964,0.03412961187948852
80d7711,2026-04-16T11:44:04+01:00,linuxpc,16,4427,True,31.26,0.521484,50000,RocksDB/CasMT/real_time/threads:16,iteration,,12352,46219.572294868565,39315.68928108809,,,648599.0,2063384.0
80d7711,2026-04-16T11:44:04+01:00,linuxpc,16,4427,True,31.26,0.521484,50000,RocksDB/CasMT/real_time/threads:16,iteration,,12352,64933.584602030176,33915.308209196846,,,1012750.0,2665164.0
80d7711,2026-04-16T11:44:04+01:00,linuxpc,16,4427,True,31.26,0.521484,50000,RocksDB/CasMT/real_time/threads:16,iteration,,12352,63001.31840915863,34318.96842616584,,,985323.0,2680296.0
80d7711,2026-04-16T11:44:04+01:00,linuxpc,16,4427,True,31.26,0.521484,50000,RocksDB/CasMT/real_time/threads:16,iteration,,12352,62370.04056119185,33661.19195272019,,,999833.0,2352640.0
80d7711,2026-04-16T11:44:04+01:00,linuxpc,16,4427,True,31.26,0.521484,50000,RocksDB/CasMT/real_time/threads:16,iteration,,12352,61155.345613162,33454.80748056991,,,987353.0,2510840.0
80d7711,2026-04-16T11:44:04+01:00,linuxpc,16,4427,True,31.26,0.521484,50000,RocksDB/CasMT/real_time/threads:16_mean,aggregate,mean,5,59535.97229608224,34933.19306994817,,,926771.6000000001,2454464.8000000003
80d7711,2026-04-16T11:44:04+01:00,linuxpc,16,4427,True,31.26,0.521484,50000,RocksDB/CasMT/real_time/threads:16_median,aggregate,median,5,62370.04056119184,33915.30820919685,,,987353.0,2510840.0
80d7711,2026-04-16T11:44:04+01:00,linuxpc,16,4427,True,31.26,0.521484,50000,RocksDB/CasMT/real_time/threads:16_stddev,aggregate,stddev,5,7568.415688775714,2470.993997187278,,,155891.48573222302,255873.27379622802
80d7711,2026-04-16T11:44:04+01:00,linuxpc,16,4427,True,31.26,0.521484,50000,RocksDB/CasMT/real_time/threads:16_cv,aggregate,cv,5,0.12712340786401757,0.07073484500084219,,,0.16820917444192615,0.10424809261726956
80d7711,2026-04-16T11:44:04+01:00,linuxpc,16,4427,True,31.26,0.521484,50000,RocksDB/CasMT/real_time/threads:32,iteration,,4992,144705.04887990153,33100.02003205119,,,4062738.0,11463592.0
80d7711,2026-04-16T11:44:04+01:00,linuxpc,16,4427,True,31.26,0.521484,50000,RocksDB/CasMT/real_time/threads:32,iteration,,4992,141368.4306874949,33251.48036858978,,,4031947.0,10909377.0
80d7711,2026-04-16T11:44:04+01:00,linuxpc,16,4427,True,31.26,0.521484,50000,RocksDB/CasMT/real_time/threads:32,iteration,,4992,145840.87339914893,34169.43950320519,,,4017304.0,13113207.0
80d7711,2026-04-16T11:44:04+01:00,linuxpc,16,4427,True,31.26,0.521484,50000,RocksDB/CasMT/real_time/threads:32,iteration,,4992,139015.66786992192,34106.1374198719,,,3930891.0,10900656.0
80d7711,2026-04-16T11:44:04+01:00,linuxpc,16,4427,True,31.26,0.521484,50000,RocksDB/CasMT/real_time/threads:32,iteration,,4992,135293.050883926,33442.13201121798,,,3861201.0,10439477.0
80d7711,2026-04-16T11:44:04+01:00,linuxpc,16,4427,True,31.26,0.521484,50000,RocksDB/CasMT/real_time/threads:32_mean,aggregate,mean,5,141244.61434407864,33613.84186698721,,,3980816.2,11365261.8
80d7711,2026-04-16T11:44:04+01:00,linuxpc,16,4427,True,31.26,0.521484,50000,RocksDB/CasMT/real_time/threads:32_median,aggregate,median,5,141368.4306874949,33442.132011217975,,,4017304.0,10909377.0
80d7711,2026-04-16T11:44:04+01:00,linuxpc,16,4427,True,31.26,0.521484,50000,RocksDB/CasMT/real_time/threads:32_stddev,aggregate,stddev,5,4286.748329730815,493.9247546201118,,,82851.1032497438,1042322.9162081659
80d7711,2026-04-16T11:44:04+01:00,linuxpc,16,4427,True,31.26,0.521484,50000,RocksDB/CasMT/real_time/threads:32_cv,aggregate,cv,5,0.030349817935628267,0.014694088125201921,,,0.020812591962860227,0.09171129838893512
76c60b3,2026-04-16T13:27:01+01:00,linuxpc,16,4427,True,31.26,0.0224609,50000,ByteCaskDB/CasMT/NoSync/real_time/threads:32,iteration,,6624,104215.8414824863,15546.137681159422,,,2374128.0,10853789.0
76c60b3,2026-04-16T13:27:06+01:00,linuxpc,16,4427,True,31.26,0.0205078,50000,ByteCaskDB/CasMT/NoSync/real_time/threads:32,iteration,,6720,99019.48943544473,14510.130357142862,,,2345727.0,9476086.0
76c60b3,2026-04-16T13:27:08+01:00,linuxpc,16,4427,True,31.26,0.0205078,50000,ByteCaskDB/CasMT/NoSync/real_time/threads:32,iteration,,7104,107601.91511823765,15781.8174268018,,,2534279.0,10284360.0
76c60b3,2026-04-16T13:27:57+01:00,linuxpc,16,4427,True,31.26,0.0810547,50000,ByteCaskDB/CasMT/NoSync/real_time/threads:32,iteration,,62368,105683.67074465164,14929.741774628017,,,2458360.0,11759338.0
76c60b3,2026-04-16T13:28:11+01:00,linuxpc,16,4427,True,31.26,0.13623,50000,ByteCaskDB/CasMT/NoSync/real_time/threads:32,iteration,,111488,110657.49776660326,15573.059432405282,,,2459038.0,12219138.0
76c60b3,2026-04-16T13:28:18+01:00,linuxpc,16,4427,True,31.26,0.205566,50000,ByteCaskDB/CasMT/NoSync/real_time/threads:32,iteration,,263968,110074.13642554912,15938.368616650503,,,2459061.0,12282894.0
76c60b3,2026-04-16T13:28:33+01:00,linuxpc,16,4427,True,31.26,0.159668,50000,ByteCaskDB/CasMT/NoSync/real_time/threads:32,iteration,,238656,104507.79078662883,14211.261761698848,,,2344778.0,11593390.0
76c60b3,2026-04-16T13:28:33+01:00,linuxpc,16,4427,True,31.26,0.159668,50000,RocksDB/CasMT/NoSync/real_time/threads:32,iteration,,186304,147155.96113347134,34042.072397801436,,,4135068.0,12934236.0
76c60b3,2026-04-16T13:28:53+01:00,linuxpc,16,4427,True,31.26,0.300781,50000,ByteCaskDB/CasMT/NoSync/real_time/threads:2,iteration,,1747526,15888.255204781888,11964.604309749899,,,30120.0,50102.0
76c60b3,2026-04-16T13:28:53+01:00,linuxpc,16,4427,True,31.26,0.300781,50000,ByteCaskDB/CasMT/NoSync/real_time/threads:4,iteration,,1164212,24265.817695578018,13567.216404744155,,,85370.0,187762.0
76c60b3,2026-04-16T13:28:53+01:00,linuxpc,16,4427,True,31.26,0.300781,50000,ByteCaskDB/CasMT/NoSync/real_time/threads:8,iteration,,728584,39913.8253365545,17267.730818958422,,,267102.0,606147.0
76c60b3,2026-04-16T13:28:53+01:00,linuxpc,16,4427,True,31.26,0.300781,50000,ByteCaskDB/CasMT/NoSync/real_time/threads:16,iteration,,439200,63826.51142992237,17608.690300546445,,,891422.0,2616211.0
76c60b3,2026-04-16T13:28:53+01:00,linuxpc,16,4427,True,31.26,0.300781,50000,ByteCaskDB/CasMT/NoSync/real_time/threads:32,iteration,,249824,121580.70443591832,15395.825933457158,,,2485131.0,12750932.0
76c60b3,2026-04-16T13:28:53+01:00,linuxpc,16,4427,True,31.26,0.300781,50000,RocksDB/CasMT/NoSync/real_time/threads:2,iteration,,2581912,10799.589442633926,10699.493353762637,,,20840.0,39781.0
76c60b3,2026-04-16T13:28:53+01:00,linuxpc,16,4427,True,31.26,0.300781,50000,RocksDB/CasMT/NoSync/real_time/threads:4,iteration,,1847268,14863.3521513908,14554.873999874408,,,55000.0,128930.0
76c60b3,2026-04-16T13:28:53+01:00,linuxpc,16,4427,True,31.26,0.300781,50000,RocksDB/CasMT/NoSync/real_time/threads:8,iteration,,1244968,21675.711119493866,20784.438582357136,,,158821.0,411455.0
76c60b3,2026-04-16T13:28:53+01:00,linuxpc,16,4427,True,31.26,0.300781,50000,RocksDB/CasMT/NoSync/real_time/threads:16,iteration,,487040,59667.84122038054,31627.301012237192,,,963881.0,2410870.0
76c60b3,2026-04-16T13:28:53+01:00,linuxpc,16,4427,True,31.26,0.300781,50000,RocksDB/CasMT/NoSync/real_time/threads:32,iteration,,205056,137371.17227955186,32650.03241553527,,,3929654.0,11330336.0
76c60b3,2026-04-16T13:51:04+01:00,linuxpc,16,4427,True,31.26,0.289062,50000,ByteCaskDB/Put/NoSync/real_time,iteration,,101564,7138.79859006814,7104.7709916899685,140079.59285911932,,6520.0,13070.0
76c60b3,2026-04-16T13:51:04+01:00,linuxpc,16,4427,True,31.26,0.289062,50000,ByteCaskDB/Put/Sync/real_time,iteration,,381,1939086.3963244532,222454.4934383202,515.7067791798779,,1925924.0,2315708.0
76c60b3,2026-04-16T13:51:04+01:00,linuxpc,16,4427,True,31.26,0.289062,50000,ByteCaskDB/Del/Sync/real_time,iteration,,398,1491228.2110605186,160421.12311557797,670.5881719397119,,1902953.0,4926650.0
76c60b3,2026-04-16T13:51:04+01:00,linuxpc,16,4427,True,31.26,0.289062,50000,ByteCaskDB/Get/real_time,iteration,,859104,814.9159775789757,810.9681167821357,1227120.3749997495,,760.0,1040.0
76c60b3,2026-04-16T13:51:04+01:00,linuxpc,16,4427,True,31.26,0.289062,50000,ByteCaskDB/Range50/real_time,iteration,,19114,33592.7795854551,33470.68033901852,,29768.301770210674,33291.0,37831.0
76c60b3,2026-04-16T13:51:04+01:00,linuxpc,16,4427,True,31.26,0.289062,50000,ByteCaskDB/MixedBatch/Sync/real_time,iteration,,315,2268339.9428691096,469831.83809523773,44085.10299100717,,2237607.0,2633222.0
76c60b3,2026-04-16T13:51:04+01:00,linuxpc,16,4427,True,31.26,0.289062,50000,RocksDB/Put/NoSync/real_time,iteration,,121659,5966.7609547448355,5940.679448294,167595.11694611944,,5490.0,11540.0
76c60b3,2026-04-16T13:51:04+01:00,linuxpc,16,4427,True,31.26,0.289062,50000,RocksDB/Put/Sync/real_time,iteration,,334,2039614.0299306647,276161.2904191618,490.2888415775382,,1998795.0,2368239.0
76c60b3,2026-04-16T13:51:04+01:00,linuxpc,16,4427,True,31.26,0.289062,50000,RocksDB/Del/Sync/real_time,iteration,,351,1991118.9487164486,247049.378917378,502.2301659298849,,1967634.0,2293937.0
76c60b3,2026-04-16T13:51:04+01:00,linuxpc,16,4427,True,31.26,0.289062,50000,RocksDB/Get/real_time,iteration,,1017124,680.0591412616862,676.7337502605379,1470460.345764547,,630.0,990.0
76c60b3,2026-04-16T13:51:04+01:00,linuxpc,16,4427,True,31.26,0.289062,50000,RocksDB/Range50/real_time,iteration,,114210,5884.742185480129,5860.846011732774,,169930.97887404074,5870.0,6560.0
76c60b3,2026-04-16T13:51:04+01:00,linuxpc,16,4427,True,31.26,0.289062,50000,RocksDB/MixedBatch/Sync/real_time,iteration,,310,2315176.874183254,480936.1419354844,43193.244159921014,,2265697.0,2761823.0
76c60b3,2026-04-16T13:51:04+01:00,linuxpc,16,4427,True,31.26,0.289062,50000,ByteCaskDB/Recovery/threads:1/real_time,iteration,,51,14447084.273948954,12466431.27450981,,,,
76c60b3,2026-04-16T13:51:04+01:00,linuxpc,16,4427,True,31.26,0.289062,50000,ByteCaskDB/Recovery/threads:2/real_time,iteration,,49,14932690.490018196,2876545.2653062134,,,,
76c60b3,2026-04-16T13:51:04+01:00,linuxpc,16,4427,True,31.26,0.289062,50000,ByteCaskDB/Recovery/threads:4/real_time,iteration,,45,15485629.867503626,3748264.8444445096,,,,
76c60b3,2026-04-16T13:51:04+01:00,linuxpc,16,4427,True,31.26,0.289062,50000,ByteCaskDB/Recovery/threads:8/real_time,iteration,,44,16657750.045520846,4742229.522727293,,,,
76c60b3,2026-04-16T13:51:04+01:00,linuxpc,16,4427,True,31.26,0.289062,50000,ByteCaskDB/Recovery/threads:16/real_time,iteration,,42,17301374.476075925,5732622.095238081,,,,
76c60b3,2026-04-16T13:51:04+01:00,linuxpc,16,4427,True,31.26,0.289062,50000,ByteCaskDB/GetMT/real_time/threads:2,iteration,,770820,835.7307490703344,831.8347577904038,2393115.2494087326,,1580.0,1990.0
76c60b3,2026-04-16T13:51:04+01:00,linuxpc,16,4427,True,31.26,0.289062,50000,ByteCaskDB/GetMT/real_time/threads:4,iteration,,665356,929.4646640395899,925.574747954479,4303552.523035586,,3390.0,5830.0
76c60b3,2026-04-16T13:51:04+01:00,linuxpc,16,4427,True,31.26,0.289062,50000,ByteCaskDB/GetMT/real_time/threads:8,iteration,,494720,1475.8513684459288,1469.4604928040096,5420600.048922269,,11331.0,17470.0
76c60b3,2026-04-16T13:51:04+01:00,linuxpc,16,4427,True,31.26,0.289062,50000,ByteCaskDB/GetMT/real_time/threads:16,iteration,,355952,1941.047728400553,1794.172615970696,8242970.930541824,,28250.0,43140.0
76c60b3,2026-04-16T13:51:04+01:00,linuxpc,16,4427,True,31.26,0.289062,50000,ByteCaskDB/GetMT/real_time/threads:32,iteration,,320000,2800.894750066618,1542.1531812499998,11424920.554133244,,47051.0,75161.0
76c60b3,2026-04-16T13:51:04+01:00,linuxpc,16,4427,True,31.26,0.289062,50000,RocksDB/GetMT/real_time/threads:2,iteration,,1029814,676.3291439136722,673.35262872713,2957140.052292769,,1250.0,2060.0
76c60b3,2026-04-16T13:51:04+01:00,linuxpc,16,4427,True,31.26,0.289062,50000,RocksDB/GetMT/real_time/threads:4,iteration,,1038260,725.1208743523374,721.3171363627607,5516321.680261536,,2680.0,4490.0
76c60b3,2026-04-16T13:51:04+01:00,linuxpc,16,4427,True,31.26,0.289062,50000,RocksDB/GetMT/real_time/threads:8,iteration,,991792,742.4406911768746,738.8174718086044,10775271.47295612,,5390.0,9920.0
76c60b3,2026-04-16T13:51:04+01:00,linuxpc,16,4427,True,31.26,0.289062,50000,RocksDB/GetMT/real_time/threads:16,iteration,,573792,1284.0410427561735,920.8194241118753,12460660.887954373,,13890.0,23130.0
76c60b3,2026-04-16T13:51:04+01:00,linuxpc,16,4427,True,31.26,0.289062,50000,RocksDB/GetMT/real_time/threads:32,iteration,,320000,1740.629471896682,994.4193031249976,18384153.84586767,,30260.0,48230.0
76c60b3,2026-04-16T13:51:04+01:00,linuxpc,16,4427,True,31.26,0.289062,50000,ByteCaskDB/ReadAndWriteLoad/Sync/real_time/threads:2,iteration,,773470,871.482706503506,866.635764800186,2294939.4004893587,,1620.0,2320.0
76c60b3,2026-04-16T13:51:04+01:00,linuxpc,16,4427,True,31.26,0.289062,50000,ByteCaskDB/ReadAndWriteLoad/Sync/real_time/threads:4,iteration,,602628,1066.0397326459313,1057.574112055861,3752205.361119067,,3981.0,6480.0
76c60b3,2026-04-16T13:51:04+01:00,linuxpc,16,4427,True,31.26,0.289062,50000,ByteCaskDB/ReadAndWriteLoad/Sync/real_time/threads:8,iteration,,512888,1450.6038706179313,1443.5890857263184,5514944.611716873,,10991.0,17810.0
76c60b3,2026-04-16T13:51:04+01:00,linuxpc,16,4427,True,31.26,0.289062,50000,ByteCaskDB/ReadAndWriteLoad/Sync/real_time/threads:16,iteration,,354496,1966.9892523396636,1718.072031842389,8134258.985385188,,26640.0,42481.0
76c60b3,2026-04-16T13:51:04+01:00,linuxpc,16,4427,True,31.26,0.289062,50000,ByteCaskDB/ReadAndWriteLoad/Sync/real_time/threads:32,iteration,,444768,2647.5120804944636,1858.5865844665125,12086819.257883616,,57810.0,85520.0
76c60b3,2026-04-16T13:51:04+01:00,linuxpc,16,4427,True,31.26,0.289062,50000,ByteCaskDB/ReadAndWriteLoad/Sync/BoundedStaleness/real_time/threads:2,iteration,,798508,867.4878335571586,862.2906232623837,2305507.838419984,,1620.0,2460.0
76c60b3,2026-04-16T13:51:04+01:00,linuxpc,16,4427,True,31.26,0.289062,50000,ByteCaskDB/ReadAndWriteLoad/Sync/BoundedStaleness/real_time/threads:4,iteration,,713704,947.946191983707,939.3313432459405,4219648.787901615,,3540.0,5430.0
76c60b3,2026-04-16T13:51:04+01:00,linuxpc,16,4427,True,31.26,0.289062,50000,ByteCaskDB/ReadAndWriteLoad/Sync/BoundedStaleness/real_time/threads:8,iteration,,482040,1419.3269106623484,1412.1664197991886,5636474.542899135,,10880.0,16790.0
76c60b3,2026-04-16T13:51:04+01:00,linuxpc,16,4427,True,31.26,0.289062,50000,ByteCaskDB/ReadAndWriteLoad/Sync/BoundedStaleness/real_time/threads:16,iteration,,420704,1815.3364075609963,1611.8762312694898,8813793.373701394,,25130.0,37991.0
76c60b3,2026-04-16T13:51:04+01:00,linuxpc,16,4427,True,31.26,0.289062,50000,ByteCaskDB/ReadAndWriteLoad/Sync/BoundedStaleness/real_time/threads:32,iteration,,320000,2286.473556250712,1603.9527749999995,13995351.01226913,,49921.0,80182.0
76c60b3,2026-04-16T13:51:04+01:00,linuxpc,16,4427,True,31.26,0.289062,50000,RocksDB/ReadAndWriteLoad/Sync/real_time/threads:2,iteration,,1045444,684.0381971758443,680.3452762653953,2923813.3312690784,,1260.0,2140.0
76c60b3,2026-04-16T13:51:04+01:00,linuxpc,16,4427,True,31.26,0.289062,50000,RocksDB/ReadAndWriteLoad/Sync/real_time/threads:4,iteration,,1000736,710.7012358967595,706.3240734819179,5628244.0468150005,,2640.0,4270.0
76c60b3,2026-04-16T13:51:04+01:00,linuxpc,16,4427,True,31.26,0.289062,50000,RocksDB/ReadAndWriteLoad/Sync/real_time/threads:8,iteration,,839008,711.8334568873257,704.2583789427513,11238583.860587351,,5140.0,9590.0
76c60b3,2026-04-16T13:51:04+01:00,linuxpc,16,4427,True,31.26,0.289062,50000,RocksDB/ReadAndWriteLoad/Sync/real_time/threads:16,iteration,,688480,1012.6978590401735,943.058469381827,15799381.678524202,,14290.0,23360.0
76c60b3,2026-04-16T13:51:04+01:00,linuxpc,16,4427,True,31.26,0.289062,50000,RocksDB/ReadAndWriteLoad/Sync/real_time/threads:32,iteration,,598496,1323.6892561082252,963.2922291878291,24174858.149172492,,29180.0,46371.0
76c60b3,2026-04-16T13:51:04+01:00,linuxpc,16,4427,True,31.26,0.289062,50000,ByteCaskDB/PutMT/Sync/real_time/threads:2,iteration,,172,4179191.3604250764,287651.9941860522,478.5614793663276,,8175530.0,8993098.0
76c60b3,2026-04-16T13:51:04+01:00,linuxpc,16,4427,True,31.26,0.289062,50000,ByteCaskDB/PutMT/Sync/real_time/threads:4,iteration,,168,4078492.7143163043,153297.89880952533,980.7544797025677,,16365750.0,17343032.0
76c60b3,2026-04-16T13:51:04+01:00,linuxpc,16,4427,True,31.26,0.289062,50000,ByteCaskDB/PutMT/Sync/real_time/threads:8,iteration,,176,4323826.295397091,79876.31249999878,1850.2130875415514,,32705407.0,57048846.0
76c60b3,2026-04-16T13:51:04+01:00,linuxpc,16,4427,True,31.26,0.289062,50000,ByteCaskDB/PutMT/Sync/real_time/threads:16,iteration,,224,3925541.1204846622,68306.88839285552,4075.8712006625415,,58439544.0,66520956.0
76c60b3,2026-04-16T13:51:04+01:00,linuxpc,16,4427,True,31.26,0.289062,50000,ByteCaskDB/PutMT/Sync/real_time/threads:32,iteration,,224,2911009.250023458,37010.276785716305,10992.751053519369,,82573957.0,91628471.0
76c60b3,2026-04-16T13:51:04+01:00,linuxpc,16,4427,True,31.26,0.289062,50000,ByteCaskDB/PutMT/Sync/real_time/threads:64,iteration,,192,3139595.1874249782,23768.182291664518,20384.79363719859,,164425555.0,164425555.0
76c60b3,2026-04-16T13:51:04+01:00,linuxpc,16,4427,True,31.26,0.289062,50000,RocksDB/PutMT/Sync/real_time/threads:2,iteration,,290,2466648.800001512,198731.38965517402,810.81668375278,,3903038.0,8162229.0
76c60b3,2026-04-16T13:51:04+01:00,linuxpc,16,4427,True,31.26,0.289062,50000,RocksDB/PutMT/Sync/real_time/threads:4,iteration,,228,2662995.3333707694,106920.33771929743,1502.0679720594462,,9940024.0,16513341.0
76c60b3,2026-04-16T13:51:04+01:00,linuxpc,16,4427,True,31.26,0.289062,50000,RocksDB/PutMT/Sync/real_time/threads:8,iteration,,72,8429341.90263299,73364.88888887205,949.0657862034424,,74796962.0,95800215.0
76c60b3,2026-04-16T13:51:04+01:00,linuxpc,16,4427,True,31.26,0.289062,50000,RocksDB/PutMT/Sync/real_time/threads:16,iteration,,64,14564422.23434351,72885.34375000228,1098.567436631392,,194338531.0,284068061.0
76c60b3,2026-04-16T13:51:04+01:00,linuxpc,16,4427,True,31.26,0.289062,50000,RocksDB/PutMT/Sync/real_time/threads:32,iteration,,64,14738880.718482506,46540.78124999756,2171.1282295589863,,357732563.0,357732563.0
76c60b3,2026-04-16T13:51:04+01:00,linuxpc,16,4427,True,31.26,0.289062,50000,RocksDB/PutMT/Sync/real_time/threads:64,iteration,,64,11424219.593550334,39758.4374999859,5602.133211456465,,731097394.0,731097394.0
76c60b3,2026-04-16T13:51:04+01:00,linuxpc,16,4427,True,31.26,0.289062,50000,ByteCaskDB/PutMT/PeriodicSync/real_time/threads:2,iteration,,40870,18066.5043308415,10587.59875214094,110702.10171127466,,26630.0,48320.0
76c60b3,2026-04-16T13:51:04+01:00,linuxpc,16,4427,True,31.26,0.289062,50000,ByteCaskDB/PutMT/PeriodicSync/real_time/threads:4,iteration,,26984,35156.835976766175,13419.921842573392,113775.88138601123,,77810.0,141432.0
76c60b3,2026-04-16T13:51:04+01:00,linuxpc,16,4427,True,31.26,0.289062,50000,ByteCaskDB/PutMT/PeriodicSync/real_time/threads:8,iteration,,19480,55142.3665291897,14664.698613963026,145079.0109953875,,279485.0,423855.0
76c60b3,2026-04-16T13:51:04+01:00,linuxpc,16,4427,True,31.26,0.289062,50000,ByteCaskDB/PutMT/PeriodicSync/real_time/threads:16,iteration,,11488,63256.40015664421,13759.8155466573,252938.8324403317,,887112.0,1692901.0
76c60b3,2026-04-16T13:51:04+01:00,linuxpc,16,4427,True,31.26,0.289062,50000,ByteCaskDB/PutMT/PeriodicSync/real_time/threads:32,iteration,,7424,101890.24595774754,10394.727640086292,314063.42873359984,,2743663.0,6257104.0
76c60b3,2026-04-16T13:51:04+01:00,linuxpc,16,4427,True,31.26,0.289062,50000,ByteCaskDB/PutMT/PeriodicSync/real_time/threads:64,iteration,,3904,180932.60526249473,10473.161629098677,353722.8677338151,,10629817.0,18895739.0
76c60b3,2026-04-16T13:51:04+01:00,linuxpc,16,4427,True,31.26,0.289062,50000,RocksDB/PutMT/PeriodicSync/real_time/threads:2,iteration,,59894,12264.259959279378,10102.689701806543,163075.47350109462,,19190.0,42460.0
76c60b3,2026-04-16T13:51:04+01:00,linuxpc,16,4427,True,31.26,0.289062,50000,RocksDB/PutMT/PeriodicSync/real_time/threads:4,iteration,,46868,25416.908060931713,15470.04111547322,157375.55450925967,,60301.0,116532.0
76c60b3,2026-04-16T13:51:04+01:00,linuxpc,16,4427,True,31.26,0.289062,50000,RocksDB/PutMT/PeriodicSync/real_time/threads:8,iteration,,30272,53589.058635142545,22913.14961020079,149284.20471924046,,185683.0,302062.0
76c60b3,2026-04-16T13:51:04+01:00,linuxpc,16,4427,True,31.26,0.289062,50000,RocksDB/PutMT/PeriodicSync/real_time/threads:16,iteration,,11888,59166.8252856974,39791.25773889628,270421.8102414857,,925868.0,1822776.0
76c60b3,2026-04-16T13:51:04+01:00,linuxpc,16,4427,True,31.26,0.289062,50000,RocksDB/PutMT/PeriodicSync/real_time/threads:32,iteration,,4448,152435.39770616728,24707.334307553963,209924.9943355206,,4131134.0,7859449.0
76c60b3,2026-04-16T13:51:04+01:00,linuxpc,16,4427,True,31.26,0.289062,50000,RocksDB/PutMT/PeriodicSync/real_time/threads:64,iteration,,2816,236277.97122571792,25901.97301136359,270867.40108691884,,14831736.0,20939534.0
76c60b3,2026-04-16T13:51:04+01:00,linuxpc,16,4427,True,31.26,0.289062,50000,ByteCaskDB/CasMT/NoSync/real_time/threads:2,iteration,,41436,17009.807486358462,13092.825441644944,,,30250.0,52871.0
76c60b3,2026-04-16T13:51:04+01:00,linuxpc,16,4427,True,31.26,0.289062,50000,ByteCaskDB/CasMT/NoSync/real_time/threads:4,iteration,,25120,27836.358558951863,16136.072093949098,,,100960.0,211183.0
76c60b3,2026-04-16T13:51:04+01:00,linuxpc,16,4427,True,31.26,0.289062,50000,ByteCaskDB/CasMT/NoSync/real_time/threads:8,iteration,,17312,37483.069777971854,17587.719963031348,,,252113.0,574057.0
76c60b3,2026-04-16T13:51:04+01:00,linuxpc,16,4427,True,31.26,0.289062,50000,ByteCaskDB/CasMT/NoSync/real_time/threads:16,iteration,,10224,68963.1511143863,19807.8601330201,,,976891.0,2788484.0
76c60b3,2026-04-16T13:51:04+01:00,linuxpc,16,4427,True,31.26,0.289062,50000,ByteCaskDB/CasMT/NoSync/real_time/threads:32,iteration,,6592,110564.94281326451,15668.40685679586,,,2637431.0,10358731.0
76c60b3,2026-04-16T13:51:04+01:00,linuxpc,16,4427,True,31.26,0.289062,50000,ByteCaskDB/CasMT/Sync/real_time/threads:2,iteration,,118,4265335.5847474905,233561.99999999325,,,7811274.0,8382262.0
76c60b3,2026-04-16T13:51:04+01:00,linuxpc,16,4427,True,31.26,0.289062,50000,ByteCaskDB/CasMT/Sync/real_time/threads:4,iteration,,140,5101160.421431164,114333.43571429458,,,15370236.0,79249186.0
76c60b3,2026-04-16T13:51:04+01:00,linuxpc,16,4427,True,31.26,0.289062,50000,ByteCaskDB/CasMT/Sync/real_time/threads:8,iteration,,176,4885929.795488086,66142.51704546761,,,31228644.0,40723638.0
76c60b3,2026-04-16T13:51:04+01:00,linuxpc,16,4427,True,31.26,0.289062,50000,ByteCaskDB/CasMT/Sync/real_time/threads:16,iteration,,48,22803150.87470323,58016.27083331841,,,373287772.0,373287772.0
76c60b3,2026-04-16T13:51:04+01:00,linuxpc,16,4427,True,31.26,0.289062,50000,ByteCaskDB/CasMT/Sync/real_time/threads:32,iteration,,32,24600233.21850713,69151.24999997942,,,787157302.0,787157302.0
76c60b3,2026-04-16T13:51:04+01:00,linuxpc,16,4427,True,31.26,0.289062,50000,RocksDB/CasMT/NoSync/real_time/threads:2,iteration,,51192,11344.854879646333,11240.52113611501,,,21830.0,42100.0
76c60b3,2026-04-16T13:51:04+01:00,linuxpc,16,4427,True,31.26,0.289062,50000,RocksDB/CasMT/NoSync/real_time/threads:4,iteration,,39752,16564.41560178899,16247.278702958309,,,62693.0,137833.0
76c60b3,2026-04-16T13:51:04+01:00,linuxpc,16,4427,True,31.26,0.289062,50000,RocksDB/CasMT/NoSync/real_time/threads:8,iteration,,26808,23944.92394043191,22760.481199641876,,,175001.0,425347.0
76c60b3,2026-04-16T13:51:04+01:00,linuxpc,16,4427,True,31.26,0.289062,50000,RocksDB/CasMT/NoSync/real_time/threads:16,iteration,,11808,51781.22264537841,43847.233062330546,,,756208.0,2001103.0
76c60b3,2026-04-16T13:51:04+01:00,linuxpc,16,4427,True,31.26,0.289062,50000,RocksDB/CasMT/NoSync/real_time/threads:32,iteration,,4384,146594.7107683123,36030.487226277495,,,4160891.0,11115418.0
76c60b3,2026-04-16T13:51:04+01:00,linuxpc,16,4427,True,31.26,0.289062,50000,RocksDB/CasMT/Sync/real_time/threads:2,iteration,,204,4004545.725490293,161379.98039216062,,,6681551.0,43774883.0
76c60b3,2026-04-16T13:51:04+01:00,linuxpc,16,4427,True,31.26,0.289062,50000,RocksDB/CasMT/Sync/real_time/threads:4,iteration,,196,4260589.887758679,115377.47448979951,,,13799808.0,84554149.0
76c60b3,2026-04-16T13:51:04+01:00,linuxpc,16,4427,True,31.26,0.289062,50000,RocksDB/CasMT/Sync/real_time/threads:8,iteration,,32,17833096.656431735,86456.28124990045,,,46724615.0,182110998.0
76c60b3,2026-04-16T13:51:04+01:00,linuxpc,16,4427,True,31.26,0.289062,50000,RocksDB/CasMT/Sync/real_time/threads:16,iteration,,64,11150401.421559764,71737.03124998874,,,138247414.0,183887278.0
76c60b3,2026-04-16T13:51:04+01:00,linuxpc,16,4427,True,31.26,0.289062,50000,RocksDB/CasMT/Sync/real_time/threads:32,iteration,,32,16095710.811896425,89049.99999989718,,,515011626.0,515011626.0
76c60b3,2026-04-16T13:55:50+01:00,linuxpc,16,4427,True,31.26,0.0561523,1000000,ByteCaskDB/CasMT/NoSync/real_time/threads:2,iteration,,34478,18524.806195402878,13530.80964673125,,,35970.0,53670.0
76c60b3,2026-04-16T13:55:50+01:00,linuxpc,16,4427,True,31.26,0.0561523,1000000,ByteCaskDB/CasMT/NoSync/real_time/threads:2,iteration,,34478,18936.922704216748,14197.628168687284,,,36800.0,56571.0
76c60b3,2026-04-16T13:55:50+01:00,linuxpc,16,4427,True,31.26,0.0561523,1000000,ByteCaskDB/CasMT/NoSync/real_time/threads:2,iteration,,34478,18445.683479467858,13367.513109809162,,,35780.0,56310.0
76c60b3,2026-04-16T13:55:50+01:00,linuxpc,16,4427,True,31.26,0.0561523,1000000,ByteCaskDB/CasMT/NoSync/real_time/threads:2,iteration,,34478,16715.00052210255,12417.4795521782,,,34380.0,53501.0
76c60b3,2026-04-16T13:55:50+01:00,linuxpc,16,4427,True,31.26,0.0561523,1000000,ByteCaskDB/CasMT/NoSync/real_time/threads:2,iteration,,34478,17203.87850213494,12908.906259063759,,,35001.0,51232.0
76c60b3,2026-04-16T13:55:50+01:00,linuxpc,16,4427,True,31.26,0.0561523,1000000,ByteCaskDB/CasMT/NoSync/real_time/threads:2_mean,aggregate,mean,5,17965.258280664995,13284.467347293932,,,35586.200000000004,54256.8
76c60b3,2026-04-16T13:55:50+01:00,linuxpc,16,4427,True,31.26,0.0561523,1000000,ByteCaskDB/CasMT/NoSync/real_time/threads:2_median,aggregate,median,5,18445.683479467858,13367.513109809162,,,35780.0,53670.0
76c60b3,2026-04-16T13:55:50+01:00,linuxpc,16,4427,True,31.26,0.0561523,1000000,ByteCaskDB/CasMT/NoSync/real_time/threads:2_stddev,aggregate,stddev,5,952.743095294868,669.7308751960902,,,929.4553243699721,2215.633927344508
76c60b3,2026-04-16T13:55:50+01:00,linuxpc,16,4427,True,31.26,0.0561523,1000000,ByteCaskDB/CasMT/NoSync/real_time/threads:2_cv,aggregate,cv,5,0.05303252980895087,0.05041458251109447,,,0.02611842018450894,0.04083605976291465
76c60b3,2026-04-16T13:55:50+01:00,linuxpc,16,4427,True,31.26,0.0561523,1000000,ByteCaskDB/CasMT/NoSync/real_time/threads:4,iteration,,26168,23538.708384316942,13529.17498471416,,,88141.0,177814.0
76c60b3,2026-04-16T13:55:50+01:00,linuxpc,16,4427,True,31.26,0.0561523,1000000,ByteCaskDB/CasMT/NoSync/real_time/threads:4,iteration,,26168,26590.33571499592,15158.009286151026,,,93373.0,217583.0
76c60b3,2026-04-16T13:55:50+01:00,linuxpc,16,4427,True,31.26,0.0561523,1000000,ByteCaskDB/CasMT/NoSync/real_time/threads:4,iteration,,26168,29089.92544331556,16565.840836135736,,,99571.0,367005.0
76c60b3,2026-04-16T13:55:50+01:00,linuxpc,16,4427,True,31.26,0.0561523,1000000,ByteCaskDB/CasMT/NoSync/real_time/threads:4,iteration,,26168,24383.566187666216,13698.962931825137,,,89581.0,180952.0
76c60b3,2026-04-16T13:55:50+01:00,linuxpc,16,4427,True,31.26,0.0561523,1000000,ByteCaskDB/CasMT/NoSync/real_time/threads:4,iteration,,26168,26982.076467435953,15488.290048914714,,,90581.0,331484.0
76c60b3,2026-04-16T13:55:50+01:00,linuxpc,16,4427,True,31.26,0.0561523,1000000,ByteCaskDB/CasMT/NoSync/real_time/threads:4_mean,aggregate,mean,5,26116.922439546113,14888.055617548156,,,92249.40000000001,254967.6
76c60b3,2026-04-16T13:55:50+01:00,linuxpc,16,4427,True,31.26,0.0561523,1000000,ByteCaskDB/CasMT/NoSync/real_time/threads:4_median,aggregate,median,5,26590.33571499592,15158.009286151026,,,90581.0,217583.0
76c60b3,2026-04-16T13:55:50+01:00,linuxpc,16,4427,True,31.26,0.0561523,1000000,ByteCaskDB/CasMT/NoSync/real_time/threads:4_stddev,aggregate,stddev,5,2205.8484814397934,1275.5996222397048,,,4518.051881065391,88368.16992164089
76c60b3,2026-04-16T13:55:50+01:00,linuxpc,16,4427,True,31.26,0.0561523,1000000,ByteCaskDB/CasMT/NoSync/real_time/threads:4_cv,aggregate,cv,5,0.0844605058863945,0.08567939662558685,,,0.048976490698751325,0.3465858796240812
76c60b3,2026-04-16T13:55:50+01:00,linuxpc,16,4427,True,31.26,0.0561523,1000000,ByteCaskDB/CasMT/NoSync/real_time/threads:8,iteration,,19664,37550.58146930257,17483.28870016275,,,253543.0,570047.0
76c60b3,2026-04-16T13:55:50+01:00,linuxpc,16,4427,True,31.26,0.0561523,1000000,ByteCaskDB/CasMT/NoSync/real_time/threads:8,iteration,,19664,36475.01815524127,16739.98586248982,,,248172.0,549747.0
76c60b3,2026-04-16T13:55:50+01:00,linuxpc,16,4427,True,31.26,0.0561523,1000000,ByteCaskDB/CasMT/NoSync/real_time/threads:8,iteration,,19664,37212.58456979991,17251.575010170873,,,256492.0,585487.0
76c60b3,2026-04-16T13:55:50+01:00,linuxpc,16,4427,True,31.26,0.0561523,1000000,ByteCaskDB/CasMT/NoSync/real_time/threads:8,iteration,,19664,39014.489370682706,17283.58487591537,,,266544.0,596027.0
76c60b3,2026-04-16T13:55:50+01:00,linuxpc,16,4427,True,31.26,0.0561523,1000000,ByteCaskDB/CasMT/NoSync/real_time/threads:8,iteration,,19664,37571.215419070984,17648.892849877964,,,235733.0,582767.0
76c60b3,2026-04-16T13:55:50+01:00,linuxpc,16,4427,True,31.26,0.0561523,1000000,ByteCaskDB/CasMT/NoSync/real_time/threads:8_mean,aggregate,mean,5,37564.777796819486,17281.465459723353,,,252096.80000000002,576815.0
76c60b3,2026-04-16T13:55:50+01:00,linuxpc,16,4427,True,31.26,0.0561523,1000000,ByteCaskDB/CasMT/NoSync/real_time/threads:8_median,aggregate,median,5,37550.581469302575,17283.58487591537,,,253543.0,582767.0
76c60b3,2026-04-16T13:55:50+01:00,linuxpc,16,4427,True,31.26,0.0561523,1000000,ByteCaskDB/CasMT/NoSync/real_time/threads:8_stddev,aggregate,stddev,5,923.7860644730874,342.72204209003837,,,11328.160384634173,17735.651101665255
76c60b3,2026-04-16T13:55:50+01:00,linuxpc,16,4427,True,31.26,0.0561523,1000000,ByteCaskDB/CasMT/NoSync/real_time/threads:8_cv,aggregate,cv,5,0.024591814956810468,0.019831769642962023,,,0.044935756362770855,0.030747555284909814
76c60b3,2026-04-16T13:55:50+01:00,linuxpc,16,4427,True,31.26,0.0561523,1000000,ByteCaskDB/CasMT/NoSync/real_time/threads:16,iteration,,11248,53975.49084151578,12575.769292318648,,,640115.0,2758477.0
76c60b3,2026-04-16T13:55:50+01:00,linuxpc,16,4427,True,31.26,0.0561523,1000000,ByteCaskDB/CasMT/NoSync/real_time/threads:16,iteration,,11248,65917.56285615056,18837.22795163587,,,929601.0,2573521.0
76c60b3,2026-04-16T13:55:50+01:00,linuxpc,16,4427,True,31.26,0.0561523,1000000,ByteCaskDB/CasMT/NoSync/real_time/threads:16,iteration,,11248,61784.26004615326,17941.719416785236,,,880602.0,2420669.0
76c60b3,2026-04-16T13:55:50+01:00,linuxpc,16,4427,True,31.26,0.0561523,1000000,ByteCaskDB/CasMT/NoSync/real_time/threads:16,iteration,,11248,61339.70012460345,17227.75417852063,,,860801.0,2448539.0
76c60b3,2026-04-16T13:55:50+01:00,linuxpc,16,4427,True,31.26,0.0561523,1000000,ByteCaskDB/CasMT/NoSync/real_time/threads:16,iteration,,11248,64307.77907158831,17625.387268847786,,,876830.0,2644151.0
76c60b3,2026-04-16T13:55:50+01:00,linuxpc,16,4427,True,31.26,0.0561523,1000000,ByteCaskDB/CasMT/NoSync/real_time/threads:16_mean,aggregate,mean,5,61464.95858800227,16841.57162162163,,,837589.8,2569071.4000000004
76c60b3,2026-04-16T13:55:50+01:00,linuxpc,16,4427,True,31.26,0.0561523,1000000,ByteCaskDB/CasMT/NoSync/real_time/threads:16_median,aggregate,median,5,61784.26004615326,17625.387268847786,,,876830.0,2573521.0
76c60b3,2026-04-16T13:55:50+01:00,linuxpc,16,4427,True,31.26,0.0561523,1000000,ByteCaskDB/CasMT/NoSync/real_time/threads:16_stddev,aggregate,stddev,5,4585.768291685675,2457.3126992461707,,,113347.87162845203,139716.2824827455
76c60b3,2026-04-16T13:55:50+01:00,linuxpc,16,4427,True,31.26,0.0561523,1000000,ByteCaskDB/CasMT/NoSync/real_time/threads:16_cv,aggregate,cv,5,0.07460784806549596,0.14590756459399615,,,0.13532623203918198,0.05438396242422281
76c60b3,2026-04-16T13:55:50+01:00,linuxpc,16,4427,True,31.26,0.0561523,1000000,ByteCaskDB/CasMT/NoSync/real_time/threads:32,iteration,,6432,110336.9762116999,16188.268656716422,,,2623652.0,11398517.0
76c60b3,2026-04-16T13:55:50+01:00,linuxpc,16,4427,True,31.26,0.0561523,1000000,ByteCaskDB/CasMT/NoSync/real_time/threads:32,iteration,,6432,107703.38992269491,15614.114427860697,,,2612671.0,10855252.0
76c60b3,2026-04-16T13:55:50+01:00,linuxpc,16,4427,True,31.26,0.0561523,1000000,ByteCaskDB/CasMT/NoSync/real_time/threads:32,iteration,,6432,105389.16324580737,15782.131685323378,,,2475571.0,10587239.0
76c60b3,2026-04-16T13:55:50+01:00,linuxpc,16,4427,True,31.26,0.0561523,1000000,ByteCaskDB/CasMT/NoSync/real_time/threads:32,iteration,,6432,108125.06079176033,15719.17304104479,,,2571101.0,11044393.0
76c60b3,2026-04-16T13:55:50+01:00,linuxpc,16,4427,True,31.26,0.0561523,1000000,ByteCaskDB/CasMT/NoSync/real_time/threads:32,iteration,,6432,106926.67537050828,15754.373756218958,,,2565712.0,10759880.0
76c60b3,2026-04-16T13:55:50+01:00,linuxpc,16,4427,True,31.26,0.0561523,1000000,ByteCaskDB/CasMT/NoSync/real_time/threads:32_mean,aggregate,mean,5,107696.25310849417,15811.612313432848,,,2569741.4000000004,10929056.200000001
76c60b3,2026-04-16T13:55:50+01:00,linuxpc,16,4427,True,31.26,0.0561523,1000000,ByteCaskDB/CasMT/NoSync/real_time/threads:32_median,aggregate,median,5,107703.38992269493,15754.373756218958,,,2571101.0,10855252.0
76c60b3,2026-04-16T13:55:50+01:00,linuxpc,16,4427,True,31.26,0.0561523,1000000,ByteCaskDB/CasMT/NoSync/real_time/threads:32_stddev,aggregate,stddev,5,1807.7789549938395,219.9805643043107,,,58385.46942774248,310081.7089779334
76c60b3,2026-04-16T13:55:50+01:00,linuxpc,16,4427,True,31.26,0.0561523,1000000,ByteCaskDB/CasMT/NoSync/real_time/threads:32_cv,aggregate,cv,5,0.0167859038992997,0.013912595372543059,,,0.022720367671137054,0.02837223117014746
76c60b3,2026-04-16T13:55:50+01:00,linuxpc,16,4427,True,31.26,0.0561523,1000000,ByteCaskDB/CasMT/Sync/real_time/threads:2,iteration,,158,4267252.3417468835,232378.63924050983,,,7729634.0,26300020.0
76c60b3,2026-04-16T13:55:50+01:00,linuxpc,16,4427,True,31.26,0.0561523,1000000,ByteCaskDB/CasMT/Sync/real_time/threads:2,iteration,,158,4028275.1392566487,259900.4430379745,,,7890376.0,13988360.0
76c60b3,2026-04-16T13:55:50+01:00,linuxpc,16,4427,True,31.26,0.0561523,1000000,ByteCaskDB/CasMT/Sync/real_time/threads:2,iteration,,158,4295087.050632913,258362.322784808,,,8065929.0,8809036.0
76c60b3,2026-04-16T13:55:50+01:00,linuxpc,16,4427,True,31.26,0.0561523,1000000,ByteCaskDB/CasMT/Sync/real_time/threads:2,iteration,,158,4322649.797485829,244212.9746835453,,,7929046.0,26269630.0
76c60b3,2026-04-16T13:55:50+01:00,linuxpc,16,4427,True,31.26,0.0561523,1000000,ByteCaskDB/CasMT/Sync/real_time/threads:2,iteration,,158,4746481.46834475,259138.53797468662,,,7930947.0,46919902.0
76c60b3,2026-04-16T13:55:50+01:00,linuxpc,16,4427,True,31.26,0.0561523,1000000,ByteCaskDB/CasMT/Sync/real_time/threads:2_mean,aggregate,mean,5,4331949.159493404,250798.58354430489,,,7909186.4,24457389.6
76c60b3,2026-04-16T13:55:50+01:00,linuxpc,16,4427,True,31.26,0.0561523,1000000,ByteCaskDB/CasMT/Sync/real_time/threads:2_median,aggregate,median,5,4295087.050632913,258362.32278480806,,,7929046.0,26269630.0
76c60b3,2026-04-16T13:55:50+01:00,linuxpc,16,4427,True,31.26,0.0561523,1000000,ByteCaskDB/CasMT/Sync/real_time/threads:2_stddev,aggregate,stddev,5,259656.46394722728,12168.334208751887,,,120446.11406471783,14711521.985631354
76c60b3,2026-04-16T13:55:50+01:00,linuxpc,16,4427,True,31.26,0.0561523,1000000,ByteCaskDB/CasMT/Sync/real_time/threads:2_cv,aggregate,cv,5,0.05993986872588148,0.048518353001791525,,,0.015228635155787682,0.6015164425246492
76c60b3,2026-04-16T13:55:50+01:00,linuxpc,16,4427,True,31.26,0.0561523,1000000,ByteCaskDB/CasMT/Sync/real_time/threads:4,iteration,,172,5279766.808133328,137692.34883720896,,,16245938.0,94131424.0
76c60b3,2026-04-16T13:55:50+01:00,linuxpc,16,4427,True,31.26,0.0561523,1000000,ByteCaskDB/CasMT/Sync/real_time/threads:4,iteration,,172,5020350.959332359,138988.5406976761,,,16139578.0,92800582.0
76c60b3,2026-04-16T13:55:50+01:00,linuxpc,16,4427,True,31.26,0.0561523,1000000,ByteCaskDB/CasMT/Sync/real_time/threads:4,iteration,,172,5257030.354652332,166133.54651162555,,,15767823.0,92578149.0
76c60b3,2026-04-16T13:55:50+01:00,linuxpc,16,4427,True,31.26,0.0561523,1000000,ByteCaskDB/CasMT/Sync/real_time/threads:4,iteration,,172,4540533.593044952,141151.267441859,,,16095636.0,32623937.0
76c60b3,2026-04-16T13:55:50+01:00,linuxpc,16,4427,True,31.26,0.0561523,1000000,ByteCaskDB/CasMT/Sync/real_time/threads:4,iteration,,172,4761956.883750065,146116.79069767176,,,16073317.0,49478452.0
76c60b3,2026-04-16T13:55:50+01:00,linuxpc,16,4427,True,31.26,0.0561523,1000000,ByteCaskDB/CasMT/Sync/real_time/threads:4_mean,aggregate,mean,5,4971927.719782608,146016.4988372083,,,16064458.4,72322508.8
76c60b3,2026-04-16T13:55:50+01:00,linuxpc,16,4427,True,31.26,0.0561523,1000000,ByteCaskDB/CasMT/Sync/real_time/threads:4_median,aggregate,median,5,5020350.959332359,141151.26744185897,,,16095636.0,92578149.0
76c60b3,2026-04-16T13:55:50+01:00,linuxpc,16,4427,True,31.26,0.0561523,1000000,ByteCaskDB/CasMT/Sync/real_time/threads:4_stddev,aggregate,stddev,5,319602.0460755519,11694.654879001928,,,178620.32190460493,29168042.264345538
76c60b3,2026-04-16T13:55:50+01:00,linuxpc,16,4427,True,31.26,0.0561523,1000000,ByteCaskDB/CasMT/Sync/real_time/threads:4_cv,aggregate,cv,5,0.06428131382600352,0.08009132510457008,,,0.011118975657754196,0.40330517771454216
76c60b3,2026-04-16T13:55:50+01:00,linuxpc,16,4427,True,31.26,0.0561523,1000000,ByteCaskDB/CasMT/Sync/real_time/threads:8,iteration,,112,8104205.598101543,105383.69642856985,,,29909771.0,207198354.0
76c60b3,2026-04-16T13:55:50+01:00,linuxpc,16,4427,True,31.26,0.0561523,1000000,ByteCaskDB/CasMT/Sync/real_time/threads:8,iteration,,112,9694235.035762435,96804.57142857264,,,32753817.0,212551797.0
76c60b3,2026-04-16T13:55:50+01:00,linuxpc,16,4427,True,31.26,0.0561523,1000000,ByteCaskDB/CasMT/Sync/real_time/threads:8,iteration,,112,7103304.553701102,87610.74107142586,,,31712594.0,188851341.0
76c60b3,2026-04-16T13:55:50+01:00,linuxpc,16,4427,True,31.26,0.0561523,1000000,ByteCaskDB/CasMT/Sync/real_time/threads:8,iteration,,112,5593567.857171625,104483.76785714563,,,29946035.0,35583163.0
76c60b3,2026-04-16T13:55:50+01:00,linuxpc,16,4427,True,31.26,0.0561523,1000000,ByteCaskDB/CasMT/Sync/real_time/threads:8,iteration,,112,7153496.839302014,98534.12499999336,,,28151457.0,184704514.0
76c60b3,2026-04-16T13:55:50+01:00,linuxpc,16,4427,True,31.26,0.0561523,1000000,ByteCaskDB/CasMT/Sync/real_time/threads:8_mean,aggregate,mean,5,7529761.976807745,98563.38035714148,,,30494734.8,165777833.8
76c60b3,2026-04-16T13:55:50+01:00,linuxpc,16,4427,True,31.26,0.0561523,1000000,ByteCaskDB/CasMT/Sync/real_time/threads:8_median,aggregate,median,5,7153496.8393020155,98534.12499999335,,,29946035.0,188851341.0
76c60b3,2026-04-16T13:55:50+01:00,linuxpc,16,4427,True,31.26,0.0561523,1000000,ByteCaskDB/CasMT/Sync/real_time/threads:8_stddev,aggregate,stddev,5,1507250.655442242,7152.312065173719,,,1783314.21678741,73730457.39329073
76c60b3,2026-04-16T13:55:50+01:00,linuxpc,16,4427,True,31.26,0.0561523,1000000,ByteCaskDB/CasMT/Sync/real_time/threads:8_cv,aggregate,cv,5,0.20017241714740677,0.07256561249479805,,,0.058479413855647304,0.4447546195002261
76c60b3,2026-04-16T13:55:50+01:00,linuxpc,16,4427,True,31.26,0.0561523,1000000,ByteCaskDB/CasMT/Sync/real_time/threads:16,iteration,,32,17413957.687494986,64758.12499999512,,,161545357.0,161545357.0
76c60b3,2026-04-16T13:55:50+01:00,linuxpc,16,4427,True,31.26,0.0561523,1000000,ByteCaskDB/CasMT/Sync/real_time/threads:16,iteration,,32,23701797.90682414,59130.62499999367,,,331163022.0,331163022.0
76c60b3,2026-04-16T13:55:50+01:00,linuxpc,16,4427,True,31.26,0.0561523,1000000,ByteCaskDB/CasMT/Sync/real_time/threads:16,iteration,,32,14148843.936936827,64760.65625000595,,,70919040.0,70919040.0
76c60b3,2026-04-16T13:55:50+01:00,linuxpc,16,4427,True,31.26,0.0561523,1000000,ByteCaskDB/CasMT/Sync/real_time/threads:16,iteration,,32,14154280.625234606,63709.68749998614,,,71519168.0,71519168.0
76c60b3,2026-04-16T13:55:50+01:00,linuxpc,16,4427,True,31.26,0.0561523,1000000,ByteCaskDB/CasMT/Sync/real_time/threads:16,iteration,,32,17255306.7818626,67821.06249997731,,,158696856.0,158696856.0
76c60b3,2026-04-16T13:55:50+01:00,linuxpc,16,4427,True,31.26,0.0561523,1000000,ByteCaskDB/CasMT/Sync/real_time/threads:16_mean,aggregate,mean,5,17334837.387670632,64036.03124999163,,,158768688.6,158768688.6
76c60b3,2026-04-16T13:55:50+01:00,linuxpc,16,4427,True,31.26,0.0561523,1000000,ByteCaskDB/CasMT/Sync/real_time/threads:16_median,aggregate,median,5,17255306.7818626,64758.12499999511,,,158696856.0,158696856.0
76c60b3,2026-04-16T13:55:50+01:00,linuxpc,16,4427,True,31.26,0.0561523,1000000,ByteCaskDB/CasMT/Sync/real_time/threads:16_stddev,aggregate,stddev,5,3899271.3094487237,3144.1403061289566,,,106133831.59934165,106133831.59934165
76c60b3,2026-04-16T13:55:50+01:00,linuxpc,16,4427,True,31.26,0.0561523,1000000,ByteCaskDB/CasMT/Sync/real_time/threads:16_cv,aggregate,cv,5,0.22493844171979785,0.049099549812112495,,,0.668480873245316,0.668480873245316
76c60b3,2026-04-16T13:55:50+01:00,linuxpc,16,4427,True,31.26,0.0561523,1000000,ByteCaskDB/CasMT/Sync/real_time/threads:32,iteration,,32,25898893.561816294,73449.68750000666,,,828721124.0,828721124.0
76c60b3,2026-04-16T13:55:50+01:00,linuxpc,16,4427,True,31.26,0.0561523,1000000,ByteCaskDB/CasMT/Sync/real_time/threads:32,iteration,,32,24641081.906565886,68796.24999999953,,,788466741.0,788466741.0
76c60b3,2026-04-16T13:55:50+01:00,linuxpc,16,4427,True,31.26,0.0561523,1000000,ByteCaskDB/CasMT/Sync/real_time/threads:32,iteration,,32,25971134.56158695,70865.93750000511,,,831031886.0,831031886.0
76c60b3,2026-04-16T13:55:50+01:00,linuxpc,16,4427,True,31.26,0.0561523,1000000,ByteCaskDB/CasMT/Sync/real_time/threads:32,iteration,,32,26062229.280569226,73657.5000000048,,,833946145.0,833946145.0
76c60b3,2026-04-16T13:55:50+01:00,linuxpc,16,4427,True,31.26,0.0561523,1000000,ByteCaskDB/CasMT/Sync/real_time/threads:32,iteration,,32,24571566.531449206,63355.34375001546,,,786239935.0,786239935.0
76c60b3,2026-04-16T13:55:50+01:00,linuxpc,16,4427,True,31.26,0.0561523,1000000,ByteCaskDB/CasMT/Sync/real_time/threads:32_mean,aggregate,mean,5,25428981.168397512,70024.94375000632,,,813681166.2,813681166.2
76c60b3,2026-04-16T13:55:50+01:00,linuxpc,16,4427,True,31.26,0.0561523,1000000,ByteCaskDB/CasMT/Sync/real_time/threads:32_median,aggregate,median,5,25898893.561816294,70865.93750000511,,,828721124.0,828721124.0
76c60b3,2026-04-16T13:55:50+01:00,linuxpc,16,4427,True,31.26,0.0561523,1000000,ByteCaskDB/CasMT/Sync/real_time/threads:32_stddev,aggregate,stddev,5,753607.3641580085,4231.573514701475,,,24117968.31154067,24117968.31154067
76c60b3,2026-04-16T13:55:50+01:00,linuxpc,16,4427,True,31.26,0.0561523,1000000,ByteCaskDB/CasMT/Sync/real_time/threads:32_cv,aggregate,cv,5,0.029635767125997657,0.060429516799163335,,,0.029640563544287023,0.029640563544287023
76c60b3,2026-04-16T13:55:50+01:00,linuxpc,16,4427,True,31.26,0.0561523,1000000,RocksDB/CasMT/NoSync/real_time/threads:2,iteration,,59794,11607.657674728353,11460.554905174442,,,21680.0,43522.0
76c60b3,2026-04-16T13:55:50+01:00,linuxpc,16,4427,True,31.26,0.0561523,1000000,RocksDB/CasMT/NoSync/real_time/threads:2,iteration,,59794,11452.390842058408,11336.658494163294,,,21800.0,42850.0
76c60b3,2026-04-16T13:55:50+01:00,linuxpc,16,4427,True,31.26,0.0561523,1000000,RocksDB/CasMT/NoSync/real_time/threads:2,iteration,,59794,13023.862829134088,12825.631601832962,,,25010.0,48531.0
76c60b3,2026-04-16T13:55:50+01:00,linuxpc,16,4427,True,31.26,0.0561523,1000000,RocksDB/CasMT/NoSync/real_time/threads:2,iteration,,59794,12249.372997287195,11995.995584841274,,,22800.0,44591.0
76c60b3,2026-04-16T13:55:50+01:00,linuxpc,16,4427,True,31.26,0.0561523,1000000,RocksDB/CasMT/NoSync/real_time/threads:2,iteration,,59794,12217.99541778597,11907.008529283874,,,22492.0,44840.0
76c60b3,2026-04-16T13:55:50+01:00,linuxpc,16,4427,True,31.26,0.0561523,1000000,RocksDB/CasMT/NoSync/real_time/threads:2_mean,aggregate,mean,5,12110.255952198804,11905.169823059168,,,22756.4,44866.8
76c60b3,2026-04-16T13:55:50+01:00,linuxpc,16,4427,True,31.26,0.0561523,1000000,RocksDB/CasMT/NoSync/real_time/threads:2_median,aggregate,median,5,12217.99541778597,11907.008529283874,,,22492.0,44591.0
76c60b3,2026-04-16T13:55:50+01:00,linuxpc,16,4427,True,31.26,0.0561523,1000000,RocksDB/CasMT/NoSync/real_time/threads:2_stddev,aggregate,stddev,5,622.7018552081774,586.5982744425812,,,1343.8618976665598,2201.0858002358177
76c60b3,2026-04-16T13:55:50+01:00,linuxpc,16,4427,True,31.26,0.0561523,1000000,RocksDB/CasMT/NoSync/real_time/threads:2_cv,aggregate,cv,5,0.0514193802068334,0.04927256672192922,,,0.05905423958387793,0.04905823014424513
76c60b3,2026-04-16T13:55:50+01:00,linuxpc,16,4427,True,31.26,0.0561523,1000000,RocksDB/CasMT/NoSync/real_time/threads:4,iteration,,40992,17349.864388275728,16954.93957357535,,,65800.0,144422.0
76c60b3,2026-04-16T13:55:50+01:00,linuxpc,16,4427,True,31.26,0.0561523,1000000,RocksDB/CasMT/NoSync/real_time/threads:4,iteration,,40992,17029.063719626072,16690.102727361467,,,64482.0,142352.0
76c60b3,2026-04-16T13:55:50+01:00,linuxpc,16,4427,True,31.26,0.0561523,1000000,RocksDB/CasMT/NoSync/real_time/threads:4,iteration,,40992,16574.316549786567,16232.97272638566,,,62411.0,139590.0
76c60b3,2026-04-16T13:55:50+01:00,linuxpc,16,4427,True,31.26,0.0561523,1000000,RocksDB/CasMT/NoSync/real_time/threads:4,iteration,,40992,16839.51758878166,16496.390271272423,,,63371.0,146731.0
76c60b3,2026-04-16T13:55:50+01:00,linuxpc,16,4427,True,31.26,0.0561523,1000000,RocksDB/CasMT/NoSync/real_time/threads:4,iteration,,40992,16891.479313290387,16509.28337236534,,,64651.0,140932.0
76c60b3,2026-04-16T13:55:50+01:00,linuxpc,16,4427,True,31.26,0.0561523,1000000,RocksDB/CasMT/NoSync/real_time/threads:4_mean,aggregate,mean,5,16936.848311952086,16576.73773419205,,,64143.0,142805.4
76c60b3,2026-04-16T13:55:50+01:00,linuxpc,16,4427,True,31.26,0.0561523,1000000,RocksDB/CasMT/NoSync/real_time/threads:4_median,aggregate,median,5,16891.479313290387,16509.28337236534,,,64482.0,142352.0
76c60b3,2026-04-16T13:55:50+01:00,linuxpc,16,4427,True,31.26,0.0561523,1000000,RocksDB/CasMT/NoSync/real_time/threads:4_stddev,aggregate,stddev,5,283.74586120576566,266.9590040193772,,,1295.6120175423348,2831.8601307273375
76c60b3,2026-04-16T13:55:50+01:00,linuxpc,16,4427,True,31.26,0.0561523,1000000,RocksDB/CasMT/NoSync/real_time/threads:4_cv,aggregate,cv,5,0.01675316776649233,0.016104435522843165,,,0.02019880606679349,0.019830203414768193
76c60b3,2026-04-16T13:55:50+01:00,linuxpc,16,4427,True,31.26,0.0561523,1000000,RocksDB/CasMT/NoSync/real_time/threads:8,iteration,,28120,24004.908498871086,22884.007005689888,,,177030.0,425194.0
76c60b3,2026-04-16T13:55:50+01:00,linuxpc,16,4427,True,31.26,0.0561523,1000000,RocksDB/CasMT/NoSync/real_time/threads:8,iteration,,28120,23794.30366317077,22735.099608819317,,,174892.0,412956.0
76c60b3,2026-04-16T13:55:50+01:00,linuxpc,16,4427,True,31.26,0.0561523,1000000,RocksDB/CasMT/NoSync/real_time/threads:8,iteration,,28120,25417.582005767697,24285.561913228994,,,189446.0,444784.0
76c60b3,2026-04-16T13:55:50+01:00,linuxpc,16,4427,True,31.26,0.0561523,1000000,RocksDB/CasMT/NoSync/real_time/threads:8,iteration,,28120,23919.449893500278,22904.295270270224,,,176763.0,409545.0
76c60b3,2026-04-16T13:55:50+01:00,linuxpc,16,4427,True,31.26,0.0561523,1000000,RocksDB/CasMT/NoSync/real_time/threads:8,iteration,,28120,23345.32105272578,22286.48673541964,,,173182.0,404253.0
76c60b3,2026-04-16T13:55:50+01:00,linuxpc,16,4427,True,31.26,0.0561523,1000000,RocksDB/CasMT/NoSync/real_time/threads:8_mean,aggregate,mean,5,24096.313022807128,23019.09010668562,,,178262.6,419346.4
76c60b3,2026-04-16T13:55:50+01:00,linuxpc,16,4427,True,31.26,0.0561523,1000000,RocksDB/CasMT/NoSync/real_time/threads:8_median,aggregate,median,5,23919.44989350028,22884.007005689888,,,176763.0,412956.0
76c60b3,2026-04-16T13:55:50+01:00,linuxpc,16,4427,True,31.26,0.0561523,1000000,RocksDB/CasMT/NoSync/real_time/threads:8_stddev,aggregate,stddev,5,781.1186963694715,750.4556012648011,,,6442.242994485709,16170.817057279544
76c60b3,2026-04-16T13:55:50+01:00,linuxpc,16,4427,True,31.26,0.0561523,1000000,RocksDB/CasMT/NoSync/real_time/threads:8_cv,aggregate,cv,5,0.03241652345859484,0.03260144505220214,,,0.03613906110696079,0.0385619551217789
76c60b3,2026-04-16T13:55:50+01:00,linuxpc,16,4427,True,31.26,0.0561523,1000000,RocksDB/CasMT/NoSync/real_time/threads:16,iteration,,11136,51197.471803193206,43482.64260057468,,,742068.0,2063515.0
76c60b3,2026-04-16T13:55:50+01:00,linuxpc,16,4427,True,31.26,0.0561523,1000000,RocksDB/CasMT/NoSync/real_time/threads:16,iteration,,11136,52588.27684951678,44609.541038074654,,,763707.0,2148014.0
76c60b3,2026-04-16T13:55:50+01:00,linuxpc,16,4427,True,31.26,0.0561523,1000000,RocksDB/CasMT/NoSync/real_time/threads:16,iteration,,11136,50046.94962239248,42518.56393678165,,,727229.0,1915374.0
76c60b3,2026-04-16T13:55:50+01:00,linuxpc,16,4427,True,31.26,0.0561523,1000000,RocksDB/CasMT/NoSync/real_time/threads:16,iteration,,11136,62036.80073542336,38827.92519755739,,,971773.0,2385208.0
76c60b3,2026-04-16T13:55:50+01:00,linuxpc,16,4427,True,31.26,0.0561523,1000000,RocksDB/CasMT/NoSync/real_time/threads:16,iteration,,11136,60922.96749379418,36814.46919899435,,,969982.0,2245678.0
76c60b3,2026-04-16T13:55:50+01:00,linuxpc,16,4427,True,31.26,0.0561523,1000000,RocksDB/CasMT/NoSync/real_time/threads:16_mean,aggregate,mean,5,55358.49330086401,41250.62839439655,,,834951.8,2151557.8000000003
76c60b3,2026-04-16T13:55:50+01:00,linuxpc,16,4427,True,31.26,0.0561523,1000000,RocksDB/CasMT/NoSync/real_time/threads:16_median,aggregate,median,5,52588.27684951677,42518.56393678165,,,763707.0,2148014.0
76c60b3,2026-04-16T13:55:50+01:00,linuxpc,16,4427,True,31.26,0.0561523,1000000,RocksDB/CasMT/NoSync/real_time/threads:16_stddev,aggregate,stddev,5,5673.708191605886,3294.7246201697344,,,124760.38949802895,178183.82961200204
76c60b3,2026-04-16T13:55:50+01:00,linuxpc,16,4427,True,31.26,0.0561523,1000000,RocksDB/CasMT/NoSync/real_time/threads:16_cv,aggregate,cv,5,0.1024902928764742,0.07987089526658671,,,0.14942226545056725,0.0828161946716012
76c60b3,2026-04-16T13:55:50+01:00,linuxpc,16,4427,True,31.26,0.0561523,1000000,RocksDB/CasMT/NoSync/real_time/threads:32,iteration,,5056,144606.66831889248,33718.71578322783,,,3995966.0,12278723.0
76c60b3,2026-04-16T13:55:50+01:00,linuxpc,16,4427,True,31.26,0.0561523,1000000,RocksDB/CasMT/NoSync/real_time/threads:32,iteration,,5056,143518.2353611996,35497.910007911254,,,4069343.0,11299577.0
76c60b3,2026-04-16T13:55:50+01:00,linuxpc,16,4427,True,31.26,0.0561523,1000000,RocksDB/CasMT/NoSync/real_time/threads:32,iteration,,5056,138842.72231326243,34800.45510284805,,,3965378.0,10866370.0
76c60b3,2026-04-16T13:55:50+01:00,linuxpc,16,4427,True,31.26,0.0561523,1000000,RocksDB/CasMT/NoSync/real_time/threads:32,iteration,,5056,136120.74980145838,34738.57041139252,,,3883979.0,10846875.0
76c60b3,2026-04-16T13:55:50+01:00,linuxpc,16,4427,True,31.26,0.0561523,1000000,RocksDB/CasMT/NoSync/real_time/threads:32,iteration,,5056,136819.88469048933,34291.71083860754,,,3903245.0,10754743.0
76c60b3,2026-04-16T13:55:50+01:00,linuxpc,16,4427,True,31.26,0.0561523,1000000,RocksDB/CasMT/NoSync/real_time/threads:32_mean,aggregate,mean,5,139981.65209706046,34609.47242879744,,,3963582.2,11209257.600000001
76c60b3,2026-04-16T13:55:50+01:00,linuxpc,16,4427,True,31.26,0.0561523,1000000,RocksDB/CasMT/NoSync/real_time/threads:32_median,aggregate,median,5,138842.72231326243,34738.570411392524,,,3965378.0,10866370.0
76c60b3,2026-04-16T13:55:50+01:00,linuxpc,16,4427,True,31.26,0.0561523,1000000,RocksDB/CasMT/NoSync/real_time/threads:32_stddev,aggregate,stddev,5,3876.1674679462058,658.9540637833977,,,74522.69682920602,633914.5077301526
76c60b3,2026-04-16T13:55:50+01:00,linuxpc,16,4427,True,31.26,0.0561523,1000000,RocksDB/CasMT/NoSync/real_time/threads:32_cv,aggregate,cv,5,0.02769053950912473,0.019039702646120173,,,0.018801854753814875,0.05655276471923997
76c60b3,2026-04-16T13:55:50+01:00,linuxpc,16,4427,True,31.26,0.0561523,1000000,RocksDB/CasMT/Sync/real_time/threads:2,iteration,,252,6424538.361089718,221995.84920634908,,,7333139.0,91749347.0
76c60b3,2026-04-16T13:55:50+01:00,linuxpc,16,4427,True,31.26,0.0561523,1000000,RocksDB/CasMT/Sync/real_time/threads:2,iteration,,252,5975521.698409076,231119.3214285731,,,7180098.0,97516498.0
76c60b3,2026-04-16T13:55:50+01:00,linuxpc,16,4427,True,31.26,0.0561523,1000000,RocksDB/CasMT/Sync/real_time/threads:2,iteration,,252,3743427.9682433014,228887.63888888955,,,7553092.0,12918808.0
76c60b3,2026-04-16T13:55:50+01:00,linuxpc,16,4427,True,31.26,0.0561523,1000000,RocksDB/CasMT/Sync/real_time/threads:2,iteration,,252,4122066.7420612513,248423.0436507897,,,7434381.0,22861768.0
76c60b3,2026-04-16T13:55:50+01:00,linuxpc,16,4427,True,31.26,0.0561523,1000000,RocksDB/CasMT/Sync/real_time/threads:2,iteration,,252,3887545.162681832,296106.71031745785,,,8120199.0,14960522.0
76c60b3,2026-04-16T13:55:50+01:00,linuxpc,16,4427,True,31.26,0.0561523,1000000,RocksDB/CasMT/Sync/real_time/threads:2_mean,aggregate,mean,5,4830619.986497036,245306.51269841185,,,7524181.800000001,48001388.6
76c60b3,2026-04-16T13:55:50+01:00,linuxpc,16,4427,True,31.26,0.0561523,1000000,RocksDB/CasMT/Sync/real_time/threads:2_median,aggregate,median,5,4122066.742061251,231119.32142857314,,,7434381.0,22861768.0
76c60b3,2026-04-16T13:55:50+01:00,linuxpc,16,4427,True,31.26,0.0561523,1000000,RocksDB/CasMT/Sync/real_time/threads:2_stddev,aggregate,stddev,5,1267359.4619199864,30019.225877141504,,,360217.8156667038,42778840.48863566
76c60b3,2026-04-16T13:55:50+01:00,linuxpc,16,4427,True,31.26,0.0561523,1000000,RocksDB/CasMT/Sync/real_time/threads:2_cv,aggregate,cv,5,0.26235958644286206,0.12237435340352402,,,0.047874682622196046,0.8912000618381206
76c60b3,2026-04-16T13:55:50+01:00,linuxpc,16,4427,True,31.26,0.0561523,1000000,RocksDB/CasMT/Sync/real_time/threads:4,iteration,,120,5276354.999962981,178855.79166666762,,,17091068.0,51404665.0
76c60b3,2026-04-16T13:55:50+01:00,linuxpc,16,4427,True,31.26,0.0561523,1000000,RocksDB/CasMT/Sync/real_time/threads:4,iteration,,120,3915215.516644821,178736.4000000013,,,16960087.0,19734440.0
76c60b3,2026-04-16T13:55:50+01:00,linuxpc,16,4427,True,31.26,0.0561523,1000000,RocksDB/CasMT/Sync/real_time/threads:4,iteration,,120,4130995.899989405,174801.53333332963,,,17137479.0,22581217.0
76c60b3,2026-04-16T13:55:50+01:00,linuxpc,16,4427,True,31.26,0.0561523,1000000,RocksDB/CasMT/Sync/real_time/threads:4,iteration,,120,4562977.483389356,136899.83333332994,,,15272207.0,47826032.0
76c60b3,2026-04-16T13:55:50+01:00,linuxpc,16,4427,True,31.26,0.0561523,1000000,RocksDB/CasMT/Sync/real_time/threads:4,iteration,,120,3864112.8832750837,136440.78333333353,,,15667380.0,19625699.0
76c60b3,2026-04-16T13:55:50+01:00,linuxpc,16,4427,True,31.26,0.0561523,1000000,RocksDB/CasMT/Sync/real_time/threads:4_mean,aggregate,mean,5,4349931.356652329,161146.86833333242,,,16425644.200000001,32234410.6
76c60b3,2026-04-16T13:55:50+01:00,linuxpc,16,4427,True,31.26,0.0561523,1000000,RocksDB/CasMT/Sync/real_time/threads:4_median,aggregate,median,5,4130995.899989405,174801.53333332966,,,16960087.0,22581217.0
76c60b3,2026-04-16T13:55:50+01:00,linuxpc,16,4427,True,31.26,0.0561523,1000000,RocksDB/CasMT/Sync/real_time/threads:4_stddev,aggregate,stddev,5,586638.6459769903,22403.999690118686,,,886074.0225729856,15960970.612196304
76c60b3,2026-04-16T13:55:50+01:00,linuxpc,16,4427,True,31.26,0.0561523,1000000,RocksDB/CasMT/Sync/real_time/threads:4_cv,aggregate,cv,5,0.13486158697190628,0.1390284522549703,,,0.05394455229786273,0.49515317063673264
76c60b3,2026-04-16T13:55:50+01:00,linuxpc,16,4427,True,31.26,0.0561523,1000000,RocksDB/CasMT/Sync/real_time/threads:8,iteration,,80,6361583.612488175,87941.64999999484,,,32487476.0,92557932.0
76c60b3,2026-04-16T13:55:50+01:00,linuxpc,16,4427,True,31.26,0.0561523,1000000,RocksDB/CasMT/Sync/real_time/threads:8,iteration,,80,3976569.562473742,82896.37499999578,,,31879637.0,32829580.0
76c60b3,2026-04-16T13:55:50+01:00,linuxpc,16,4427,True,31.26,0.0561523,1000000,RocksDB/CasMT/Sync/real_time/threads:8,iteration,,80,6477397.049911815,89684.63749999397,,,33550397.0,92574106.0
76c60b3,2026-04-16T13:55:50+01:00,linuxpc,16,4427,True,31.26,0.0561523,1000000,RocksDB/CasMT/Sync/real_time/threads:8,iteration,,80,7118266.100042093,89117.65000001746,,,32697358.0,107082656.0
76c60b3,2026-04-16T13:55:50+01:00,linuxpc,16,4427,True,31.26,0.0561523,1000000,RocksDB/CasMT/Sync/real_time/threads:8,iteration,,80,6352700.812567491,92072.25000000147,,,32850636.0,91915840.0
76c60b3,2026-04-16T13:55:50+01:00,linuxpc,16,4427,True,31.26,0.0561523,1000000,RocksDB/CasMT/Sync/real_time/threads:8_mean,aggregate,mean,5,6057303.427496662,88342.51250000071,,,32693100.8,83392022.80000001
76c60b3,2026-04-16T13:55:50+01:00,linuxpc,16,4427,True,31.26,0.0561523,1000000,RocksDB/CasMT/Sync/real_time/threads:8_median,aggregate,median,5,6361583.612488175,89117.65000001746,,,32697358.0,92557932.0
76c60b3,2026-04-16T13:55:50+01:00,linuxpc,16,4427,True,31.26,0.0561523,1000000,RocksDB/CasMT/Sync/real_time/threads:8_stddev,aggregate,stddev,5,1205344.3395215948,3396.1074736864916,,,604937.424410704,28977520.280096367
76c60b3,2026-04-16T13:55:50+01:00,linuxpc,16,4427,True,31.26,0.0561523,1000000,RocksDB/CasMT/Sync/real_time/threads:8_cv,aggregate,cv,5,0.19899025266755282,0.03844250494558285,,,0.01850351938506561,0.3474855184841057
76c60b3,2026-04-16T13:55:50+01:00,linuxpc,16,4427,True,31.26,0.0561523,1000000,RocksDB/CasMT/Sync/real_time/threads:16,iteration,,48,12156557.458638417,87356.27083334966,,,184932433.0,184932433.0
76c60b3,2026-04-16T13:55:50+01:00,linuxpc,16,4427,True,31.26,0.0561523,1000000,RocksDB/CasMT/Sync/real_time/threads:16,iteration,,48,15085665.56185542,100828.99999998348,,,226197276.0,226197276.0
76c60b3,2026-04-16T13:55:50+01:00,linuxpc,16,4427,True,31.26,0.0561523,1000000,RocksDB/CasMT/Sync/real_time/threads:16,iteration,,48,14817495.312399842,97893.56249999853,,,205339511.0,205339511.0
76c60b3,2026-04-16T13:55:50+01:00,linuxpc,16,4427,True,31.26,0.0561523,1000000,RocksDB/CasMT/Sync/real_time/threads:16,iteration,,48,12247297.916625636,103346.04166667438,,,197173143.0,197173143.0
76c60b3,2026-04-16T13:55:50+01:00,linuxpc,16,4427,True,31.26,0.0561523,1000000,RocksDB/CasMT/Sync/real_time/threads:16,iteration,,48,14715826.374867901,82461.04166666251,,,211879420.0,211879420.0
76c60b3,2026-04-16T13:55:50+01:00,linuxpc,16,4427,True,31.26,0.0561523,1000000,RocksDB/CasMT/Sync/real_time/threads:16_mean,aggregate,mean,5,13804568.524877448,94377.18333333371,,,205104356.60000002,205104356.60000002
76c60b3,2026-04-16T13:55:50+01:00,linuxpc,16,4427,True,31.26,0.0561523,1000000,RocksDB/CasMT/Sync/real_time/threads:16_median,aggregate,median,5,14715826.374867901,97893.56249999853,,,205339511.0,205339511.0
76c60b3,2026-04-16T13:55:50+01:00,linuxpc,16,4427,True,31.26,0.0561523,1000000,RocksDB/CasMT/Sync/real_time/threads:16_stddev,aggregate,stddev,5,1469579.3093581744,9023.842378665047,,,15497408.504115455,15497408.504115455
76c60b3,2026-04-16T13:55:50+01:00,linuxpc,16,4427,True,31.26,0.0561523,1000000,RocksDB/CasMT/Sync/real_time/threads:16_cv,aggregate,cv,5,0.10645601176956894,0.09561466087405318,,,0.07555865102533592,0.07555865102533592
76c60b3,2026-04-16T13:55:50+01:00,linuxpc,16,4427,True,31.26,0.0561523,1000000,RocksDB/CasMT/Sync/real_time/threads:32,iteration,,32,16525671.99994337,98939.68749998805,,,528776512.0,528776512.0
76c60b3,2026-04-16T13:55:50+01:00,linuxpc,16,4427,True,31.26,0.0561523,1000000,RocksDB/CasMT/Sync/real_time/threads:32,iteration,,32,19448481.24935561,92263.46874998626,,,622299140.0,622299140.0
76c60b3,2026-04-16T13:55:50+01:00,linuxpc,16,4427,True,31.26,0.0561523,1000000,RocksDB/CasMT/Sync/real_time/threads:32,iteration,,32,16374118.124986125,91584.71874999678,,,523923200.0,523923200.0
76c60b3,2026-04-16T13:55:50+01:00,linuxpc,16,4427,True,31.26,0.0561523,1000000,RocksDB/CasMT/Sync/real_time/threads:32,iteration,,32,17201598.531300988,108581.5937499856,,,550408753.0,550408753.0
76c60b3,2026-04-16T13:55:50+01:00,linuxpc,16,4427,True,31.26,0.0561523,1000000,RocksDB/CasMT/Sync/real_time/threads:32,iteration,,32,16823269.562337372,108200.65625003324,,,538289246.0,538289246.0
76c60b3,2026-04-16T13:55:50+01:00,linuxpc,16,4427,True,31.26,0.0561523,1000000,RocksDB/CasMT/Sync/real_time/threads:32_mean,aggregate,mean,5,17274627.89358469,99914.02499999799,,,552739370.2,552739370.2
76c60b3,2026-04-16T13:55:50+01:00,linuxpc,16,4427,True,31.26,0.0561523,1000000,RocksDB/CasMT/Sync/real_time/threads:32_median,aggregate,median,5,16823269.562337372,98939.68749998805,,,538289246.0,538289246.0
76c60b3,2026-04-16T13:55:50+01:00,linuxpc,16,4427,True,31.26,0.0561523,1000000,RocksDB/CasMT/Sync/real_time/threads:32_stddev,aggregate,stddev,5,1255642.1481954758,8256.099148730122,,,40178942.49064402,40178942.49064402
76c60b3,2026-04-16T13:55:50+01:00,linuxpc,16,4427,True,31.26,0.0561523,1000000,RocksDB/CasMT/Sync/real_time/threads:32_cv,aggregate,cv,5,0.07268707354685108,0.0826320343788601,,,0.07269057472078731,0.07269057472078731
852537d,2026-04-21T22:02:31+00:00,codespaces-6ec4e2,2,3481,False,7.76,1.74072,50000,ByteCaskDB/Put/NoSync/real_time,iteration,,86050,9001.166124352521,7753.487588611272,111096.71637928278,,8071.0,17776.0
852537d,2026-04-21T22:02:31+00:00,codespaces-6ec4e2,2,3481,False,7.76,1.74072,50000,ByteCaskDB/Put/Sync/real_time,iteration,,1696,470703.022995596,33274.377358490565,2124.4817881897397,,382882.0,2883008.0
852537d,2026-04-21T22:02:31+00:00,codespaces-6ec4e2,2,3481,False,7.76,1.74072,50000,ByteCaskDB/Del/Sync/real_time,iteration,,1000,512641.70899958117,31578.034999999785,1950.6801386713094,,380822.0,3629001.0
852537d,2026-04-21T22:02:31+00:00,codespaces-6ec4e2,2,3481,False,7.76,1.74072,50000,ByteCaskDB/Get/real_time,iteration,,992545,692.1657375729552,689.0288349646617,1444740.6823493608,,579.0,1210.0
852537d,2026-04-21T22:02:31+00:00,codespaces-6ec4e2,2,3481,False,7.76,1.74072,50000,ByteCaskDB/Range50/real_time,iteration,,21866,49066.59068876423,35188.45390103357,,20380.46634100034,26961.0,390017.0
852537d,2026-04-21T22:02:31+00:00,codespaces-6ec4e2,2,3481,False,7.76,1.74072,50000,ByteCaskDB/MixedBatch/Sync/real_time,iteration,,697,1062728.5308464773,174346.7245337163,94097.4078491604,,1045286.0,2256105.0
852537d,2026-04-21T22:02:31+00:00,codespaces-6ec4e2,2,3481,False,7.76,1.74072,50000,RocksDB/Put/NoSync/real_time,iteration,,52627,13776.273015766525,8243.774355368914,72588.57303826153,,13057.0,28244.0
852537d,2026-04-21T22:02:31+00:00,codespaces-6ec4e2,2,3481,False,7.76,1.74072,50000,RocksDB/Put/Sync/real_time,iteration,,1638,503731.3333329851,42189.43162393192,1985.185224400093,,402703.0,2574769.0
852537d,2026-04-21T22:02:31+00:00,codespaces-6ec4e2,2,3481,False,7.76,1.74072,50000,RocksDB/Del/Sync/real_time,iteration,,1761,449866.94832447625,42237.63713798991,2222.879461859751,,394334.0,1572088.0
852537d,2026-04-21T22:02:31+00:00,codespaces-6ec4e2,2,3481,False,7.76,1.74072,50000,RocksDB/Get/real_time,iteration,,968013,827.9798143198019,749.2111190655496,1207758.912361306,,611.0,1609.0
852537d,2026-04-21T22:02:31+00:00,codespaces-6ec4e2,2,3481,False,7.76,1.74072,50000,RocksDB/Range50/real_time,iteration,,87410,8662.444308427044,7858.692140487349,,115440.85761419266,6436.0,17859.0
852537d,2026-04-21T22:02:31+00:00,codespaces-6ec4e2,2,3481,False,7.76,1.74072,50000,RocksDB/MixedBatch/Sync/real_time,iteration,,636,1050544.6116354198,250120.96069182316,95188.72296563064,,1007377.0,2447053.0
852537d,2026-04-21T22:02:31+00:00,codespaces-6ec4e2,2,3481,False,7.76,1.74072,50000,ByteCaskDB/Recovery/threads:1/real_time,iteration,,38,19154826.631596446,17753561.92105271,,,,
852537d,2026-04-21T22:02:31+00:00,codespaces-6ec4e2,2,3481,False,7.76,1.74072,50000,ByteCaskDB/Recovery/threads:2/real_time,iteration,,37,19170475.1622318,5988942.999999999,,,,
852537d,2026-04-21T22:02:31+00:00,codespaces-6ec4e2,2,3481,False,7.76,1.74072,50000,ByteCaskDB/Recovery/threads:4/real_time,iteration,,36,23631859.2222536,7699265.472222106,,,,
852537d,2026-04-21T22:02:31+00:00,codespaces-6ec4e2,2,3481,False,7.76,1.74072,50000,ByteCaskDB/Recovery/threads:8/real_time,iteration,,10,56797827.100126594,11381055.600000069,,,,
852537d,2026-04-21T22:02:31+00:00,codespaces-6ec4e2,2,3481,False,7.76,1.74072,50000,ByteCaskDB/Recovery/threads:16/real_time,iteration,,23,27785662.739204228,10498995.739130458,,,,
852537d,2026-04-21T22:02:31+00:00,codespaces-6ec4e2,2,3481,False,7.76,1.74072,50000,ByteCaskDB/GetMT/real_time/threads:2,iteration,,566074,1212.7568922089408,1091.3934326607487,1649135.1340474826,,2088.0,2962.0
852537d,2026-04-21T22:02:31+00:00,codespaces-6ec4e2,2,3481,False,7.76,1.74072,50000,ByteCaskDB/GetMT/real_time/threads:4,iteration,,332128,2324.479267027671,1098.211629251376,1720815.520593922,,4174.0,5673.0
852537d,2026-04-21T22:02:31+00:00,codespaces-6ec4e2,2,3481,False,7.76,1.74072,50000,ByteCaskDB/GetMT/real_time/threads:8,iteration,,157160,4187.391766365461,1106.5420717739903,1910497.1415043345,,8353.0,11998.0
852537d,2026-04-21T22:02:31+00:00,codespaces-6ec4e2,2,3481,False,7.76,1.74072,50000,ByteCaskDB/GetMT/real_time/threads:16,iteration,,177248,9209.77233593785,1072.4874413251455,1737285.0724621834,,16479.0,23598.0
852537d,2026-04-21T22:02:31+00:00,codespaces-6ec4e2,2,3481,False,7.76,1.74072,50000,ByteCaskDB/GetMT/real_time/threads:32,iteration,,225696,15204.133196864921,1083.1742387990876,2104690.848577831,,33078.0,45501.0
852537d,2026-04-21T22:02:31+00:00,codespaces-6ec4e2,2,3481,False,7.76,1.74072,50000,RocksDB/GetMT/real_time/threads:2,iteration,,374918,1698.4820867508438,1337.8504232925598,1177521.9860139666,,2488.0,4162.0
852537d,2026-04-21T22:02:31+00:00,codespaces-6ec4e2,2,3481,False,7.76,1.74072,50000,RocksDB/GetMT/real_time/threads:4,iteration,,283976,2814.061381949683,1328.3783981744962,1421433.102226312,,4953.0,8134.0
852537d,2026-04-21T22:02:31+00:00,codespaces-6ec4e2,2,3481,False,7.76,1.74072,50000,RocksDB/GetMT/real_time/threads:8,iteration,,163552,6620.459725333746,1351.8915818822109,1208375.2989822333,,10078.0,17620.0
852537d,2026-04-21T22:02:31+00:00,codespaces-6ec4e2,2,3481,False,7.76,1.74072,50000,RocksDB/GetMT/real_time/threads:16,iteration,,160000,9236.136693743902,1334.5939937500036,1732326.0287862134,,20107.0,30624.0
852537d,2026-04-21T22:02:31+00:00,codespaces-6ec4e2,2,3481,False,7.76,1.74072,50000,RocksDB/GetMT/real_time/threads:32,iteration,,208032,14577.073320469615,1326.994101868947,2195228.0335356845,,39914.0,62497.0
852537d,2026-04-21T22:02:31+00:00,codespaces-6ec4e2,2,3481,False,7.76,1.74072,50000,ByteCaskDB/ReadAndWriteLoad/Sync/real_time/threads:2,iteration,,355738,4525.086102690469,1101.3753914397662,441980.5401737804,,2000.0,12331.0
852537d,2026-04-21T22:02:31+00:00,codespaces-6ec4e2,2,3481,False,7.76,1.74072,50000,ByteCaskDB/ReadAndWriteLoad/Sync/real_time/threads:4,iteration,,154504,4782.015494749832,1120.422610417855,836467.3858525959,,4166.0,6796.0
852537d,2026-04-21T22:02:31+00:00,codespaces-6ec4e2,2,3481,False,7.76,1.74072,50000,ByteCaskDB/ReadAndWriteLoad/Sync/real_time/threads:8,iteration,,119664,5719.577968344978,1147.917326848502,1398704.5974853435,,8519.0,34233.0
852537d,2026-04-21T22:02:31+00:00,codespaces-6ec4e2,2,3481,False,7.76,1.74072,50000,ByteCaskDB/ReadAndWriteLoad/Sync/real_time/threads:16,iteration,,160000,10920.303487478122,1118.7671312500056,1465160.745609915,,16731.0,25955.0
852537d,2026-04-21T22:02:31+00:00,codespaces-6ec4e2,2,3481,False,7.76,1.74072,50000,ByteCaskDB/ReadAndWriteLoad/Sync/real_time/threads:32,iteration,,78112,10966.069182677958,1057.5761342687413,2918092.1136761853,,31962.0,90356.0
852537d,2026-04-21T22:02:31+00:00,codespaces-6ec4e2,2,3481,False,7.76,1.74072,50000,ByteCaskDB/ReadAndWriteLoad/Sync/BoundedStaleness/real_time/threads:2,iteration,,200000,2579.0285600032803,1106.2692399999958,775485.7898888317,,2084.0,3546.0
852537d,2026-04-21T22:02:31+00:00,codespaces-6ec4e2,2,3481,False,7.76,1.74072,50000,ByteCaskDB/ReadAndWriteLoad/Sync/BoundedStaleness/real_time/threads:4,iteration,,242304,4246.057159605213,1125.0060750132056,942050.4363563276,,4202.0,35881.0
852537d,2026-04-21T22:02:31+00:00,codespaces-6ec4e2,2,3481,False,7.76,1.74072,50000,ByteCaskDB/ReadAndWriteLoad/Sync/BoundedStaleness/real_time/threads:8,iteration,,80000,6381.124600034127,1124.0736250000139,1253697.5065425325,,8391.0,30705.0
852537d,2026-04-21T22:02:31+00:00,codespaces-6ec4e2,2,3481,False,7.76,1.74072,50000,ByteCaskDB/ReadAndWriteLoad/Sync/BoundedStaleness/real_time/threads:16,iteration,,169664,10381.231115625695,1131.8078024801916,1541243.0203886905,,16879.0,45847.0
852537d,2026-04-21T22:02:31+00:00,codespaces-6ec4e2,2,3481,False,7.76,1.74072,50000,ByteCaskDB/ReadAndWriteLoad/Sync/BoundedStaleness/real_time/threads:32,iteration,,128992,16913.804297917606,1105.3184538575986,1891945.7406717055,,33352.0,48828.0
852537d,2026-04-21T22:02:31+00:00,codespaces-6ec4e2,2,3481,False,7.76,1.74072,50000,RocksDB/ReadAndWriteLoad/Sync/real_time/threads:2,iteration,,339148,2248.2252792237196,1334.306066967816,889590.5666048607,,2460.0,14118.0
852537d,2026-04-21T22:02:31+00:00,codespaces-6ec4e2,2,3481,False,7.76,1.74072,50000,RocksDB/ReadAndWriteLoad/Sync/real_time/threads:4,iteration,,180656,6660.60023469,1369.803958905317,600546.4761519603,,4935.0,34279.0
852537d,2026-04-21T22:02:31+00:00,codespaces-6ec4e2,2,3481,False,7.76,1.74072,50000,RocksDB/ReadAndWriteLoad/Sync/real_time/threads:8,iteration,,49448,15388.55591737117,1331.2864018767314,519866.8440986919,,9676.0,21247.0
852537d,2026-04-21T22:02:31+00:00,codespaces-6ec4e2,2,3481,False,7.76,1.74072,50000,RocksDB/ReadAndWriteLoad/Sync/real_time/threads:16,iteration,,89616,24443.773310617264,1334.2537939653644,654563.4258950654,,19552.0,129774.0
852537d,2026-04-21T22:02:31+00:00,codespaces-6ec4e2,2,3481,False,7.76,1.74072,50000,RocksDB/ReadAndWriteLoad/Sync/real_time/threads:32,iteration,,38752,23231.568306121004,1391.9307648637305,1377436.0636500253,,40589.0,2652558.0
852537d,2026-04-21T22:02:31+00:00,codespaces-6ec4e2,2,3481,False,7.76,1.74072,50000,ByteCaskDB/PutMT/Sync/real_time/threads:2,iteration,,656,823691.7118909599,42734.98780487783,2428.092903118539,,1785076.0,3068927.0
852537d,2026-04-21T22:02:31+00:00,codespaces-6ec4e2,2,3481,False,7.76,1.74072,50000,ByteCaskDB/PutMT/Sync/real_time/threads:4,iteration,,652,835337.5751567614,29929.71472392762,4788.483265881282,,2031543.0,24445285.0
852537d,2026-04-21T22:02:31+00:00,codespaces-6ec4e2,2,3481,False,7.76,1.74072,50000,ByteCaskDB/PutMT/Sync/real_time/threads:8,iteration,,776,943152.7113421683,21421.20231958798,8482.189473447492,,5464512.0,37988341.0
852537d,2026-04-21T22:02:31+00:00,codespaces-6ec4e2,2,3481,False,7.76,1.74072,50000,ByteCaskDB/PutMT/Sync/real_time/threads:16,iteration,,160,31793248.9562395,17686.093750007076,503.2514928569439,,12670459.0,46444458.0
852537d,2026-04-21T22:02:31+00:00,codespaces-6ec4e2,2,3481,False,7.76,1.74072,50000,ByteCaskDB/PutMT/Sync/real_time/threads:32,iteration,,672,966319.9136839682,8027.462797619003,33115.32707424417,,29028735.0,43942931.0
852537d,2026-04-21T22:02:31+00:00,codespaces-6ec4e2,2,3481,False,7.76,1.74072,50000,ByteCaskDB/PutMT/Sync/real_time/threads:64,iteration,,448,1543138.55804438,9816.12723214168,41473.916691646424,,98768506.0,119848347.0
852537d,2026-04-21T22:02:31+00:00,codespaces-6ec4e2,2,3481,False,7.76,1.74072,50000,RocksDB/PutMT/Sync/real_time/threads:2,iteration,,940,550281.3893589848,40123.22872340526,3634.504162188317,,1068477.0,3797243.0
852537d,2026-04-21T22:02:31+00:00,codespaces-6ec4e2,2,3481,False,7.76,1.74072,50000,RocksDB/PutMT/Sync/real_time/threads:4,iteration,,808,789052.4158424927,37875.77722772284,5069.371716870154,,2902906.0,7237632.0
852537d,2026-04-21T22:02:31+00:00,codespaces-6ec4e2,2,3481,False,7.76,1.74072,50000,RocksDB/PutMT/Sync/real_time/threads:8,iteration,,752,987880.3311199164,31302.428191489817,8098.146858466908,,7956548.0,22912547.0
852537d,2026-04-21T22:02:31+00:00,codespaces-6ec4e2,2,3481,False,7.76,1.74072,50000,RocksDB/PutMT/Sync/real_time/threads:16,iteration,,432,1239029.9837963742,26091.041666665045,12913.32752979567,,15911296.0,56640597.0
852537d,2026-04-21T22:02:31+00:00,codespaces-6ec4e2,2,3481,False,7.76,1.74072,50000,RocksDB/PutMT/Sync/real_time/threads:32,iteration,,608,1472318.7335394677,23675.526315790958,21734.42425952953,,42763808.0,81656132.0
852537d,2026-04-21T22:02:31+00:00,codespaces-6ec4e2,2,3481,False,7.76,1.74072,50000,RocksDB/PutMT/Sync/real_time/threads:64,iteration,,384,2717134.8802047153,23470.29427083618,23554.222672662494,,134014740.0,224536479.0
852537d,2026-04-21T22:02:31+00:00,codespaces-6ec4e2,2,3481,False,7.76,1.74072,50000,ByteCaskDB/PutMT/PeriodicSync/real_time/threads:2,iteration,,20000,27566.98150005832,10821.020449999996,72550.56198284781,,20897.0,118071.0
852537d,2026-04-21T22:02:31+00:00,codespaces-6ec4e2,2,3481,False,7.76,1.74072,50000,ByteCaskDB/PutMT/PeriodicSync/real_time/threads:4,iteration,,14076,47849.94181581223,9041.162901392403,83594.66800183615,,92237.0,357461.0
852537d,2026-04-21T22:02:31+00:00,codespaces-6ec4e2,2,3481,False,7.76,1.74072,50000,ByteCaskDB/PutMT/PeriodicSync/real_time/threads:8,iteration,,8000,85660.50162539796,8037.5142499998265,93391.93500155778,,385801.0,2339465.0
852537d,2026-04-21T22:02:31+00:00,codespaces-6ec4e2,2,3481,False,7.76,1.74072,50000,ByteCaskDB/PutMT/PeriodicSync/real_time/threads:16,iteration,,7264,86206.1115092845,6938.160655286304,185601.69018036244,,1204471.0,4508225.0
852537d,2026-04-21T22:02:31+00:00,codespaces-6ec4e2,2,3481,False,7.76,1.74072,50000,ByteCaskDB/PutMT/PeriodicSync/real_time/threads:32,iteration,,5088,181780.6627347476,5930.544418238833,176036.32596880812,,5770848.0,10661412.0
852537d,2026-04-21T22:02:31+00:00,codespaces-6ec4e2,2,3481,False,7.76,1.74072,50000,ByteCaskDB/PutMT/PeriodicSync/real_time/threads:64,iteration,,2560,259236.79023662774,6517.439062500112,246878.5388894134,,15044593.0,26026940.0
852537d,2026-04-21T22:02:31+00:00,codespaces-6ec4e2,2,3481,False,7.76,1.74072,50000,RocksDB/PutMT/PeriodicSync/real_time/threads:2,iteration,,30314,28761.813353518883,8951.201029227395,69536.64483589692,,17781.0,120174.0
852537d,2026-04-21T22:02:31+00:00,codespaces-6ec4e2,2,3481,False,7.76,1.74072,50000,RocksDB/PutMT/PeriodicSync/real_time/threads:4,iteration,,17916,54905.0133959489,10793.426992632258,72853.09214213096,,37249.0,4704474.0
852537d,2026-04-21T22:02:31+00:00,codespaces-6ec4e2,2,3481,False,7.76,1.74072,50000,RocksDB/PutMT/PeriodicSync/real_time/threads:8,iteration,,7512,125086.43730016492,14959.586128860445,63955.77468405083,,335713.0,12762505.0
852537d,2026-04-21T22:02:31+00:00,codespaces-6ec4e2,2,3481,False,7.76,1.74072,50000,RocksDB/PutMT/PeriodicSync/real_time/threads:16,iteration,,3744,196415.37954159628,17770.006143162213,81460.01620311798,,1775537.0,20750892.0
852537d,2026-04-21T22:02:31+00:00,codespaces-6ec4e2,2,3481,False,7.76,1.74072,50000,RocksDB/PutMT/PeriodicSync/real_time/threads:32,iteration,,1216,422650.26232856046,20762.409539474294,75712.71770588373,,12136966.0,26537424.0
852537d,2026-04-21T22:02:31+00:00,codespaces-6ec4e2,2,3481,False,7.76,1.74072,50000,RocksDB/PutMT/PeriodicSync/real_time/threads:64,iteration,,960,964685.7343739157,22550.207291666455,66342.84899168351,,54082329.0,108697760.0
852537d,2026-04-21T22:02:31+00:00,codespaces-6ec4e2,2,3481,False,7.76,1.74072,50000,ByteCaskDB/CasMT/NoSync/real_time/threads:2,iteration,,20000,27701.011600038324,11600.9407,,,20299.0,292908.0
852537d,2026-04-21T22:02:31+00:00,codespaces-6ec4e2,2,3481,False,7.76,1.74072,50000,ByteCaskDB/CasMT/NoSync/real_time/threads:4,iteration,,16636,42454.9769175712,9696.023803798973,,,103094.0,550948.0
852537d,2026-04-21T22:02:31+00:00,codespaces-6ec4e2,2,3481,False,7.76,1.74072,50000,ByteCaskDB/CasMT/NoSync/real_time/threads:8,iteration,,9792,78450.28084151713,9149.05473856217,,,328837.0,6995550.0
852537d,2026-04-21T22:02:31+00:00,codespaces-6ec4e2,2,3481,False,7.76,1.74072,50000,ByteCaskDB/CasMT/NoSync/real_time/threads:16,iteration,,5520,191670.43007220616,8077.437137681154,,,1460119.0,30350704.0
852537d,2026-04-21T22:02:31+00:00,codespaces-6ec4e2,2,3481,False,7.76,1.74072,50000,ByteCaskDB/CasMT/NoSync/real_time/threads:32,iteration,,4064,226187.05093519588,8293.16141732259,,,5715965.0,20910709.0
852537d,2026-04-21T22:02:31+00:00,codespaces-6ec4e2,2,3481,False,7.76,1.74072,50000,ByteCaskDB/CasMT/Sync/real_time/threads:2,iteration,,854,882645.0070263378,45362.27634660506,,,1642137.0,7438214.0
852537d,2026-04-21T22:02:31+00:00,codespaces-6ec4e2,2,3481,False,7.76,1.74072,50000,ByteCaskDB/CasMT/Sync/real_time/threads:4,iteration,,788,968940.6992370535,29633.23857868025,,,3633598.0,16589778.0
852537d,2026-04-21T22:02:31+00:00,codespaces-6ec4e2,2,3481,False,7.76,1.74072,50000,ByteCaskDB/CasMT/Sync/real_time/threads:8,iteration,,776,920829.6649484106,20320.109536083295,,,6258076.0,37483192.0
852537d,2026-04-21T22:02:31+00:00,codespaces-6ec4e2,2,3481,False,7.76,1.74072,50000,ByteCaskDB/CasMT/Sync/real_time/threads:16,iteration,,736,859655.8722788558,18074.26630434662,,,9896542.0,41423593.0
852537d,2026-04-21T22:02:31+00:00,codespaces-6ec4e2,2,3481,False,7.76,1.74072,50000,ByteCaskDB/CasMT/Sync/real_time/threads:32,iteration,,640,846146.9984410995,10433.076562499871,,,22757340.0,43759478.0
852537d,2026-04-21T22:02:31+00:00,codespaces-6ec4e2,2,3481,False,7.76,1.74072,50000,RocksDB/CasMT/NoSync/real_time/threads:2,iteration,,23634,30984.969450712753,15103.806803757303,,,30584.0,110787.0
852537d,2026-04-21T22:02:31+00:00,codespaces-6ec4e2,2,3481,False,7.76,1.74072,50000,RocksDB/CasMT/NoSync/real_time/threads:4,iteration,,9760,67526.11506137745,16450.34907786875,,,62792.0,4778076.0
852537d,2026-04-21T22:02:31+00:00,codespaces-6ec4e2,2,3481,False,7.76,1.74072,50000,RocksDB/CasMT/NoSync/real_time/threads:8,iteration,,5936,132052.8044146151,20296.39538409705,,,135914.0,14071612.0
852537d,2026-04-21T22:02:31+00:00,codespaces-6ec4e2,2,3481,False,7.76,1.74072,50000,RocksDB/CasMT/NoSync/real_time/threads:16,iteration,,2224,243356.20458868166,18335.601169064565,,,286508.0,56976309.0
852537d,2026-04-21T22:02:31+00:00,codespaces-6ec4e2,2,3481,False,7.76,1.74072,50000,RocksDB/CasMT/NoSync/real_time/threads:32,iteration,,1184,662673.2837782976,27760.538006757448,,,17613320.0,59299510.0
852537d,2026-04-21T22:02:31+00:00,codespaces-6ec4e2,2,3481,False,7.76,1.74072,50000,RocksDB/CasMT/Sync/real_time/threads:2,iteration,,794,855771.2015120501,68396.9105793452,,,1862315.0,5996223.0
852537d,2026-04-21T22:02:31+00:00,codespaces-6ec4e2,2,3481,False,7.76,1.74072,50000,RocksDB/CasMT/Sync/real_time/threads:4,iteration,,676,758863.2914191224,49220.91715976278,,,2861914.0,10927176.0
852537d,2026-04-21T22:02:31+00:00,codespaces-6ec4e2,2,3481,False,7.76,1.74072,50000,RocksDB/CasMT/Sync/real_time/threads:8,iteration,,664,961644.2319285459,40312.66716867415,,,7327917.0,23699020.0
852537d,2026-04-21T22:02:31+00:00,codespaces-6ec4e2,2,3481,False,7.76,1.74072,50000,RocksDB/CasMT/Sync/real_time/threads:16,iteration,,560,1030836.5428565075,33766.60000000266,,,16417781.0,28611614.0
852537d,2026-04-21T22:02:31+00:00,codespaces-6ec4e2,2,3481,False,7.76,1.74072,50000,RocksDB/CasMT/Sync/real_time/threads:32,iteration,,480,1358654.0875091183,33955.49166666599,,,39327500.0,73025825.0
852537d,2026-04-21T22:03:40+00:00,codespaces-6ec4e2,2,3477,False,7.76,2.92041,50000,ByteCaskDB/Put/NoSync/real_time,iteration,,69236,11873.495349234145,7814.995305910222,84221.19776755555,,12651.0,20746.0
852537d,2026-04-21T22:03:40+00:00,codespaces-6ec4e2,2,3477,False,7.76,2.92041,50000,ByteCaskDB/Put/Sync/real_time,iteration,,1410,469799.2822692745,35317.33829787234,2128.5685988486266,,398251.0,1325380.0
852537d,2026-04-21T22:03:40+00:00,codespaces-6ec4e2,2,3477,False,7.76,2.92041,50000,ByteCaskDB/Del/Sync/real_time,iteration,,1741,380378.32854685746,17625.553130384804,2628.961549466437,,745.0,3675716.0
852537d,2026-04-21T22:03:40+00:00,codespaces-6ec4e2,2,3477,False,7.76,2.92041,50000,ByteCaskDB/Get/real_time,iteration,,852884,723.9855302721185,707.3281290304426,1381243.0748776684,,577.0,1225.0
852537d,2026-04-21T22:03:40+00:00,codespaces-6ec4e2,2,3477,False,7.76,2.92041,50000,ByteCaskDB/Range50/real_time,iteration,,23337,36350.20259674355,34151.73437031323,,27510.163040730495,26704.0,61737.0
852537d,2026-04-21T22:03:40+00:00,codespaces-6ec4e2,2,3477,False,7.76,2.92041,50000,ByteCaskDB/MixedBatch/Sync/real_time,iteration,,577,1194758.8960156816,178150.0571923748,83698.89551229376,,1067057.0,4048613.0
852537d,2026-04-21T22:03:40+00:00,codespaces-6ec4e2,2,3477,False,7.76,2.92041,50000,ByteCaskDB/Recovery/threads:1/real_time,iteration,,36,30317103.88884474,20021076.916666657,,,,
852537d,2026-04-21T22:03:40+00:00,codespaces-6ec4e2,2,3477,False,7.76,2.92041,50000,ByteCaskDB/Recovery/threads:2/real_time,iteration,,38,18656803.23695223,5458645.763157881,,,,
852537d,2026-04-21T22:03:40+00:00,codespaces-6ec4e2,2,3477,False,7.76,2.92041,50000,ByteCaskDB/Recovery/threads:4/real_time,iteration,,35,21434107.542830005,6922397.828571343,,,,
852537d,2026-04-21T22:03:40+00:00,codespaces-6ec4e2,2,3477,False,7.76,2.92041,50000,ByteCaskDB/Recovery/threads:8/real_time,iteration,,28,21410183.17836694,7563423.999999985,,,,
852537d,2026-04-21T22:03:40+00:00,codespaces-6ec4e2,2,3477,False,7.76,2.92041,50000,ByteCaskDB/Recovery/threads:16/real_time,iteration,,29,41138014.24161999,10794214.27586209,,,,
852537d,2026-04-21T22:03:40+00:00,codespaces-6ec4e2,2,3477,False,7.76,2.92041,50000,ByteCaskDB/GetMT/real_time/threads:2,iteration,,624170,1187.9748674249256,1095.3918371597483,1683537.2993498032,,2083.0,2855.0
852537d,2026-04-21T22:03:40+00:00,codespaces-6ec4e2,2,3477,False,7.76,2.92041,50000,ByteCaskDB/GetMT/real_time/threads:4,iteration,,239980,2257.901300112723,1100.7696516376384,1771556.621983567,,4164.0,5607.0
852537d,2026-04-21T22:03:40+00:00,codespaces-6ec4e2,2,3477,False,7.76,2.92041,50000,ByteCaskDB/GetMT/real_time/threads:8,iteration,,157040,5060.36233444633,1074.8475802343357,1580914.4624967463,,8248.0,11360.0
852537d,2026-04-21T22:03:40+00:00,codespaces-6ec4e2,2,3477,False,7.76,2.92041,50000,ByteCaskDB/GetMT/real_time/threads:16,iteration,,160000,7461.655762506325,1090.967987499998,2144296.186966644,,16581.0,22200.0
852537d,2026-04-21T22:03:40+00:00,codespaces-6ec4e2,2,3477,False,7.76,2.92041,50000,ByteCaskDB/GetMT/real_time/threads:32,iteration,,77664,14780.946410194942,1052.0220436753175,2164949.3281383165,,31927.0,42677.0
852537d,2026-04-21T22:03:40+00:00,codespaces-6ec4e2,2,3477,False,7.76,2.92041,50000,ByteCaskDB/ReadAndWriteLoad/Sync/real_time/threads:2,iteration,,288788,2331.3993864012373,1106.7458066124652,857853.8759449588,,2078.0,3700.0
852537d,2026-04-21T22:03:40+00:00,codespaces-6ec4e2,2,3477,False,7.76,2.92041,50000,ByteCaskDB/ReadAndWriteLoad/Sync/real_time/threads:4,iteration,,180308,3385.2370943108945,1116.0595314683771,1181601.1371027022,,4158.0,11003.0
852537d,2026-04-21T22:03:40+00:00,codespaces-6ec4e2,2,3477,False,7.76,2.92041,50000,ByteCaskDB/ReadAndWriteLoad/Sync/real_time/threads:8,iteration,,149640,5634.4228749005415,1133.50125634857,1419843.7315802667,,8430.0,72325.0
852537d,2026-04-21T22:03:40+00:00,codespaces-6ec4e2,2,3477,False,7.76,2.92041,50000,ByteCaskDB/ReadAndWriteLoad/Sync/real_time/threads:16,iteration,,172592,9284.735793088326,1119.1754890145532,1723258.513388243,,16667.0,58201.0
852537d,2026-04-21T22:03:40+00:00,codespaces-6ec4e2,2,3477,False,7.76,2.92041,50000,ByteCaskDB/ReadAndWriteLoad/Sync/real_time/threads:32,iteration,,173632,16436.09360601486,1120.9588727884282,1946934.6407402705,,33413.0,53339.0
852537d,2026-04-21T22:03:40+00:00,codespaces-6ec4e2,2,3477,False,7.76,2.92041,50000,ByteCaskDB/ReadAndWriteLoad/Sync/BoundedStaleness/real_time/threads:2,iteration,,338502,4105.210926380702,1121.7454461125776,487185.6856727383,,2070.0,4759.0
852537d,2026-04-21T22:03:40+00:00,codespaces-6ec4e2,2,3477,False,7.76,2.92041,50000,ByteCaskDB/ReadAndWriteLoad/Sync/BoundedStaleness/real_time/threads:4,iteration,,100464,5313.947175102807,1116.8995361522586,752736.1240512546,,4141.0,14798.0
852537d,2026-04-21T22:03:40+00:00,codespaces-6ec4e2,2,3477,False,7.76,2.92041,50000,ByteCaskDB/ReadAndWriteLoad/Sync/BoundedStaleness/real_time/threads:8,iteration,,83328,9853.321656605616,1104.9236151113655,811908.9459174249,,8242.0,18870.0
852537d,2026-04-21T22:03:40+00:00,codespaces-6ec4e2,2,3477,False,7.76,2.92041,50000,ByteCaskDB/ReadAndWriteLoad/Sync/BoundedStaleness/real_time/threads:16,iteration,,160000,11717.984399990655,1110.6504687499983,1365422.5380273385,,16665.0,25527.0
852537d,2026-04-21T22:03:40+00:00,codespaces-6ec4e2,2,3477,False,7.76,2.92041,50000,ByteCaskDB/ReadAndWriteLoad/Sync/BoundedStaleness/real_time/threads:32,iteration,,46208,12862.756622226003,1099.3998009002705,2487802.649138684,,32491.0,195953.0
852537d,2026-04-21T22:03:40+00:00,codespaces-6ec4e2,2,3477,False,7.76,2.92041,50000,ByteCaskDB/PutMT/Sync/real_time/threads:2,iteration,,838,1006430.9689735948,45506.04415274405,1987.2202482398702,,1820554.0,6230873.0
852537d,2026-04-21T22:03:40+00:00,codespaces-6ec4e2,2,3477,False,7.76,2.92041,50000,ByteCaskDB/PutMT/Sync/real_time/threads:4,iteration,,680,991016.8058842614,33057.301470587685,4036.258493548848,,3360990.0,16914185.0
852537d,2026-04-21T22:03:40+00:00,codespaces-6ec4e2,2,3477,False,7.76,2.92041,50000,ByteCaskDB/PutMT/Sync/real_time/threads:8,iteration,,768,916747.6223955381,20304.817708332765,8726.502043272643,,5957854.0,30966927.0
852537d,2026-04-21T22:03:40+00:00,codespaces-6ec4e2,2,3477,False,7.76,2.92041,50000,ByteCaskDB/PutMT/Sync/real_time/threads:16,iteration,,624,1004071.429490931,13913.046474359022,15935.12127729008,,13258065.0,41792242.0
852537d,2026-04-21T22:03:40+00:00,codespaces-6ec4e2,2,3477,False,7.76,2.92041,50000,ByteCaskDB/PutMT/Sync/real_time/threads:32,iteration,,448,1200727.7790116535,9444.910714284526,26650.503602356843,,32261190.0,60678947.0
852537d,2026-04-21T22:03:40+00:00,codespaces-6ec4e2,2,3477,False,7.76,2.92041,50000,ByteCaskDB/PutMT/Sync/real_time/threads:64,iteration,,512,1677452.2792921686,8073.697265623658,38153.09728334326,,72466451.0,144876862.0
852537d,2026-04-21T22:03:40+00:00,codespaces-6ec4e2,2,3477,False,7.76,2.92041,50000,ByteCaskDB/PutMT/PeriodicSync/real_time/threads:2,iteration,,20000,31754.67865003157,11149.698699999994,62982.844891677465,,25511.0,150527.0
852537d,2026-04-21T22:03:40+00:00,codespaces-6ec4e2,2,3477,False,7.76,2.92041,50000,ByteCaskDB/PutMT/PeriodicSync/real_time/threads:4,iteration,,21132,48416.097671667565,9242.582150293414,82617.14992244708,,89500.0,392538.0
852537d,2026-04-21T22:03:40+00:00,codespaces-6ec4e2,2,3477,False,7.76,2.92041,50000,ByteCaskDB/PutMT/PeriodicSync/real_time/threads:8,iteration,,8000,95397.43512505083,8750.113374999939,83859.69695635187,,396536.0,2248774.0
852537d,2026-04-21T22:03:40+00:00,codespaces-6ec4e2,2,3477,False,7.76,2.92041,50000,ByteCaskDB/PutMT/PeriodicSync/real_time/threads:16,iteration,,5680,109849.11795705404,7615.264436619796,145654.33293925278,,1532020.0,4238437.0
852537d,2026-04-21T22:03:40+00:00,codespaces-6ec4e2,2,3477,False,7.76,2.92041,50000,ByteCaskDB/PutMT/PeriodicSync/real_time/threads:32,iteration,,2912,219177.68131910695,6196.775068681216,146000.26703179828,,6853812.0,13657528.0
852537d,2026-04-21T22:03:40+00:00,codespaces-6ec4e2,2,3477,False,7.76,2.92041,50000,ByteCaskDB/PutMT/PeriodicSync/real_time/threads:64,iteration,,1472,340368.17730818415,6599.353940217412,188031.6794188771,,20582280.0,34361464.0
852537d,2026-04-21T22:03:40+00:00,codespaces-6ec4e2,2,3477,False,7.76,2.92041,50000,ByteCaskDB/CasMT/NoSync/real_time/threads:2,iteration,,37900,25361.387255984926,11884.607862796805,,,24479.0,148563.0
852537d,2026-04-21T22:03:40+00:00,codespaces-6ec4e2,2,3477,False,7.76,2.92041,50000,ByteCaskDB/CasMT/NoSync/real_time/threads:4,iteration,,19020,42531.732492080235,9556.173869610979,,,96280.0,1002924.0
852537d,2026-04-21T22:03:40+00:00,codespaces-6ec4e2,2,3477,False,7.76,2.92041,50000,ByteCaskDB/CasMT/NoSync/real_time/threads:8,iteration,,8488,156565.8218661155,9836.09189443922,,,595685.0,12092661.0
852537d,2026-04-21T22:03:40+00:00,codespaces-6ec4e2,2,3477,False,7.76,2.92041,50000,ByteCaskDB/CasMT/NoSync/real_time/threads:16,iteration,,3440,201408.36453519177,8712.986046511427,,,2149651.0,19766385.0
852537d,2026-04-21T22:03:40+00:00,codespaces-6ec4e2,2,3477,False,7.76,2.92041,50000,ByteCaskDB/CasMT/NoSync/real_time/threads:32,iteration,,3200,489756.51156411006,9120.017187500256,,,10170186.0,89457492.0
852537d,2026-04-21T22:03:40+00:00,codespaces-6ec4e2,2,3477,False,7.76,2.92041,50000,ByteCaskDB/CasMT/Sync/real_time/threads:2,iteration,,768,927251.9062501298,48406.45442708373,,,1846409.0,4602319.0
852537d,2026-04-21T22:03:40+00:00,codespaces-6ec4e2,2,3477,False,7.76,2.92041,50000,ByteCaskDB/CasMT/Sync/real_time/threads:4,iteration,,400,1441382.9775048727,39307.17249999868,,,4489817.0,24084313.0
852537d,2026-04-21T22:03:40+00:00,codespaces-6ec4e2,2,3477,False,7.76,2.92041,50000,ByteCaskDB/CasMT/Sync/real_time/threads:8,iteration,,560,1004867.3678608922,23096.591071428757,,,7513555.0,20883007.0
852537d,2026-04-21T22:03:40+00:00,codespaces-6ec4e2,2,3477,False,7.76,2.92041,50000,ByteCaskDB/CasMT/Sync/real_time/threads:16,iteration,,624,944648.6121876847,15497.850961539005,,,11519357.0,44115009.0
852537d,2026-04-21T22:03:40+00:00,codespaces-6ec4e2,2,3477,False,7.76,2.92041,50000,ByteCaskDB/CasMT/Sync/real_time/threads:32,iteration,,320,1651808.740598426,14271.624999999103,,,24892286.0,124270318.0
852537d,2026-04-21T22:14:27+00:00,codespaces-6ec4e2,2,3491,False,7.76,2.63818,50000,ByteCaskDB/PutMT/Sync/real_time/threads:2,iteration,,818,769270.3312944734,40696.12347188264,2599.866287101626,,1619251.0,3280497.0
852537d,2026-04-21T22:14:27+00:00,codespaces-6ec4e2,2,3491,False,7.76,2.63818,50000,ByteCaskDB/PutMT/Sync/real_time/threads:4,iteration,,772,940110.9391169932,33796.058290155444,4254.8169939997,,3376665.0,21210498.0
852537d,2026-04-21T22:14:27+00:00,codespaces-6ec4e2,2,3491,False,7.76,2.63818,50000,ByteCaskDB/PutMT/Sync/real_time/threads:8,iteration,,608,1085736.055930092,22276.277960526324,7368.273307592082,,7233869.0,27267717.0
852537d,2026-04-21T22:14:27+00:00,codespaces-6ec4e2,2,3491,False,7.76,2.63818,50000,ByteCaskDB/PutMT/Sync/real_time/threads:16,iteration,,608,1129043.527947416,13929.481907894731,14171.287115110395,,14409540.0,35210925.0
852537d,2026-04-21T22:14:27+00:00,codespaces-6ec4e2,2,3491,False,7.76,2.63818,50000,ByteCaskDB/PutMT/Sync/real_time/threads:32,iteration,,704,1914966.9602298178,11006.899147727272,16710.47107578276,,53238600.0,131231637.0
852537d,2026-04-21T22:14:27+00:00,codespaces-6ec4e2,2,3491,False,7.76,2.63818,50000,ByteCaskDB/PutMT/Sync/real_time/threads:64,iteration,,448,2617024.4977216884,8812.946428571433,24455.25445241979,,160725183.0,211159785.0
852537d,2026-04-21T22:14:27+00:00,codespaces-6ec4e2,2,3491,False,7.76,2.63818,50000,RocksDB/PutMT/Sync/real_time/threads:2,iteration,,772,753818.4015547201,46740.294041450776,2653.158898582312,,1268081.0,6030640.0
852537d,2026-04-21T22:14:27+00:00,codespaces-6ec4e2,2,3491,False,7.76,2.63818,50000,RocksDB/PutMT/Sync/real_time/threads:4,iteration,,884,862668.5101805638,36845.32579185522,4636.7752535244,,3276067.0,8263292.0
852537d,2026-04-21T22:14:27+00:00,codespaces-6ec4e2,2,3491,False,7.76,2.63818,50000,RocksDB/PutMT/Sync/real_time/threads:8,iteration,,672,1061039.6904797067,31648.76488095237,7539.774498334853,,8213030.0,18780524.0
852537d,2026-04-21T22:14:27+00:00,codespaces-6ec4e2,2,3491,False,7.76,2.63818,50000,RocksDB/PutMT/Sync/real_time/threads:16,iteration,,400,1617224.775000068,28444.307500000006,9893.491768946793,,24806854.0,52428752.0
852537d,2026-04-21T22:14:27+00:00,codespaces-6ec4e2,2,3491,False,7.76,2.63818,50000,RocksDB/PutMT/Sync/real_time/threads:32,iteration,,384,1983594.7656474672,24061.880208333332,16132.327305045517,,59605467.0,72125395.0
852537d,2026-04-21T22:14:27+00:00,codespaces-6ec4e2,2,3491,False,7.76,2.63818,50000,RocksDB/PutMT/Sync/real_time/threads:64,iteration,,448,3216211.616104049,25135.10267857143,19899.18812541516,,189944599.0,292840622.0
852537d,2026-04-21T22:14:27+00:00,codespaces-6ec4e2,2,3491,False,7.76,2.63818,50000,ByteCaskDB/PutMT/PeriodicSync/real_time/threads:2,iteration,,20000,27742.535700053846,10767.336,72091.46350656469,,27328.0,140888.0
852537d,2026-04-21T22:14:27+00:00,codespaces-6ec4e2,2,3491,False,7.76,2.63818,50000,ByteCaskDB/PutMT/PeriodicSync/real_time/threads:4,iteration,,22664,61331.63735450064,9303.21377515002,65219.19473435469,,116686.0,1392940.0
852537d,2026-04-21T22:14:27+00:00,codespaces-6ec4e2,2,3491,False,7.76,2.63818,50000,ByteCaskDB/PutMT/PeriodicSync/real_time/threads:8,iteration,,8576,82026.67572350241,8810.943097014928,97529.24800910623,,350433.0,3008471.0
852537d,2026-04-21T22:14:27+00:00,codespaces-6ec4e2,2,3491,False,7.76,2.63818,50000,ByteCaskDB/PutMT/PeriodicSync/real_time/threads:16,iteration,,8448,157675.3397259698,7188.118016098488,101474.3334487627,,1512565.0,9532186.0
852537d,2026-04-21T22:14:27+00:00,codespaces-6ec4e2,2,3491,False,7.76,2.63818,50000,ByteCaskDB/PutMT/PeriodicSync/real_time/threads:32,iteration,,4416,154504.8333312387,7250.055253623188,207113.2618317258,,3804060.0,18992623.0
852537d,2026-04-21T22:14:27+00:00,codespaces-6ec4e2,2,3491,False,7.76,2.63818,50000,ByteCaskDB/PutMT/PeriodicSync/real_time/threads:64,iteration,,6400,311966.16687566345,5930.785156250005,205150.45154081626,,18608557.0,35625055.0
852537d,2026-04-21T22:14:27+00:00,codespaces-6ec4e2,2,3491,False,7.76,2.63818,50000,RocksDB/PutMT/PeriodicSync/real_time/threads:2,iteration,,20000,26692.364549853664,8418.845050000002,74927.79428606165,,16188.0,168279.0
852537d,2026-04-21T22:14:27+00:00,codespaces-6ec4e2,2,3491,False,7.76,2.63818,50000,RocksDB/PutMT/PeriodicSync/real_time/threads:4,iteration,,18284,55405.060982404946,8826.617370378473,72195.57074885785,,34692.0,3397174.0
852537d,2026-04-21T22:14:27+00:00,codespaces-6ec4e2,2,3491,False,7.76,2.63818,50000,RocksDB/PutMT/PeriodicSync/real_time/threads:8,iteration,,6896,75758.63761670655,9275.5633700696,105598.51987406665,,64949.0,16049675.0
852537d,2026-04-21T22:14:27+00:00,codespaces-6ec4e2,2,3491,False,7.76,2.63818,50000,RocksDB/PutMT/PeriodicSync/real_time/threads:16,iteration,,6864,179982.61931909632,11905.647435897426,88897.47277004088,,149296.0,41327994.0
852537d,2026-04-21T22:14:27+00:00,codespaces-6ec4e2,2,3491,False,7.76,2.63818,50000,RocksDB/PutMT/PeriodicSync/real_time/threads:32,iteration,,1568,400046.4980899964,20536.88520408164,79990.70146291125,,11514930.0,31411144.0
852537d,2026-04-21T22:14:27+00:00,codespaces-6ec4e2,2,3491,False,7.76,2.63818,50000,RocksDB/PutMT/PeriodicSync/real_time/threads:64,iteration,,640,1440524.8359082635,21539.76093750003,44428.25170705748,,76398047.0,126141000.0
